radio,mcc,lon,lat,range,averageSignal,radius
GSM,216,18.9632,47.4045,4453,0,1000.0
GSM,216,19.016,47.4531,1192,0,1000.0
GSM,216,19.0131,47.4668,1604,0,1000.0
GSM,216,19.0249,47.479,1711,0,1000.0
GSM,216,19.0201,47.4695,1141,0,1000.0
GSM,216,18.9077,47.4527,5526,0,1000.0
GSM,216,18.904,47.4811,2775,0,1000.0
GSM,216,18.9042,47.4715,2736,0,1000.0
GSM,216,18.9067,47.4519,5722,0,1000.0
GSM,216,18.8748,47.3892,12659,0,1000.0
GSM,216,18.9537,47.4153,2124,0,1000.0
GSM,216,18.9322,47.4433,6379,0,1000.0
GSM,216,18.9421,47.4213,3532,0,1000.0
GSM,216,19.012,47.4009,1957,0,1000.0
GSM,216,19.0963,47.4732,997,0,997.0
GSM,216,19.0877,47.4705,938,0,938.0
GSM,216,19.0985,47.4713,970,0,970.0
GSM,216,19.0956,47.4725,3122,0,1000.0
GSM,216,19.0894,47.4602,1864,0,1000.0
GSM,216,19.1155,47.4469,3744,0,1000.0
GSM,216,19.1905,47.4603,2097,0,1000.0
GSM,216,18.8964,47.4321,1716,0,1000.0
GSM,216,18.9767,47.4023,3334,0,1000.0
GSM,216,19.0254,47.3817,2068,0,1000.0
GSM,216,19.104,47.3768,26661,0,1000.0
GSM,216,19.0655,47.3783,1691,0,1000.0
GSM,216,19.0488,47.3789,2610,0,1000.0
GSM,216,18.8525,47.3825,10162,0,1000.0
GSM,216,18.9166,47.4479,1767,0,1000.0
GSM,216,18.9785,47.4562,1263,0,1000.0
GSM,216,18.9985,47.4608,1374,0,1000.0
GSM,216,19.0219,47.4727,892,0,892.0
GSM,216,18.9209,47.4511,3019,0,1000.0
GSM,216,19.0088,47.4598,1238,0,1000.0
GSM,216,19.0269,47.4779,777,0,777.0
GSM,216,18.9272,47.4443,1355,0,1000.0
GSM,216,18.9713,47.4525,1996,0,1000.0
GSM,216,18.9481,47.4517,2107,0,1000.0
GSM,216,18.9872,47.4555,1420,0,1000.0
GSM,216,19.0275,47.4843,1091,0,1000.0
GSM,216,19.0231,47.4875,780,0,780.0
GSM,216,19.0245,47.5081,692,0,692.0
GSM,216,19.0401,47.5174,1572,0,1000.0
GSM,216,19.0385,47.5067,2730,0,1000.0
GSM,216,19.0396,47.5123,773,0,773.0
GSM,216,19.0757,47.5565,1157,0,1000.0
GSM,216,19.0824,47.5854,986,0,986.0
GSM,216,19.0646,47.5336,1249,0,1000.0
GSM,216,19.0645,47.5342,1290,0,1000.0
GSM,216,19.0667,47.5356,1119,0,1000.0
GSM,216,19.1104,47.6165,1213,0,1000.0
GSM,216,19.0966,47.5919,7291,0,1000.0
GSM,216,19.1004,47.6137,8857,0,1000.0
GSM,216,19.0967,47.6063,1423,0,1000.0
GSM,216,19.0899,47.599,2020,0,1000.0
GSM,216,19.0963,47.5961,5459,0,1000.0
GSM,216,19.0867,47.5929,1318,0,1000.0
GSM,216,19.0831,47.5837,1405,0,1000.0
GSM,216,19.1047,47.6114,2134,0,1000.0
GSM,216,19.0797,47.5697,1441,0,1000.0
GSM,216,19.0771,47.5594,1277,0,1000.0
GSM,216,19.0736,47.5481,500,0,500.0
GSM,216,19.074,47.5495,832,0,832.0
GSM,216,19.0772,47.5475,946,0,946.0
GSM,216,19.0639,47.5327,1190,0,1000.0
GSM,216,19.069,47.5253,1568,0,1000.0
GSM,216,19.0289,47.4977,946,0,946.0
GSM,216,18.9352,47.4514,2165,0,1000.0
GSM,216,18.9311,47.42,1913,0,1000.0
GSM,216,18.9705,47.4029,2271,0,1000.0
GSM,216,19.2614,47.4334,6158,0,1000.0
GSM,216,19.2624,47.425,2453,0,1000.0
GSM,216,19.1444,47.587,1828,0,1000.0
GSM,216,19.1618,47.5709,2718,0,1000.0
GSM,216,19.1322,47.6011,3580,0,1000.0
GSM,216,19.1537,47.5725,2753,0,1000.0
GSM,216,19.0963,47.6085,1156,0,1000.0
GSM,216,19.1041,47.604,2337,0,1000.0
GSM,216,19.0963,47.6053,1559,0,1000.0
GSM,216,19.1122,47.6028,2270,0,1000.0
GSM,216,18.9413,47.4212,1190,0,1000.0
GSM,216,18.9413,47.5238,20494,0,1000.0
GSM,216,18.9384,47.3718,1001,0,1000.0
GSM,216,19.0845,47.3986,3386,0,1000.0
GSM,216,18.9598,47.4534,1182,0,1000.0
GSM,216,18.9672,47.4542,1690,0,1000.0
GSM,216,18.9715,47.4558,3521,0,1000.0
GSM,216,18.9691,47.4552,2401,0,1000.0
GSM,216,18.975,47.4554,1088,0,1000.0
GSM,216,18.9755,47.4556,1490,0,1000.0
GSM,216,18.9594,47.4526,1272,0,1000.0
GSM,216,18.9214,47.4476,6481,0,1000.0
GSM,216,18.9631,47.453,1093,0,1000.0
GSM,216,18.9679,47.4546,1623,0,1000.0
GSM,216,18.9596,47.4522,1028,0,1000.0
GSM,216,19.0032,47.4622,1796,0,1000.0
GSM,216,18.9537,47.4535,1935,0,1000.0
GSM,216,18.9418,47.4528,2105,0,1000.0
GSM,216,18.9196,47.4508,1485,0,1000.0
GSM,216,18.9785,47.4567,2271,0,1000.0
GSM,216,19.025,47.5034,835,0,835.0
GSM,216,19.0285,47.4822,717,0,717.0
GSM,216,19.0284,47.5108,835,0,835.0
GSM,216,19.0241,47.5079,1000,0,1000.0
GSM,216,19.1371,47.6247,3416,0,1000.0
GSM,216,19.0909,47.6074,1741,0,1000.0
GSM,216,19.1302,47.6373,1723,0,1000.0
GSM,216,19.0812,47.5756,1296,0,1000.0
GSM,216,19.082,47.5836,813,0,813.0
GSM,216,19.1001,47.5867,3451,0,1000.0
GSM,216,19.0998,47.6056,1379,0,1000.0
GSM,216,19.1083,47.6034,2319,0,1000.0
GSM,216,19.1473,47.6409,2831,0,1000.0
GSM,216,19.12,47.6247,1492,0,1000.0
GSM,216,19.1261,47.6292,4183,0,1000.0
GSM,216,19.1286,47.6239,4026,0,1000.0
GSM,216,19.1251,47.6033,2736,0,1000.0
GSM,216,19.0901,47.5906,1982,0,1000.0
GSM,216,19.0506,47.5618,2432,0,1000.0
GSM,216,19.1059,47.4813,1346,0,1000.0
GSM,216,19.0981,47.4759,1229,0,1000.0
GSM,216,19.1058,47.47,1060,0,1000.0
GSM,216,19.045,47.4991,1037,0,1000.0
GSM,216,19.057,47.4828,1135,0,1000.0
GSM,216,19.0192,47.4697,586,0,586.0
GSM,216,19.0431,47.4917,780,0,780.0
GSM,216,19.0532,47.4833,847,0,847.0
GSM,216,19.0276,47.4999,531,0,531.0
GSM,216,19.0382,47.5071,2578,0,1000.0
GSM,216,19.0432,47.4958,1500,0,1000.0
GSM,216,19.0248,47.502,857,0,857.0
GSM,216,19.0279,47.4993,1027,0,1000.0
GSM,216,19.0292,47.5003,997,0,997.0
GSM,216,19.0303,47.4818,967,0,967.0
GSM,216,19.0149,47.403,1854,0,1000.0
GSM,216,19.0084,47.3914,2813,0,1000.0
GSM,216,19.1896,47.3577,10857,0,1000.0
GSM,216,18.9939,47.4502,1707,0,1000.0
GSM,216,19.024,47.4882,649,0,649.0
GSM,216,19.0269,47.4821,782,0,782.0
GSM,216,19.0534,47.5338,2721,0,1000.0
GSM,216,19.0518,47.4944,950,0,950.0
GSM,216,19.0499,47.5218,957,0,957.0
GSM,216,19.0437,47.5153,756,0,756.0
GSM,216,19.0599,47.5358,821,0,821.0
GSM,216,19.0906,47.6077,5929,0,1000.0
GSM,216,19.0721,47.5562,1772,0,1000.0
GSM,216,19.0438,47.5341,1480,0,1000.0
GSM,216,19.0389,47.5293,841,0,841.0
GSM,216,19.0608,47.5334,946,0,946.0
GSM,216,19.061,47.5364,1093,0,1000.0
GSM,216,19.0368,47.5311,977,0,977.0
GSM,216,19.0427,47.5316,971,0,971.0
GSM,216,19.041,47.5212,1009,0,1000.0
GSM,216,19.0366,47.5272,1000,0,1000.0
GSM,216,19.042,47.5303,1273,0,1000.0
GSM,216,19.0375,47.5334,1284,0,1000.0
GSM,216,19.0276,47.5204,5719,0,1000.0
GSM,216,19.0332,47.5276,1395,0,1000.0
GSM,216,19.0421,47.5174,5428,0,1000.0
GSM,216,19.0411,47.5119,880,0,880.0
GSM,216,19.0386,47.5055,817,0,817.0
GSM,216,19.0648,47.4569,2490,0,1000.0
GSM,216,18.9809,47.4568,1743,0,1000.0
GSM,216,18.9767,47.4567,2987,0,1000.0
GSM,216,19.0988,47.6061,1927,0,1000.0
GSM,216,19.1047,47.6074,777,0,777.0
GSM,216,18.9987,47.4608,1241,0,1000.0
GSM,216,19.0528,47.4752,7033,0,1000.0
GSM,216,19.0603,47.4756,7422,0,1000.0
GSM,216,19.0588,47.4798,7039,0,1000.0
GSM,216,19.0157,47.3883,1917,0,1000.0
GSM,216,19.1666,47.3646,4131,0,1000.0
GSM,216,19.028,47.3824,1118,0,1000.0
GSM,216,19.0566,47.4922,777,0,777.0
GSM,216,18.9854,47.3937,2183,0,1000.0
GSM,216,19.3488,47.4045,3201,0,1000.0
GSM,216,19.1245,47.5512,2670,0,1000.0
GSM,216,19.0686,47.6403,2713,0,1000.0
GSM,216,19.0716,47.6203,4430,0,1000.0
GSM,216,19.0684,47.6062,1628,0,1000.0
GSM,216,19.0225,47.5603,3700,0,1000.0
GSM,216,19.0484,47.5637,925,0,925.0
GSM,216,18.8862,47.4194,2149,0,1000.0
GSM,216,18.8791,47.414,2830,0,1000.0
GSM,216,18.9133,47.4463,3124,0,1000.0
GSM,216,19.0134,47.5099,882,0,882.0
GSM,216,18.8758,47.6172,3370,0,1000.0
GSM,216,18.9116,47.5764,5554,0,1000.0
GSM,216,18.8935,47.6229,2057,0,1000.0
GSM,216,19.2796,47.6038,3304,0,1000.0
GSM,216,19.0044,47.5188,1040,0,1000.0
GSM,216,19.0367,47.5286,4521,0,1000.0
GSM,216,19.0213,47.5307,968,0,968.0
GSM,216,18.9993,47.5172,1708,0,1000.0
GSM,216,18.9839,47.5226,1387,0,1000.0
GSM,216,18.9915,47.5259,904,0,904.0
GSM,216,18.9989,47.5167,507,0,507.0
GSM,216,19.1003,47.5472,1563,0,1000.0
GSM,216,19.0797,47.5446,801,0,801.0
GSM,216,19.083,47.5376,792,0,792.0
GSM,216,19.0837,47.5373,672,0,672.0
GSM,216,19.0788,47.5269,1090,0,1000.0
GSM,216,19.0677,47.5208,637,0,637.0
GSM,216,19.0686,47.5222,886,0,886.0
GSM,216,19.0655,47.5196,666,0,666.0
GSM,216,18.8861,47.5884,7891,0,1000.0
GSM,216,19.1223,47.5498,1352,0,1000.0
GSM,216,18.9077,47.4479,2128,0,1000.0
GSM,216,19.0051,47.4542,28500,0,1000.0
GSM,216,19.0516,47.5132,966,0,966.0
GSM,216,19.045,47.5098,651,0,651.0
GSM,216,19.0007,47.5219,1257,0,1000.0
GSM,216,18.9965,47.5259,2193,0,1000.0
GSM,216,18.9855,47.5265,1983,0,1000.0
GSM,216,19.0087,47.5243,4022,0,1000.0
GSM,216,19.0083,47.5291,1083,0,1000.0
GSM,216,19.0608,47.536,1590,0,1000.0
GSM,216,18.9409,47.5352,1341,0,1000.0
GSM,216,18.9389,47.5395,3847,0,1000.0
GSM,216,19.0526,47.5378,1000,0,1000.0
GSM,216,19.0404,47.5013,1169,0,1000.0
GSM,216,19.0362,47.5052,6167,0,1000.0
GSM,216,19.0483,47.5148,1081,0,1000.0
GSM,216,18.9888,47.5269,1672,0,1000.0
GSM,216,19.121,47.55,4059,0,1000.0
GSM,216,19.1209,47.5962,2655,0,1000.0
GSM,216,18.9455,47.5172,2388,0,1000.0
GSM,216,18.9381,47.5261,1461,0,1000.0
GSM,216,19.1278,47.4279,716,0,716.0
GSM,216,18.966,47.5293,2538,0,1000.0
GSM,216,19.0056,47.5175,721,0,721.0
GSM,216,19.0068,47.519,680,0,680.0
GSM,216,18.9827,47.5308,1465,0,1000.0
GSM,216,18.9737,47.5248,2808,0,1000.0
GSM,216,18.943,47.5333,2998,0,1000.0
GSM,216,18.9937,47.5222,1473,0,1000.0
GSM,216,18.9833,47.5328,1587,0,1000.0
GSM,216,18.943,47.5188,2611,0,1000.0
GSM,216,18.9435,47.4985,2842,0,1000.0
GSM,216,19.1402,47.4317,3266,0,1000.0
GSM,216,19.0553,47.5289,924,0,924.0
GSM,216,19.0778,47.5262,1078,0,1000.0
GSM,216,19.0277,47.4958,6459,0,1000.0
GSM,216,19.0225,47.4993,1426,0,1000.0
GSM,216,19.0167,47.5094,5211,0,1000.0
GSM,216,19.0448,47.4774,661,0,661.0
GSM,216,19.0697,47.4879,779,0,779.0
GSM,216,19.0694,47.491,742,0,742.0
GSM,216,19.059,47.4889,1496,0,1000.0
GSM,216,19.0592,47.4916,718,0,718.0
GSM,216,19.0551,47.4938,1164,0,1000.0
GSM,216,19.0606,47.5029,6012,0,1000.0
GSM,216,19.0549,47.4984,681,0,681.0
GSM,216,19.0565,47.5035,5941,0,1000.0
GSM,216,19.0571,47.5024,6233,0,1000.0
GSM,216,19.0496,47.4711,762,0,762.0
GSM,216,19.1125,47.5422,1862,0,1000.0
GSM,216,19.1097,47.5403,842,0,842.0
GSM,216,19.087,47.5389,2415,0,1000.0
GSM,216,19.053,47.5377,1044,0,1000.0
GSM,216,19.0315,47.5284,743,0,743.0
GSM,216,19.0282,47.5289,874,0,874.0
GSM,216,18.9964,47.5269,1175,0,1000.0
GSM,216,19.0553,47.5218,1822,0,1000.0
GSM,216,18.9598,47.5614,5276,0,1000.0
GSM,216,18.9543,47.5448,2742,0,1000.0
GSM,216,18.9545,47.5422,2641,0,1000.0
GSM,216,18.9397,47.539,3990,0,1000.0
GSM,216,18.9443,47.5377,3734,0,1000.0
GSM,216,18.9585,47.5398,1606,0,1000.0
GSM,216,18.9658,47.536,1019,0,1000.0
GSM,216,18.9817,47.526,1060,0,1000.0
GSM,216,19.0097,47.5101,675,0,675.0
GSM,216,19.0155,47.5089,1098,0,1000.0
GSM,216,19.0163,47.5072,798,0,798.0
GSM,216,19.0178,47.5082,1074,0,1000.0
GSM,216,19.0582,47.4951,762,0,762.0
GSM,216,19.0643,47.4892,778,0,778.0
GSM,216,19.0699,47.4843,1310,0,1000.0
GSM,216,19.1214,47.4474,1210,0,1000.0
GSM,216,19.0287,47.4742,756,0,756.0
GSM,216,19.0441,47.499,824,0,824.0
GSM,216,19.0561,47.4964,607,0,607.0
GSM,216,19.0726,47.529,989,0,989.0
GSM,216,19.0756,47.5293,658,0,658.0
GSM,216,19.0816,47.5252,1282,0,1000.0
GSM,216,19.0821,47.5247,1172,0,1000.0
GSM,216,19.0816,47.5227,1883,0,1000.0
GSM,216,19.0901,47.5178,1058,0,1000.0
GSM,216,19.0718,47.5152,6861,0,1000.0
GSM,216,19.0518,47.3797,1115,0,1000.0
GSM,216,19.3288,47.5006,11998,0,1000.0
GSM,216,19.3281,47.4725,1332,0,1000.0
GSM,216,19.2899,47.5225,2482,0,1000.0
GSM,216,18.945,47.5815,6567,0,1000.0
GSM,216,18.9556,47.5526,1854,0,1000.0
GSM,216,19.1274,47.4464,985,0,985.0
GSM,216,18.8925,47.4289,1532,0,1000.0
GSM,216,18.9153,47.4462,9140,0,1000.0
GSM,216,18.9486,47.4528,938,0,938.0
GSM,216,18.9985,47.472,1497,0,1000.0
GSM,216,18.9844,47.4558,4481,0,1000.0
GSM,216,18.9602,47.5976,3724,0,1000.0
GSM,216,19.1341,47.4481,957,0,957.0
GSM,216,19.2579,47.5232,3294,0,1000.0
GSM,216,19.155,47.5754,881,0,881.0
GSM,216,19.1342,47.6007,1596,0,1000.0
GSM,216,19.1655,47.6192,2054,0,1000.0
GSM,216,19.1646,47.6461,2569,0,1000.0
GSM,216,19.1458,47.6072,2957,0,1000.0
GSM,216,19.2016,47.5467,3300,0,1000.0
GSM,216,18.8646,47.3994,2427,0,1000.0
GSM,216,19.1291,47.4476,1395,0,1000.0
GSM,216,19.089,47.5199,991,0,991.0
GSM,216,19.0975,47.4401,852,0,852.0
GSM,216,19.094,47.4413,1039,0,1000.0
GSM,216,19.1552,47.5807,1428,0,1000.0
GSM,216,19.2225,47.5976,5565,0,1000.0
GSM,216,19.0578,47.6019,1230,0,1000.0
GSM,216,19.0578,47.5959,1709,0,1000.0
GSM,216,19.0474,47.5829,1732,0,1000.0
GSM,216,19.0482,47.5776,6132,0,1000.0
GSM,216,19.0475,47.555,758,0,758.0
GSM,216,19.0462,47.5497,1334,0,1000.0
GSM,216,19.0436,47.5685,2337,0,1000.0
GSM,216,19.0518,47.5809,1374,0,1000.0
GSM,216,19.0501,47.5864,1517,0,1000.0
GSM,216,19.0833,47.6099,1377,0,1000.0
GSM,216,19.1611,47.4636,3144,0,1000.0
GSM,216,19.1315,47.4656,1074,0,1000.0
GSM,216,19.1293,47.4652,2474,0,1000.0
GSM,216,18.9498,47.4533,1115,0,1000.0
GSM,216,19.0546,47.595,1594,0,1000.0
GSM,216,19.0637,47.5904,1075,0,1000.0
GSM,216,19.1185,47.4496,1486,0,1000.0
GSM,216,19.0755,47.5513,1646,0,1000.0
GSM,216,19.0839,47.51,668,0,668.0
GSM,216,19.0817,47.5075,698,0,698.0
GSM,216,19.0612,47.4893,500,0,500.0
GSM,216,19.0606,47.4882,1009,0,1000.0
GSM,216,18.984,47.5289,1545,0,1000.0
GSM,216,19.1508,47.4622,2165,0,1000.0
GSM,216,19.1427,47.4658,1047,0,1000.0
GSM,216,19.1344,47.5621,3349,0,1000.0
GSM,216,19.0466,47.4955,9015,0,1000.0
GSM,216,18.893,47.4293,1880,0,1000.0
GSM,216,19.0144,47.5089,866,0,866.0
GSM,216,18.9782,47.5307,1984,0,1000.0
GSM,216,19.0729,47.4887,500,0,500.0
GSM,216,18.8672,47.4644,8426,0,1000.0
GSM,216,18.8848,47.4519,2113,0,1000.0
GSM,216,19.0252,47.4935,742,0,742.0
GSM,216,19.0342,47.492,1311,0,1000.0
GSM,216,19.023,47.4887,656,0,656.0
GSM,216,19.113,47.5416,1663,0,1000.0
GSM,216,19.1018,47.5326,745,0,745.0
GSM,216,19.1128,47.5426,1726,0,1000.0
GSM,216,19.1311,47.5563,1336,0,1000.0
GSM,216,19.1131,47.5433,2304,0,1000.0
GSM,216,19.1273,47.5534,863,0,863.0
GSM,216,19.144,47.5652,1554,0,1000.0
GSM,216,19.0952,47.5245,1063,0,1000.0
GSM,216,19.0947,47.5231,1685,0,1000.0
GSM,216,19.0871,47.5227,2495,0,1000.0
GSM,216,19.0921,47.5213,835,0,835.0
GSM,216,18.9166,47.4439,2095,0,1000.0
GSM,216,18.9011,47.44,1998,0,1000.0
GSM,216,18.9224,47.5581,1272,0,1000.0
GSM,216,19.0868,47.605,2026,0,1000.0
GSM,216,19.0544,47.5941,999,0,999.0
GSM,216,19.0935,47.4494,1521,0,1000.0
GSM,216,18.8768,47.4136,9101,0,1000.0
GSM,216,19.0778,47.4648,1285,0,1000.0
GSM,216,19.0629,47.4729,4021,0,1000.0
GSM,216,19.0587,47.4685,959,0,959.0
GSM,216,19.0247,47.5523,816,0,816.0
GSM,216,19.0012,47.5788,3595,0,1000.0
GSM,216,19.0207,47.5593,1528,0,1000.0
GSM,216,19.0453,47.5489,2293,0,1000.0
GSM,216,19.0457,47.5413,1136,0,1000.0
GSM,216,18.9256,47.452,1109,0,1000.0
GSM,216,19.0485,47.538,900,0,900.0
GSM,216,19.043,47.5471,1137,0,1000.0
GSM,216,19.0418,47.4973,1334,0,1000.0
GSM,216,19.0443,47.499,1951,0,1000.0
GSM,216,19.0407,47.5225,1178,0,1000.0
GSM,216,19.0385,47.5301,837,0,837.0
GSM,216,19.0425,47.522,1781,0,1000.0
GSM,216,19.0704,47.6177,1825,0,1000.0
GSM,216,19.048,47.5644,1379,0,1000.0
GSM,216,19.0435,47.5251,871,0,871.0
GSM,216,19.042,47.5148,1000,0,1000.0
GSM,216,19.098,47.4438,814,0,814.0
GSM,216,18.9881,47.524,1001,0,1000.0
GSM,216,18.9577,47.5617,2745,0,1000.0
GSM,216,18.9648,47.5353,1466,0,1000.0
GSM,216,18.9665,47.5359,794,0,794.0
GSM,216,18.9662,47.5364,649,0,649.0
GSM,216,18.9673,47.5373,1472,0,1000.0
GSM,216,19.0249,47.4896,587,0,587.0
GSM,216,19.0079,47.5114,1109,0,1000.0
GSM,216,18.9947,47.5187,706,0,706.0
GSM,216,19.022,47.5071,691,0,691.0
GSM,216,18.9806,47.5271,832,0,832.0
GSM,216,18.9928,47.5196,1246,0,1000.0
GSM,216,19.0229,47.5036,1696,0,1000.0
GSM,216,18.9625,47.549,3784,0,1000.0
GSM,216,19.0268,47.4871,725,0,725.0
GSM,216,19.0007,47.5151,1000,0,1000.0
GSM,216,19.1127,47.6032,1145,0,1000.0
GSM,216,19.0672,47.6061,2408,0,1000.0
GSM,216,19.0458,47.5335,1434,0,1000.0
GSM,216,19.1685,47.6305,1441,0,1000.0
GSM,216,19.1679,47.6345,2998,0,1000.0
GSM,216,19.0478,47.5348,703,0,703.0
GSM,216,19.0464,47.5423,706,0,706.0
GSM,216,18.8967,47.423,1451,0,1000.0
GSM,216,18.915,47.4478,1481,0,1000.0
GSM,216,19.2332,47.4342,3011,0,1000.0
GSM,216,19.1166,47.4631,1204,0,1000.0
GSM,216,19.1493,47.4632,1759,0,1000.0
GSM,216,19.0303,47.5087,776,0,776.0
GSM,216,19.0301,47.509,1000,0,1000.0
GSM,216,19.0372,47.5068,805,0,805.0
GSM,216,19.0381,47.5092,1798,0,1000.0
GSM,216,19.0358,47.5074,2955,0,1000.0
GSM,216,19.0383,47.5103,1268,0,1000.0
GSM,216,19.0725,47.6113,1230,0,1000.0
GSM,216,19.0494,47.4905,759,0,759.0
GSM,216,19.0833,47.4602,1707,0,1000.0
GSM,216,19.1642,47.6456,2052,0,1000.0
GSM,216,19.1692,47.6294,2199,0,1000.0
GSM,216,19.0531,47.5796,1191,0,1000.0
GSM,216,18.9184,47.4485,2274,0,1000.0
GSM,216,19.0396,47.5583,1944,0,1000.0
GSM,216,19.0308,47.411,3005,0,1000.0
GSM,216,19.0924,47.4493,940,0,940.0
GSM,216,19.0642,47.6061,1946,0,1000.0
GSM,216,18.8761,47.458,3876,0,1000.0
GSM,216,19.2878,47.4916,7205,0,1000.0
GSM,216,19.3164,47.4643,1000,0,1000.0
GSM,216,19.0313,47.4915,663,0,663.0
GSM,216,19.0303,47.4886,796,0,796.0
GSM,216,19.0466,47.4912,674,0,674.0
GSM,216,19.0677,47.4969,1237,0,1000.0
GSM,216,19.061,47.4916,540,0,540.0
GSM,216,19.0684,47.4966,828,0,828.0
GSM,216,19.0791,47.4992,969,0,969.0
GSM,216,19.0831,47.5008,1216,0,1000.0
GSM,216,19.0837,47.5014,1299,0,1000.0
GSM,216,19.17,47.6211,3862,0,1000.0
GSM,216,19.0827,47.501,1213,0,1000.0
GSM,216,19.0538,47.4928,2242,0,1000.0
GSM,216,19.056,47.493,1299,0,1000.0
GSM,216,19.049,47.4909,510,0,510.0
GSM,216,19.0295,47.4734,1070,0,1000.0
GSM,216,19.3011,47.4081,3852,0,1000.0
GSM,216,19.305,47.4724,1067,0,1000.0
GSM,216,19.1457,47.5861,3890,0,1000.0
GSM,216,18.9619,47.4049,7312,0,1000.0
GSM,216,19.2795,47.51,1358,0,1000.0
GSM,216,19.2739,47.5167,5697,0,1000.0
GSM,216,19.2892,47.5124,4510,0,1000.0
GSM,216,19.2568,47.521,2122,0,1000.0
GSM,216,19.298,47.4997,1952,0,1000.0
GSM,216,19.2821,47.5096,1579,0,1000.0
GSM,216,19.1934,47.5497,3614,0,1000.0
GSM,216,19.1491,47.5623,2034,0,1000.0
GSM,216,19.2706,47.419,1691,0,1000.0
GSM,216,18.9481,47.4556,7568,0,1000.0
GSM,216,19.0572,47.5007,538,0,538.0
GSM,216,19.1494,47.6029,2567,0,1000.0
GSM,216,19.1887,47.5836,3269,0,1000.0
GSM,216,19.0714,47.5118,925,0,925.0
GSM,216,19.076,47.5132,882,0,882.0
GSM,216,19.0644,47.5046,500,0,500.0
GSM,216,19.0609,47.5065,916,0,916.0
GSM,216,19.0716,47.5003,611,0,611.0
GSM,216,19.1499,47.6026,1815,0,1000.0
GSM,216,19.0947,47.5272,1945,0,1000.0
GSM,216,19.0461,47.5006,1251,0,1000.0
GSM,216,19.0479,47.4962,694,0,694.0
GSM,216,19.0359,47.5061,1197,0,1000.0
GSM,216,19.0496,47.5319,1043,0,1000.0
GSM,216,19.0421,47.524,1744,0,1000.0
GSM,216,19.0435,47.553,3211,0,1000.0
GSM,216,19.0462,47.5503,2191,0,1000.0
GSM,216,19.0429,47.5499,1310,0,1000.0
GSM,216,19.0409,47.5122,756,0,756.0
GSM,216,19.0676,47.4784,906,0,906.0
GSM,216,19.0687,47.4826,540,0,540.0
GSM,216,19.0674,47.4784,905,0,905.0
GSM,216,19.043,47.478,778,0,778.0
GSM,216,19.0423,47.4765,600,0,600.0
GSM,216,19.0591,47.4883,818,0,818.0
GSM,216,19.0524,47.4822,698,0,698.0
GSM,216,19.0555,47.4971,745,0,745.0
GSM,216,19.0579,47.4853,563,0,563.0
GSM,216,19.0536,47.4982,517,0,517.0
GSM,216,18.9145,47.445,2703,0,1000.0
GSM,216,19.0358,47.4956,602,0,602.0
GSM,216,19.099,47.371,3750,0,1000.0
GSM,216,19.0245,47.5086,1009,0,1000.0
GSM,216,19.0347,47.4973,924,0,924.0
GSM,216,19.0248,47.4931,658,0,658.0
GSM,216,19.0285,47.4983,3984,0,1000.0
GSM,216,19.0409,47.4997,1493,0,1000.0
GSM,216,18.9553,47.3751,5404,0,1000.0
GSM,216,18.9753,47.5307,1635,0,1000.0
GSM,216,18.8992,47.436,2138,0,1000.0
GSM,216,19.0656,47.466,3418,0,1000.0
GSM,216,19.0918,47.4794,934,0,934.0
GSM,216,19.2443,47.526,2741,0,1000.0
GSM,216,19.0959,47.4803,1006,0,1000.0
GSM,216,19.0684,47.4849,958,0,958.0
GSM,216,19.0713,47.4858,574,0,574.0
GSM,216,19.0374,47.4948,753,0,753.0
GSM,216,19.3393,47.4592,3545,0,1000.0
GSM,216,19.3145,47.4886,6178,0,1000.0
GSM,216,19.3235,47.468,928,0,928.0
GSM,216,18.994,47.4711,1300,0,1000.0
GSM,216,19.0318,47.5475,2434,0,1000.0
GSM,216,19.0485,47.5587,2562,0,1000.0
GSM,216,19.0466,47.5582,1616,0,1000.0
GSM,216,19.0246,47.5597,2144,0,1000.0
GSM,216,19.0301,47.5446,1487,0,1000.0
GSM,216,19.0578,47.5619,2987,0,1000.0
GSM,216,19.0456,47.5572,1754,0,1000.0
GSM,216,19.0504,47.5601,846,0,846.0
GSM,216,18.9559,47.6341,5171,0,1000.0
GSM,216,19.0713,47.5932,2397,0,1000.0
GSM,216,19.0497,47.5719,2920,0,1000.0
GSM,216,19.0241,47.5561,878,0,878.0
GSM,216,19.082,47.4495,3351,0,1000.0
GSM,216,19.2092,47.5415,1731,0,1000.0
GSM,216,19.0595,47.5957,871,0,871.0
GSM,216,18.9444,47.6067,5343,0,1000.0
GSM,216,19.185,47.5346,1949,0,1000.0
GSM,216,19.1881,47.5453,1695,0,1000.0
GSM,216,19.1938,47.5476,1172,0,1000.0
GSM,216,19.1708,47.5299,1182,0,1000.0
GSM,216,19.1964,47.5492,4638,0,1000.0
GSM,216,18.9167,47.4469,2919,0,1000.0
GSM,216,18.9562,47.4606,1934,0,1000.0
GSM,216,18.8885,47.4638,1726,0,1000.0
GSM,216,19.0408,47.5048,704,0,704.0
GSM,216,19.2178,47.442,3609,0,1000.0
GSM,216,19.1704,47.4577,1516,0,1000.0
GSM,216,19.1708,47.4626,1929,0,1000.0
GSM,216,19.1774,47.4668,1956,0,1000.0
GSM,216,19.1527,47.4627,999,0,999.0
GSM,216,19.1677,47.4736,1675,0,1000.0
GSM,216,19.1624,47.4612,1141,0,1000.0
GSM,216,19.1624,47.4634,1552,0,1000.0
GSM,216,19.3077,47.4566,5103,0,1000.0
GSM,216,19.2513,47.4286,2941,0,1000.0
GSM,216,19.2618,47.4302,1343,0,1000.0
GSM,216,19.2205,47.441,4519,0,1000.0
GSM,216,19.3078,47.4752,2348,0,1000.0
GSM,216,19.0429,47.5189,604,0,604.0
GSM,216,18.9856,47.5371,1888,0,1000.0
GSM,216,19.0782,47.4642,4574,0,1000.0
GSM,216,19.0576,47.6006,2051,0,1000.0
GSM,216,19.0637,47.5839,668,0,668.0
GSM,216,19.1059,47.475,956,0,956.0
GSM,216,19.0709,47.6323,1466,0,1000.0
GSM,216,19.0473,47.538,1000,0,1000.0
GSM,216,19.0725,47.6007,3435,0,1000.0
GSM,216,19.0547,47.5352,921,0,921.0
LTE,216,18.8747,47.4639,941,0,941.0
GSM,216,19.0489,47.5559,1800,0,1000.0
GSM,216,19.1388,47.5267,1373,0,1000.0
LTE,216,18.9607,47.4459,1244,0,1000.0
GSM,216,19.0639,47.5921,1447,0,1000.0
GSM,216,19.0588,47.5994,2300,0,1000.0
GSM,216,19.0769,47.464,1249,0,1000.0
GSM,216,19.106,47.4734,776,0,776.0
GSM,216,19.0555,47.4975,500,0,500.0
GSM,216,19.0979,47.4806,1418,0,1000.0
GSM,216,19.1125,47.4775,1455,0,1000.0
GSM,216,19.0619,47.5058,5711,0,1000.0
GSM,216,19.0878,47.4901,1111,0,1000.0
GSM,216,19.0619,47.4969,500,0,500.0
GSM,216,19.1262,47.4734,2366,0,1000.0
GSM,216,19.12,47.4734,1075,0,1000.0
GSM,216,19.1137,47.4566,2033,0,1000.0
GSM,216,19.0569,47.5801,1042,0,1000.0
GSM,216,19.0431,47.5051,1161,0,1000.0
GSM,216,19.0694,47.4971,1130,0,1000.0
GSM,216,19.0906,47.481,1446,0,1000.0
GSM,216,19.0689,47.4984,703,0,703.0
GSM,216,19.0714,47.4893,757,0,757.0
GSM,216,19.1341,47.6264,5529,0,1000.0
GSM,216,19.0648,47.6064,1492,0,1000.0
GSM,216,19.0685,47.628,1796,0,1000.0
GSM,216,19.0432,47.5492,1129,0,1000.0
GSM,216,19.1538,47.6493,3355,0,1000.0
GSM,216,19.0818,47.5288,1131,0,1000.0
GSM,216,19.07,47.5237,3022,0,1000.0
GSM,216,19.0591,47.6001,1308,0,1000.0
GSM,216,19.0685,47.6282,1820,0,1000.0
GSM,216,19.0654,47.6396,2729,0,1000.0
GSM,216,19.0441,47.5397,777,0,777.0
GSM,216,19.04,47.5484,892,0,892.0
GSM,216,19.0312,47.5434,894,0,894.0
GSM,216,19.0416,47.547,1645,0,1000.0
GSM,216,19.1297,47.5567,1111,0,1000.0
GSM,216,19.1331,47.5577,2195,0,1000.0
GSM,216,19.1182,47.5887,3064,0,1000.0
GSM,216,19.1456,47.541,3615,0,1000.0
GSM,216,19.1081,47.5624,1690,0,1000.0
GSM,216,19.1289,47.5366,2271,0,1000.0
GSM,216,19.1092,47.5349,724,0,724.0
GSM,216,19.1349,47.5427,957,0,957.0
GSM,216,19.1199,47.5301,7895,0,1000.0
GSM,216,19.1275,47.5419,1100,0,1000.0
GSM,216,19.1205,47.5418,2239,0,1000.0
GSM,216,19.0211,47.4694,1061,0,1000.0
GSM,216,19.034,47.4762,748,0,748.0
GSM,216,19.0201,47.469,1328,0,1000.0
GSM,216,19.2646,47.4264,6325,0,1000.0
GSM,216,19.064,47.5287,921,0,921.0
GSM,216,19.0447,47.5392,716,0,716.0
GSM,216,19.0614,47.5236,1970,0,1000.0
GSM,216,18.9788,47.518,21475,0,1000.0
GSM,216,19.0176,47.5172,1175,0,1000.0
GSM,216,19.01,47.5175,1326,0,1000.0
GSM,216,19.0479,47.4987,692,0,692.0
GSM,216,19.0182,47.5081,825,0,825.0
GSM,216,19.0254,47.5081,669,0,669.0
GSM,216,18.8869,47.4251,2823,0,1000.0
GSM,216,19.0256,47.535,4470,0,1000.0
GSM,216,18.9743,47.5359,1588,0,1000.0
GSM,216,18.9888,47.545,6472,0,1000.0
GSM,216,19.0017,47.5368,5767,0,1000.0
GSM,216,19.0888,47.4804,763,0,763.0
GSM,216,19.074,47.4825,1139,0,1000.0
GSM,216,19.0637,47.4867,805,0,805.0
GSM,216,19.103,47.4678,1278,0,1000.0
GSM,216,19.1202,47.4676,941,0,941.0
GSM,216,19.111,47.4693,1355,0,1000.0
GSM,216,19.0901,47.4803,936,0,936.0
GSM,216,19.0659,47.4819,924,0,924.0
GSM,216,19.0641,47.4889,925,0,925.0
GSM,216,19.1122,47.4706,1323,0,1000.0
GSM,216,19.0251,47.4887,688,0,688.0
GSM,216,18.9843,47.5328,6127,0,1000.0
GSM,216,18.9826,47.5105,5053,0,1000.0
GSM,216,19.0022,47.4955,6506,0,1000.0
GSM,216,19.134,47.4486,13635,0,1000.0
GSM,216,18.9192,47.5568,5385,0,1000.0
GSM,216,18.943,47.4972,7357,0,1000.0
GSM,216,19.0312,47.542,1499,0,1000.0
GSM,216,19.0357,47.5106,717,0,717.0
GSM,216,19.0332,47.5112,537,0,537.0
GSM,216,19.0639,47.4903,893,0,893.0
GSM,216,19.0647,47.4905,555,0,555.0
GSM,216,19.0765,47.486,500,0,500.0
GSM,216,19.0849,47.4876,2078,0,1000.0
GSM,216,19.0562,47.5257,1406,0,1000.0
GSM,216,19.0512,47.5193,728,0,728.0
GSM,216,19.0269,47.5129,1283,0,1000.0
GSM,216,19.0597,47.5244,1537,0,1000.0
GSM,216,19.0278,47.5099,610,0,610.0
GSM,216,19.0827,47.4857,1187,0,1000.0
GSM,216,19.0645,47.4978,572,0,572.0
GSM,216,19.0547,47.5321,1167,0,1000.0
GSM,216,19.0707,47.4878,9014,0,1000.0
GSM,216,19.0298,47.6456,5044,0,1000.0
LTE,216,19.0089,47.5106,718,0,718.0
GSM,216,19.0689,47.4988,785,0,785.0
GSM,216,19.0702,47.495,768,0,768.0
GSM,216,19.0628,47.4951,865,0,865.0
GSM,216,19.0653,47.5025,500,0,500.0
GSM,216,19.0639,47.4954,671,0,671.0
GSM,216,19.0071,47.49,1039,0,1000.0
GSM,216,19.0166,47.4989,2441,0,1000.0
GSM,216,19.0676,47.4887,500,0,500.0
GSM,216,19.0654,47.4904,685,0,685.0
GSM,216,19.0681,47.4889,1741,0,1000.0
GSM,216,19.0631,47.4903,632,0,632.0
GSM,216,19.0647,47.4955,500,0,500.0
GSM,216,19.0503,47.4733,708,0,708.0
GSM,216,19.0536,47.4854,1051,0,1000.0
GSM,216,19.0615,47.4914,500,0,500.0
GSM,216,19.0298,47.5002,545,0,545.0
GSM,216,19.035,47.5117,2107,0,1000.0
GSM,216,19.0371,47.5128,634,0,634.0
GSM,216,19.0421,47.5282,812,0,812.0
GSM,216,19.0399,47.5308,1437,0,1000.0
GSM,216,19.0387,47.5321,578,0,578.0
GSM,216,19.0992,47.5392,1389,0,1000.0
GSM,216,19.089,47.5057,702,0,702.0
GSM,216,19.1215,47.4786,1198,0,1000.0
GSM,216,19.0725,47.4895,613,0,613.0
GSM,216,19.0715,47.4904,668,0,668.0
GSM,216,19.0756,47.4832,885,0,885.0
GSM,216,19.0765,47.4843,971,0,971.0
GSM,216,19.0705,47.4866,678,0,678.0
GSM,216,19.0136,47.5094,1273,0,1000.0
GSM,216,19.086,47.5031,644,0,644.0
GSM,216,19.0531,47.4749,7070,0,1000.0
GSM,216,19.0442,47.5404,792,0,792.0
GSM,216,19.0702,47.4842,551,0,551.0
GSM,216,19.0907,47.4787,991,0,991.0
GSM,216,19.1098,47.4708,1321,0,1000.0
GSM,216,19.1295,47.4524,567,0,567.0
LTE,216,19.1361,47.6477,1000,0,1000.0
GSM,216,19.0347,47.5277,1097,0,1000.0
GSM,216,19.2483,47.4257,1906,0,1000.0
GSM,216,19.1518,47.457,2525,0,1000.0
GSM,216,19.0819,47.5219,933,0,933.0
GSM,216,19.0755,47.5269,1214,0,1000.0
GSM,216,19.0757,47.538,1133,0,1000.0
GSM,216,19.0811,47.5379,894,0,894.0
GSM,216,19.1566,47.6086,2980,0,1000.0
GSM,216,19.0803,47.532,935,0,935.0
GSM,216,19.1154,47.5488,2416,0,1000.0
GSM,216,19.0587,47.5792,965,0,965.0
GSM,216,19.0882,47.485,811,0,811.0
LTE,216,19.0553,47.5003,500,0,500.0
LTE,216,19.0578,47.4938,2224,0,1000.0
LTE,216,19.0627,47.4902,500,0,500.0
LTE,216,19.0602,47.4882,3258,0,300.0
LTE,216,19.0533,47.4725,2798,0,1000.0
LTE,216,19.0568,47.5001,7765,0,300.0
GSM,216,18.9447,47.4521,1216,0,1000.0
LTE,216,18.9385,47.5168,1919,0,1000.0
LTE,216,19.0829,47.4992,660,0,660.0
GSM,216,19.0429,47.5379,762,0,762.0
GSM,216,19.1016,47.5174,6949,0,1000.0
GSM,216,19.0926,47.5211,867,0,867.0
GSM,216,18.9806,47.5273,2113,0,1000.0
LTE,216,18.8941,47.4371,2767,0,1000.0
GSM,216,19.223,47.5368,1578,0,1000.0
LTE,216,19.0499,47.4702,500,0,500.0
LTE,216,19.0557,47.4698,690,0,690.0
LTE,216,18.915,47.4521,907,0,907.0
LTE,216,18.8888,47.4331,3010,0,300.0
GSM,216,19.0638,47.6081,1200,0,1000.0
GSM,216,19.0529,47.5941,826,0,826.0
LTE,216,18.8941,47.4569,1204,0,1000.0
LTE,216,19.0427,47.529,539,0,539.0
LTE,216,19.0373,47.5324,500,0,500.0
LTE,216,19.0204,47.5076,3472,0,300.0
GSM,216,18.9899,47.5219,1000,0,1000.0
GSM,216,19.018,47.5085,3185,0,1000.0
GSM,216,19.0012,47.5181,1011,0,1000.0
GSM,216,19.0141,47.5224,500,0,500.0
GSM,216,19.0215,47.5065,818,0,818.0
GSM,216,19.0805,47.4845,1024,0,1000.0
GSM,216,19.0653,47.48,1026,0,1000.0
GSM,216,19.0726,47.4824,766,0,766.0
GSM,216,19.0224,47.5077,766,0,766.0
GSM,216,19.0272,47.4987,747,0,747.0
GSM,216,19.011,47.5102,949,0,949.0
GSM,216,19.0018,47.5154,714,0,714.0
GSM,216,18.992,47.5248,2560,0,1000.0
GSM,216,18.9911,47.5247,1853,0,1000.0
GSM,216,18.956,47.5488,2314,0,1000.0
GSM,216,18.999,47.5161,1000,0,1000.0
GSM,216,18.9894,47.522,655,0,655.0
GSM,216,19.0666,47.5085,500,0,500.0
GSM,216,19.0407,47.4783,804,0,804.0
GSM,216,19.0192,47.5068,654,0,654.0
GSM,216,19.0137,47.5091,604,0,604.0
GSM,216,19.0388,47.4905,599,0,599.0
GSM,216,19.1181,47.4819,1609,0,1000.0
GSM,216,19.0378,47.5136,2291,0,1000.0
GSM,216,19.0299,47.5119,500,0,500.0
GSM,216,19.0423,47.5168,638,0,638.0
LTE,216,19.0263,47.4729,1000,0,1000.0
LTE,216,19.0324,47.4694,5309,0,300.0
LTE,216,19.0459,47.4627,632,0,632.0
GSM,216,19.2168,47.5525,3667,0,1000.0
GSM,216,19.2527,47.5268,2600,0,1000.0
GSM,216,19.2982,47.485,5657,0,1000.0
GSM,216,19.0592,47.4787,1064,0,1000.0
GSM,216,19.0569,47.4743,881,0,881.0
GSM,216,19.0642,47.485,896,0,896.0
GSM,216,19.0712,47.4925,1723,0,1000.0
GSM,216,19.0699,47.4892,539,0,539.0
GSM,216,19.0408,47.5149,609,0,609.0
LTE,216,19.0049,47.4617,505,0,505.0
LTE,216,18.9406,47.4522,500,0,500.0
LTE,216,18.9318,47.4545,905,0,905.0
LTE,216,19.1668,47.6268,3018,0,300.0
GSM,216,19.0486,47.6267,3005,0,1000.0
GSM,216,19.1571,47.4622,1378,0,1000.0
GSM,216,18.9376,47.5464,4111,0,1000.0
GSM,216,18.9648,47.5367,693,0,693.0
GSM,216,19.0215,47.5153,1334,0,1000.0
GSM,216,19.0285,47.5116,1057,0,1000.0
GSM,216,19.0303,47.4757,1182,0,1000.0
GSM,216,19.0543,47.5663,702,0,702.0
GSM,216,18.8924,47.5269,4073,0,1000.0
GSM,216,18.9511,47.5481,13951,0,1000.0
GSM,216,19.0135,47.5142,1612,0,1000.0
GSM,216,19.0162,47.5265,3491,0,1000.0
GSM,216,19.0112,47.5176,4599,0,1000.0
GSM,216,19.0206,47.5149,1035,0,1000.0
GSM,216,19.0297,47.5072,5842,0,1000.0
GSM,216,19.0183,47.519,1048,0,1000.0
GSM,216,19.0383,47.5027,555,0,555.0
GSM,216,19.0387,47.5173,1399,0,1000.0
GSM,216,18.942,47.5456,2208,0,1000.0
GSM,216,19.0247,47.5022,525,0,525.0
GSM,216,19.0258,47.5035,1116,0,1000.0
GSM,216,19.0243,47.5025,1160,0,1000.0
GSM,216,19.0293,47.5099,970,0,970.0
GSM,216,19.1131,47.4702,1068,0,1000.0
GSM,216,19.0666,47.4738,1811,0,1000.0
GSM,216,19.0948,47.4862,1119,0,1000.0
GSM,216,19.0588,47.498,500,0,500.0
GSM,216,18.9543,47.5484,3417,0,1000.0
GSM,216,19.0134,47.5229,1745,0,1000.0
GSM,216,19.029,47.5289,4211,0,1000.0
GSM,216,19.0085,47.5196,1309,0,1000.0
GSM,216,19.0483,47.4865,5959,0,1000.0
GSM,216,19.0481,47.4781,906,0,906.0
GSM,216,19.0278,47.4822,1497,0,1000.0
GSM,216,19.054,47.4761,4941,0,1000.0
GSM,216,19.05,47.4777,6686,0,1000.0
GSM,216,19.0484,47.4776,590,0,590.0
GSM,216,18.9693,47.4539,1840,0,1000.0
GSM,216,18.9397,47.4537,1581,0,1000.0
GSM,216,19.0561,47.4943,8719,0,1000.0
GSM,216,19.0725,47.5154,6212,0,1000.0
GSM,216,19.0709,47.5109,562,0,562.0
GSM,216,19.078,47.5132,3337,0,1000.0
GSM,216,19.0731,47.5115,1942,0,1000.0
GSM,216,18.9413,47.4495,2430,0,1000.0
GSM,216,19.0065,47.4678,2344,0,1000.0
GSM,216,19.0353,47.4958,1444,0,1000.0
LTE,216,18.9043,47.4605,3923,0,300.0
LTE,216,18.9925,47.4589,837,0,837.0
GSM,216,19.0261,47.4923,599,0,599.0
GSM,216,19.1353,47.4642,1700,0,1000.0
GSM,216,19.2504,47.4812,4716,0,1000.0
GSM,216,18.993,47.5234,1425,0,1000.0
GSM,216,18.9898,47.5208,2309,0,1000.0
GSM,216,19.0118,47.5214,2861,0,1000.0
GSM,216,18.9881,47.5208,2426,0,1000.0
GSM,216,18.9977,47.5267,1087,0,1000.0
GSM,216,18.9849,47.5195,1643,0,1000.0
GSM,216,18.9921,47.5218,1281,0,1000.0
GSM,216,18.9814,47.5242,2427,0,1000.0
GSM,216,19.2329,47.4392,6710,0,1000.0
GSM,216,19.0524,47.4956,746,0,746.0
GSM,216,19.0741,47.5271,1402,0,1000.0
GSM,216,19.0469,47.4745,873,0,873.0
GSM,216,19.0705,47.4991,903,0,903.0
GSM,216,19.0718,47.489,705,0,705.0
GSM,216,19.0773,47.485,620,0,620.0
GSM,216,19.0734,47.4852,601,0,601.0
GSM,216,19.0811,47.5104,582,0,582.0
GSM,216,18.9553,47.5418,2424,0,1000.0
GSM,216,19.0432,47.5293,1238,0,1000.0
GSM,216,19.0313,47.528,550,0,550.0
GSM,216,19.0226,47.5294,742,0,742.0
GSM,216,19.0123,47.53,1646,0,1000.0
GSM,216,18.9874,47.5292,2502,0,1000.0
GSM,216,18.9874,47.5285,1530,0,1000.0
GSM,216,18.9918,47.5251,1132,0,1000.0
GSM,216,18.9927,47.5239,727,0,727.0
GSM,216,19.0295,47.5283,2070,0,1000.0
GSM,216,18.9614,47.5393,2328,0,1000.0
GSM,216,19.0852,47.506,2359,0,1000.0
GSM,216,19.0379,47.5111,939,0,939.0
GSM,216,19.0407,47.5156,1666,0,1000.0
GSM,216,19.0563,47.4755,549,0,549.0
GSM,216,19.0684,47.4822,500,0,500.0
GSM,216,19.0573,47.4764,7188,0,1000.0
GSM,216,19.0386,47.5109,1059,0,1000.0
GSM,216,19.0777,47.627,4047,0,1000.0
GSM,216,19.0399,47.5155,1363,0,1000.0
GSM,216,19.0341,47.5082,523,0,523.0
GSM,216,19.0594,47.595,1112,0,1000.0
GSM,216,19.0431,47.4989,1063,0,1000.0
LTE,216,19.0401,47.5382,1000,0,1000.0
GSM,216,19.0496,47.5243,1938,0,1000.0
GSM,216,19.0384,47.5335,854,0,854.0
LTE,216,19.0359,47.544,1475,0,1000.0
LTE,216,19.041,47.5416,577,0,577.0
LTE,216,19.0315,47.4697,22318,0,300.0
GSM,216,18.9586,47.5386,1866,0,1000.0
GSM,216,19.0233,47.5035,1013,0,1000.0
GSM,216,18.9767,47.535,907,0,907.0
LTE,216,19.0274,47.6418,631,0,631.0
GSM,216,19.063,47.5805,1029,0,1000.0
GSM,216,19.0574,47.5764,533,0,533.0
GSM,216,19.0491,47.5693,883,0,883.0
GSM,216,18.9798,47.5311,1644,0,1000.0
LTE,216,19.0307,47.4725,1369,0,1000.0
LTE,216,19.0381,47.4285,500,0,500.0
LTE,216,19.0378,47.5247,941,0,941.0
LTE,216,19.0682,47.4962,1188,0,1000.0
LTE,216,18.9793,47.3898,1140,0,1000.0
GSM,216,19.0607,47.594,832,0,832.0
GSM,216,19.0776,47.4888,990,0,990.0
LTE,216,19.0567,47.5148,3673,0,300.0
LTE,216,18.9978,47.4533,1082,0,1000.0
LTE,216,18.9698,47.4398,928,0,928.0
LTE,216,19.0345,47.4819,1176,0,1000.0
LTE,216,19.3063,47.4986,1535,0,1000.0
LTE,216,19.0318,47.5394,500,0,500.0
LTE,216,19.0358,47.5271,1000,0,1000.0
GSM,216,19.0818,47.5372,805,0,805.0
LTE,216,19.0441,47.551,1020,0,1000.0
LTE,216,19.0392,47.5288,552,0,552.0
LTE,216,19.0013,47.5191,5336,0,300.0
LTE,216,19.0268,47.4646,707,0,707.0
LTE,216,19.0483,47.5402,774,0,774.0
LTE,216,18.998,47.5288,1000,0,1000.0
LTE,216,19.0274,47.451,752,0,752.0
LTE,216,19.0603,47.4921,500,0,500.0
LTE,216,19.0568,47.5972,635,0,635.0
LTE,216,19.069,47.4979,1323,0,1000.0
LTE,216,19.2368,47.4278,3528,0,300.0
LTE,216,19.0799,47.4768,500,0,500.0
LTE,216,19.0265,47.4788,766,0,766.0
LTE,216,19.0258,47.533,3727,0,300.0
LTE,216,19.0526,47.4742,1000,0,1000.0
LTE,216,19.0227,47.4604,1030,0,1000.0
LTE,216,19.0359,47.5342,561,0,561.0
GSM,216,19.0937,47.5911,1305,0,1000.0
GSM,216,19.1671,47.4602,2088,0,1000.0
LTE,216,19.0314,47.6455,829,0,829.0
GSM,216,19.0493,47.4987,1000,0,1000.0
LTE,216,19.3263,47.4611,1524,0,1000.0
LTE,216,19.0059,47.4002,2130,0,1000.0
GSM,216,19.1446,47.5327,987,0,987.0
GSM,216,19.1279,47.5424,973,0,973.0
GSM,216,19.1299,47.5316,2082,0,1000.0
GSM,216,19.0855,47.4879,1327,0,1000.0
LTE,216,19.0449,47.5392,906,0,906.0
LTE,216,18.995,47.5291,760,0,760.0
LTE,216,19.019,47.404,1363,0,1000.0
GSM,216,19.0498,47.4764,6777,0,1000.0
LTE,216,19.0124,47.4527,937,0,937.0
LTE,216,19.0421,47.5415,702,0,702.0
LTE,216,19.0424,47.5425,1000,0,1000.0
GSM,216,19.0254,47.4901,985,0,985.0
GSM,216,19.0301,47.4962,1011,0,1000.0
GSM,216,19.0585,47.4989,5625,0,1000.0
GSM,216,19.05,47.4939,1029,0,1000.0
GSM,216,19.0333,47.4968,940,0,940.0
GSM,216,19.102,47.5279,6937,0,1000.0
GSM,216,19.0932,47.4884,1219,0,1000.0
LTE,216,19.0637,47.5048,1485,0,1000.0
GSM,216,19.0178,47.5141,905,0,905.0
GSM,216,19.0174,47.5077,1758,0,1000.0
LTE,216,19.0282,47.4557,2445,0,1000.0
LTE,216,18.9782,47.5316,1175,0,1000.0
LTE,216,18.9193,47.6136,3768,0,300.0
LTE,216,19.0505,47.4781,1000,0,1000.0
LTE,216,19.0197,47.6462,3396,0,300.0
GSM,216,19.0597,47.4998,500,0,500.0
LTE,216,19.1244,47.5292,572,0,572.0
LTE,216,19.01,47.4657,1415,0,1000.0
LTE,216,19.0689,47.4919,500,0,500.0
LTE,216,19.0675,47.4937,1550,0,1000.0
GSM,216,19.1711,47.53,1205,0,1000.0
LTE,216,19.0325,47.4672,534,0,534.0
LTE,216,19.0281,47.4097,591,0,591.0
LTE,216,19.0259,47.5526,4387,0,300.0
LTE,216,19.0252,47.5411,741,0,741.0
LTE,216,19.0372,47.48,1000,0,1000.0
GSM,216,19.236,47.5324,3223,0,1000.0
GSM,216,19.1222,47.4386,1133,0,1000.0
GSM,216,19.1216,47.4225,1946,0,1000.0
GSM,216,19.0884,47.4857,957,0,957.0
GSM,216,19.0349,47.5121,1211,0,1000.0
GSM,216,19.0228,47.5145,923,0,923.0
GSM,216,19.0472,47.5601,1036,0,1000.0
GSM,216,18.9822,47.4483,1886,0,1000.0
LTE,216,19.0654,47.5031,500,0,500.0
LTE,216,19.0633,47.6083,1138,0,1000.0
LTE,216,19.034,47.4769,1000,0,1000.0
LTE,216,19.0285,47.4749,500,0,500.0
LTE,216,19.0361,47.4745,500,0,500.0
LTE,216,19.0065,47.5295,500,0,500.0
LTE,216,19.0411,47.4286,4264,0,300.0
LTE,216,19.0507,47.4587,1085,0,1000.0
GSM,216,19.1963,47.4984,9722,0,1000.0
GSM,216,19.1421,47.5633,1405,0,1000.0
GSM,216,19.1707,47.5426,2339,0,1000.0
GSM,216,19.1405,47.5318,1367,0,1000.0
GSM,216,19.1047,47.5352,2168,0,1000.0
GSM,216,19.0366,47.5722,1638,0,1000.0
LTE,216,19.0452,47.4729,1000,0,1000.0
LTE,216,19.0374,47.5346,1553,0,1000.0
LTE,216,19.0474,47.4709,7119,0,300.0
LTE,216,19.0397,47.5461,500,0,500.0
LTE,216,18.9833,47.5276,1434,0,1000.0
LTE,216,19.2847,47.512,1848,0,1000.0
LTE,216,19.0399,47.5302,6819,0,300.0
GSM,216,18.9807,47.5537,10488,0,1000.0
LTE,216,19.0393,47.4494,1525,0,1000.0
LTE,216,18.9906,47.5201,775,0,775.0
LTE,216,19.0282,47.5609,3424,0,300.0
LTE,216,19.0471,47.5603,769,0,769.0
LTE,216,19.0064,47.5131,4438,0,300.0
GSM,216,19.0278,47.5457,2139,0,1000.0
LTE,216,19.0238,47.6479,1236,0,1000.0
LTE,216,19.0682,47.6348,1654,0,1000.0
LTE,216,19.0426,47.5246,500,0,500.0
LTE,216,19.0077,47.5009,500,0,500.0
GSM,216,19.0319,47.544,552,0,552.0
LTE,216,19.0286,47.4838,500,0,500.0
LTE,216,19.0009,47.5162,3619,0,300.0
LTE,216,18.9946,47.508,3632,0,300.0
LTE,216,19.0418,47.469,500,0,500.0
GSM,216,19.0455,47.4803,6241,0,1000.0
GSM,216,19.0722,47.4892,722,0,722.0
GSM,216,19.0668,47.4818,744,0,744.0
LTE,216,19.0434,47.4663,1000,0,1000.0
LTE,216,18.9619,47.5998,1391,0,1000.0
LTE,216,19.1892,47.6262,3919,0,300.0
LTE,216,19.049,47.4755,1000,0,1000.0
GSM,216,19.036,47.542,992,0,992.0
LTE,216,19.0484,47.4725,500,0,500.0
GSM,216,19.0589,47.489,740,0,740.0
LTE,216,19.0314,47.5291,1000,0,1000.0
GSM,216,19.3048,47.4727,1074,0,1000.0
LTE,216,19.0449,47.4711,500,0,500.0
LTE,216,18.9816,47.4502,912,0,912.0
GSM,216,19.1703,47.5339,3027,0,1000.0
GSM,216,19.0834,47.5318,2558,0,1000.0
GSM,216,19.0224,47.4725,1067,0,1000.0
GSM,216,19.0288,47.4708,1025,0,1000.0
GSM,216,18.9655,47.3937,2318,0,1000.0
LTE,216,18.9691,47.4081,2913,0,1000.0
GSM,216,19.0692,47.5102,500,0,500.0
LTE,216,18.9846,47.4959,500,0,500.0
LTE,216,19.0351,47.5412,500,0,500.0
LTE,216,19.053,47.4668,500,0,500.0
GSM,216,19.2101,47.5403,2145,0,1000.0
LTE,216,19.0191,47.5232,500,0,500.0
LTE,216,19.0609,47.4992,500,0,500.0
LTE,216,19.0444,47.4684,4403,0,300.0
GSM,216,19.032,47.5087,655,0,655.0
LTE,216,19.1287,47.483,588,0,588.0
LTE,216,19.0093,47.5206,6574,0,300.0
LTE,216,18.9543,47.5407,1006,0,1000.0
LTE,216,18.9611,47.4106,1405,0,1000.0
LTE,216,19.0457,47.4567,651,0,651.0
LTE,216,19.0458,47.5329,800,0,800.0
LTE,216,19.0644,47.6454,2338,0,1000.0
LTE,216,19.0433,47.4515,1000,0,1000.0
LTE,216,19.0283,47.53,632,0,632.0
LTE,216,19.0713,47.6125,1217,0,1000.0
LTE,216,19.2665,47.4285,1970,0,1000.0
LTE,216,18.9209,47.501,2211,0,1000.0
LTE,216,19.0497,47.4812,2403,0,1000.0
LTE,216,19.1379,47.5312,1897,0,1000.0
LTE,216,19.3377,47.457,1995,0,1000.0
LTE,216,19.0202,47.5549,1109,0,1000.0
LTE,216,19.049,47.4791,1000,0,1000.0
LTE,216,19.1325,47.5364,1421,0,1000.0
LTE,216,18.8941,47.4209,1472,0,1000.0
GSM,216,19.0287,47.55,1150,0,1000.0
GSM,216,19.0775,47.4879,946,0,946.0
LTE,216,19.0233,47.5613,714,0,714.0
LTE,216,18.9958,47.5173,3221,0,300.0
LTE,216,19.0085,47.3796,5621,0,300.0
LTE,216,19.0025,47.5146,5019,0,300.0
GSM,216,19.1581,47.5338,1650,0,1000.0
GSM,216,19.0525,47.5686,1022,0,1000.0
GSM,216,19.0004,47.4533,1337,0,1000.0
GSM,216,19.125,47.4345,1959,0,1000.0
LTE,216,18.9819,47.5248,1815,0,1000.0
GSM,216,19.0517,47.4955,662,0,662.0
GSM,216,19.0485,47.6438,3134,0,1000.0
LTE,216,19.0586,47.5011,500,0,500.0
GSM,216,19.0575,47.5973,2359,0,1000.0
GSM,216,19.0684,47.5226,1316,0,1000.0
GSM,216,19.0465,47.4762,6618,0,1000.0
GSM,216,19.0589,47.5649,1848,0,1000.0
GSM,216,19.0549,47.5652,1866,0,1000.0
GSM,216,19.0768,47.551,1000,0,1000.0
GSM,216,18.962,47.4093,5738,0,1000.0
GSM,216,19.0675,47.569,2356,0,1000.0
LTE,216,18.9213,47.3934,1036,0,1000.0
GSM,216,18.9873,47.4602,3162,0,1000.0
GSM,216,19.0054,47.5131,848,0,848.0
GSM,216,19.0826,47.5434,1000,0,1000.0
LTE,216,19.0103,47.4595,1000,0,1000.0
GSM,216,19.0455,47.4777,677,0,677.0
GSM,216,19.0243,47.4929,1106,0,1000.0
LTE,216,19.0961,47.4293,1810,0,1000.0
LTE,216,19.0601,47.6467,7884,0,300.0
LTE,216,18.8915,47.4177,1416,0,1000.0
LTE,216,19.0654,47.5067,500,0,500.0
GSM,216,19.0453,47.5391,702,0,702.0
LTE,216,19.0319,47.4555,704,0,704.0
LTE,216,19.0298,47.5295,500,0,500.0
GSM,216,19.0509,47.4984,604,0,604.0
GSM,216,19.1452,47.5262,2028,0,1000.0
GSM,216,19.0583,47.4908,824,0,824.0
LTE,216,18.9253,47.5586,4902,0,300.0
GSM,216,19.0804,47.5168,3664,0,1000.0
GSM,216,19.0577,47.5004,500,0,500.0
GSM,216,19.1324,47.4556,3037,0,1000.0
LTE,216,19.0448,47.5736,2013,0,1000.0
LTE,216,19.0249,47.5329,5106,0,300.0
GSM,216,19.0532,47.5176,805,0,805.0
GSM,216,19.0817,47.4894,869,0,869.0
GSM,216,19.0509,47.5687,1046,0,1000.0
GSM,216,19.0554,47.4766,776,0,776.0
GSM,216,19.064,47.4843,852,0,852.0
GSM,216,19.0189,47.4685,915,0,915.0
GSM,216,19.0604,47.4816,614,0,614.0
LTE,216,19.0612,47.6086,1456,0,1000.0
LTE,216,18.9639,47.5321,2456,0,1000.0
GSM,216,19.0781,47.4891,6684,0,1000.0
GSM,216,18.947,47.5429,3306,0,1000.0
GSM,216,19.0338,47.5095,500,0,500.0
LTE,216,19.0367,47.4805,500,0,500.0
LTE,216,19.0633,47.4927,1000,0,1000.0
GSM,216,19.1248,47.4537,1228,0,1000.0
GSM,216,19.1488,47.4567,4066,0,1000.0
GSM,216,19.0843,47.5338,756,0,756.0
GSM,216,19.051,47.5853,1360,0,1000.0
LTE,216,19.0869,47.5787,500,0,500.0
GSM,216,18.979,47.5208,2463,0,1000.0
GSM,216,19.0598,47.4882,921,0,921.0
LTE,216,19.0678,47.4924,1000,0,1000.0
GSM,216,18.9937,47.4829,2581,0,1000.0
GSM,216,19.0397,47.4962,500,0,500.0
GSM,216,19.0391,47.5165,765,0,765.0
GSM,216,19.259,47.4762,4639,0,1000.0
LTE,216,19.3029,47.4018,5606,0,300.0
GSM,216,19.034,47.575,1171,0,1000.0
GSM,216,19.0528,47.5613,2261,0,1000.0
GSM,216,19.0728,47.6099,1544,0,1000.0
GSM,216,19.0731,47.4896,8941,0,1000.0
GSM,216,18.9373,47.5573,5340,0,1000.0
GSM,216,19.114,47.5889,5616,0,1000.0
LTE,216,18.9883,47.4878,17925,0,300.0
LTE,216,18.8954,47.4164,15230,0,300.0
GSM,216,19.067,47.6211,2012,0,1000.0
LTE,216,19.077,47.5562,973,0,973.0
GSM,216,19.133,47.5397,1032,0,1000.0
GSM,216,19.0303,47.5058,1338,0,1000.0
LTE,216,19.1392,47.5756,7448,0,300.0
GSM,216,19.0497,47.497,1176,0,1000.0
GSM,216,19.0804,47.5431,1000,0,1000.0
GSM,216,19.2848,47.5133,4438,0,1000.0
GSM,216,19.0562,47.5998,1431,0,1000.0
GSM,216,19.048,47.5609,500,0,500.0
LTE,216,19.1327,47.6378,2895,0,1000.0
LTE,216,18.8983,47.4047,1319,0,1000.0
GSM,216,19.0077,47.4606,1242,0,1000.0
GSM,216,19.0856,47.4881,579,0,579.0
GSM,216,19.0653,47.4961,500,0,500.0
GSM,216,19.0509,47.4979,2071,0,1000.0
GSM,216,18.9305,47.3691,2926,0,1000.0
GSM,216,19.1432,47.5329,876,0,876.0
GSM,216,19.0393,47.5308,774,0,774.0
GSM,216,19.0048,47.4832,1400,0,1000.0
GSM,216,19.0518,47.4932,569,0,569.0
LTE,216,19.0723,47.5488,1494,0,1000.0
GSM,216,19.1918,47.5331,1727,0,1000.0
GSM,216,19.2582,47.52,7405,0,1000.0
LTE,216,18.9532,47.4163,1157,0,1000.0
GSM,216,19.058,47.561,2724,0,1000.0
GSM,216,19.0306,47.5423,612,0,612.0
GSM,216,19.0255,47.5025,6027,0,1000.0
GSM,216,19.0298,47.5431,1091,0,1000.0
GSM,216,19.0535,47.5936,1779,0,1000.0
GSM,216,19.0566,47.482,11165,0,1000.0
GSM,216,19.1025,47.4244,2228,0,1000.0
LTE,216,19.0584,47.5022,500,0,500.0
LTE,216,18.9658,47.4904,3906,0,300.0
GSM,216,19.0531,47.473,7220,0,1000.0
LTE,216,19.2254,47.5928,1112,0,1000.0
LTE,216,18.9486,47.3931,1534,0,1000.0
LTE,216,18.9352,47.4194,958,0,958.0
GSM,216,19.053,47.4749,500,0,500.0
GSM,216,19.0665,47.4996,715,0,715.0
GSM,216,19.0512,47.5344,1325,0,1000.0
GSM,216,19.0528,47.4977,2225,0,1000.0
GSM,216,19.0549,47.5834,4073,0,1000.0
GSM,216,19.0538,47.4951,8524,0,1000.0
GSM,216,19.0336,47.5077,558,0,558.0
GSM,216,19.0767,47.4886,500,0,500.0
GSM,216,19.1331,47.6158,2662,0,1000.0
GSM,216,19.0213,47.5681,1694,0,1000.0
GSM,216,19.0736,47.6159,2783,0,1000.0
GSM,216,19.1197,47.6458,2605,0,1000.0
GSM,216,19.0504,47.5596,1411,0,1000.0
GSM,216,18.9724,47.5283,2755,0,1000.0
GSM,216,19.0711,47.4914,1802,0,1000.0
GSM,216,19.0565,47.5819,4037,0,1000.0
GSM,216,19.075,47.4891,798,0,798.0
GSM,216,19.0551,47.4926,789,0,789.0
GSM,216,19.0422,47.5624,2693,0,1000.0
GSM,216,19.3101,47.4917,2111,0,1000.0
GSM,216,19.0624,47.6079,1587,0,1000.0
GSM,216,19.118,47.4791,1147,0,1000.0
GSM,216,18.916,47.4414,7709,0,1000.0
GSM,216,19.0156,47.516,1621,0,1000.0
GSM,216,19.0216,47.5116,689,0,689.0
GSM,216,19.0086,47.511,1202,0,1000.0
GSM,216,19.0635,47.479,7374,0,1000.0
GSM,216,19.0664,47.4803,602,0,602.0
GSM,216,19.1523,47.5368,3009,0,1000.0
GSM,216,19.0321,47.5095,851,0,851.0
GSM,216,18.9595,47.5424,2476,0,1000.0
GSM,216,19.0446,47.5003,3164,0,1000.0
GSM,216,19.0744,47.5093,703,0,703.0
GSM,216,19.0426,47.5479,1550,0,1000.0
LTE,216,18.9032,47.4731,3161,0,300.0
GSM,216,18.9285,47.5539,1402,0,1000.0
GSM,216,19.0376,47.5024,1000,0,1000.0
GSM,216,19.0522,47.4836,599,0,599.0
GSM,216,19.0725,47.4912,545,0,545.0
GSM,216,19.0705,47.4778,1227,0,1000.0
GSM,216,19.0368,47.5363,1959,0,1000.0
GSM,216,19.0533,47.4939,1001,0,1000.0
GSM,216,19.0583,47.4879,1000,0,1000.0
LTE,216,18.9112,47.398,1405,0,1000.0
GSM,216,19.0562,47.4879,500,0,500.0
GSM,216,19.0893,47.4826,1011,0,1000.0
GSM,216,19.0482,47.5621,2289,0,1000.0
GSM,216,19.0588,47.5935,1377,0,1000.0
GSM,216,19.0574,47.4912,1037,0,1000.0
GSM,216,19.0617,47.493,646,0,646.0
LTE,216,18.9156,47.4211,1188,0,1000.0
GSM,216,19.0649,47.593,2488,0,1000.0
GSM,216,19.0734,47.5019,7789,0,1000.0
GSM,216,19.0598,47.5864,3350,0,1000.0
GSM,216,19.1893,47.5492,1552,0,1000.0
GSM,216,19.0252,47.515,823,0,823.0
GSM,216,19.0492,47.4734,1034,0,1000.0
GSM,216,19.0573,47.4774,1190,0,1000.0
GSM,216,19.0738,47.4892,657,0,657.0
GSM,216,19.0936,47.5769,1424,0,1000.0
GSM,216,19.0716,47.5489,500,0,500.0
GSM,216,18.9731,47.531,532,0,532.0
LTE,216,18.8832,47.4162,10068,0,300.0
GSM,216,19.0474,47.5385,1085,0,1000.0
GSM,216,19.0421,47.5375,2664,0,1000.0
LTE,216,19.0457,47.3906,1517,0,1000.0
GSM,216,19.0766,47.4845,764,0,764.0
GSM,216,19.0361,47.5375,2206,0,1000.0
GSM,216,19.0122,47.5297,947,0,947.0
GSM,216,19.0293,47.5348,3201,0,1000.0
GSM,216,19.0061,47.5256,4602,0,1000.0
GSM,216,19.0595,47.4906,674,0,674.0
LTE,216,19.3286,47.3974,6227,0,300.0
GSM,216,19.0695,47.5482,694,0,694.0
GSM,216,19.0585,47.4939,754,0,754.0
GSM,216,19.0556,47.4939,831,0,831.0
GSM,216,19.054,47.5344,866,0,866.0
GSM,216,19.1215,47.6326,4010,0,1000.0
LTE,216,18.9822,47.495,6009,0,300.0
GSM,216,19.0263,47.4808,2984,0,1000.0
GSM,216,19.1534,47.5299,977,0,977.0
GSM,216,19.0541,47.6128,2991,0,1000.0
GSM,216,19.0471,47.5364,3060,0,1000.0
LTE,216,19.0398,47.4723,500,0,500.0
GSM,216,19.061,47.5367,571,0,571.0
GSM,216,19.0141,47.466,981,0,981.0
GSM,216,18.9939,47.5207,567,0,567.0
GSM,216,19.0499,47.634,5647,0,1000.0
GSM,216,19.0235,47.5129,1020,0,1000.0
GSM,216,19.1219,47.6434,3719,0,1000.0
LTE,216,18.8932,47.46,3990,0,300.0
GSM,216,19.0237,47.5333,3614,0,1000.0
GSM,216,19.0662,47.527,2619,0,1000.0
GSM,216,19.0707,47.4909,578,0,578.0
GSM,216,19.0241,47.4969,613,0,613.0
GSM,216,19.0339,47.5087,962,0,962.0
GSM,216,19.0409,47.5714,2022,0,1000.0
GSM,216,19.051,47.4803,889,0,889.0
GSM,216,19.0657,47.4941,522,0,522.0
GSM,216,19.1203,47.6302,1309,0,1000.0
GSM,216,19.1305,47.6323,2956,0,1000.0
GSM,216,19.1361,47.618,3486,0,1000.0
GSM,216,19.0555,47.484,1910,0,1000.0
GSM,216,19.0872,47.5051,615,0,615.0
GSM,216,19.088,47.5058,682,0,682.0
GSM,216,19.0485,47.5627,1000,0,1000.0
LTE,216,19.0227,47.542,4771,0,300.0
GSM,216,18.9759,47.4588,7638,0,1000.0
GSM,216,19.0278,47.5078,763,0,763.0
GSM,216,19.0617,47.4939,500,0,500.0
LTE,216,19.0447,47.5008,500,0,500.0
LTE,216,19.0521,47.4809,1000,0,1000.0
LTE,216,19.0492,47.4841,500,0,500.0
LTE,216,19.1828,47.507,1097,0,1000.0
LTE,216,19.2396,47.5132,9181,0,300.0
LTE,216,19.0399,47.5154,637,0,637.0
LTE,216,19.0668,47.4726,848,0,848.0
LTE,216,19.0632,47.4802,500,0,500.0
LTE,216,19.025,47.4879,500,0,500.0
LTE,216,19.0673,47.4805,500,0,500.0
LTE,216,19.0282,47.5016,5756,0,300.0
LTE,216,19.0737,47.4694,500,0,500.0
LTE,216,19.071,47.4937,946,0,946.0
LTE,216,19.0456,47.4926,698,0,698.0
LTE,216,19.0236,47.4978,500,0,500.0
LTE,216,19.0039,47.4735,29596,0,300.0
LTE,216,19.0524,47.4773,1000,0,1000.0
LTE,216,18.9406,47.601,1642,0,1000.0
LTE,216,19.1034,47.5539,1776,0,1000.0
LTE,216,19.0928,47.5805,626,0,626.0
LTE,216,19.0253,47.5041,758,0,758.0
LTE,216,19.0297,47.5074,500,0,500.0
LTE,216,19.0432,47.4977,505,0,505.0
LTE,216,19.0333,47.4968,500,0,500.0
LTE,216,19.0254,47.4945,500,0,500.0
LTE,216,19.2471,47.5154,1575,0,1000.0
LTE,216,19.21,47.505,1098,0,1000.0
LTE,216,19.0525,47.4854,3356,0,300.0
LTE,216,19.133,47.5957,1552,0,1000.0
LTE,216,19.0663,47.4877,831,0,831.0
LTE,216,19.0705,47.4884,655,0,655.0
LTE,216,19.0227,47.4957,1000,0,1000.0
LTE,216,19.0677,47.4819,1529,0,1000.0
LTE,216,19.0891,47.5388,540,0,540.0
LTE,216,19.0709,47.4866,1781,0,1000.0
LTE,216,19.08,47.4691,1024,0,1000.0
LTE,216,19.0673,47.4887,1000,0,1000.0
LTE,216,19.2057,47.5149,2595,0,1000.0
LTE,216,19.0257,47.5088,1213,0,1000.0
LTE,216,19.0691,47.4879,2063,0,1000.0
LTE,216,19.0384,47.4934,769,0,769.0
LTE,216,19.0241,47.489,2292,0,1000.0
LTE,216,19.0799,47.5064,4289,0,300.0
LTE,216,19.0597,47.4896,2964,0,1000.0
LTE,216,19.0567,47.4823,980,0,980.0
LTE,216,19.0684,47.4915,5208,0,300.0
LTE,216,19.0418,47.5083,513,0,513.0
LTE,216,19.0417,47.5066,1122,0,1000.0
LTE,216,19.0299,47.5071,1520,0,1000.0
LTE,216,19.0376,47.5133,1000,0,1000.0
LTE,216,19.0367,47.5142,1510,0,1000.0
LTE,216,19.0406,47.6365,1525,0,1000.0
LTE,216,19.1693,47.5465,1674,0,1000.0
LTE,216,19.0233,47.4911,742,0,742.0
LTE,216,19.0267,47.4998,500,0,500.0
LTE,216,19.0312,47.5102,500,0,500.0
LTE,216,19.1191,47.6021,1154,0,1000.0
LTE,216,19.0251,47.498,720,0,720.0
LTE,216,19.1664,47.55,3263,0,300.0
LTE,216,19.093,47.5886,8295,0,300.0
LTE,216,19.0323,47.4995,593,0,593.0
LTE,216,19.04,47.5119,1000,0,1000.0
LTE,216,19.0371,47.4895,500,0,500.0
LTE,216,19.2802,47.5127,4137,0,300.0
LTE,216,19.0627,47.4688,500,0,500.0
LTE,216,19.167,47.4943,1207,0,1000.0
LTE,216,19.0665,47.469,530,0,530.0
LTE,216,19.0329,47.5117,1000,0,1000.0
LTE,216,19.04,47.4963,5190,0,300.0
LTE,216,19.1067,47.6049,1986,0,1000.0
GSM,216,19.0109,47.5253,611,0,611.0
LTE,216,19.0368,47.5101,1000,0,1000.0
LTE,216,19.0378,47.501,500,0,500.0
LTE,216,19.0367,47.5023,500,0,500.0
LTE,216,19.0355,47.5127,1000,0,1000.0
LTE,216,19.0221,47.4983,500,0,500.0
LTE,216,19.0332,47.512,1000,0,1000.0
LTE,216,19.1151,47.5447,1000,0,1000.0
GSM,216,19.0774,47.482,593,0,593.0
GSM,216,19.0931,47.4782,990,0,990.0
LTE,216,19.0674,47.4865,1051,0,1000.0
LTE,216,19.0718,47.4731,500,0,500.0
LTE,216,19.0699,47.4902,711,0,711.0
LTE,216,19.1057,47.5902,1638,0,1000.0
LTE,216,19.039,47.5132,1132,0,1000.0
GSM,216,19.1313,47.4572,888,0,888.0
LTE,216,19.071,47.4882,1077,0,1000.0
GSM,216,19.0644,47.5265,1000,0,1000.0
GSM,216,19.0967,47.4751,500,0,500.0
LTE,216,19.0336,47.5073,1000,0,1000.0
GSM,216,19.1186,47.6474,2307,0,1000.0
LTE,216,19.0709,47.4826,500,0,500.0
LTE,216,19.3025,47.5233,1491,0,1000.0
LTE,216,19.0398,47.5116,830,0,830.0
LTE,216,19.0689,47.4769,500,0,500.0
LTE,216,19.0011,47.3975,825,0,825.0
LTE,216,19.1085,47.5958,829,0,829.0
LTE,216,18.9842,47.4002,2251,0,1000.0
LTE,216,19.2187,47.4998,549,0,549.0
GSM,216,19.0554,47.4947,543,0,543.0
LTE,216,19.0312,47.5088,1000,0,1000.0
GSM,216,19.1211,47.6358,1483,0,1000.0
LTE,216,19.0386,47.5008,13797,0,300.0
GSM,216,19.0399,47.6138,12759,0,1000.0
LTE,216,19.1494,47.5286,583,0,583.0
LTE,216,19.0254,47.4888,1000,0,1000.0
LTE,216,19.037,47.5062,500,0,500.0
LTE,216,18.9716,47.3909,901,0,901.0
LTE,216,19.3008,47.5068,4797,0,300.0
GSM,216,19.0506,47.5168,528,0,528.0
GSM,216,19.238,47.5822,8219,0,1000.0
LTE,216,19.0246,47.5115,1045,0,1000.0
LTE,216,19.0369,47.5178,1547,0,1000.0
GSM,216,19.0263,47.5092,1053,0,1000.0
LTE,216,19.1498,47.5652,2107,0,1000.0
LTE,216,19.1209,47.5415,1000,0,1000.0
LTE,216,19.0329,47.5079,674,0,674.0
LTE,216,19.2603,47.4321,1000,0,1000.0
GSM,216,18.9865,47.5247,2201,0,1000.0
LTE,216,19.3082,47.6084,2872,0,1000.0
LTE,216,19.0076,47.4526,1154,0,1000.0
LTE,216,19.245,47.4452,9727,0,300.0
LTE,216,18.9183,47.4205,1547,0,1000.0
LTE,216,19.1183,47.5292,679,0,679.0
LTE,216,19.1297,47.5449,1000,0,1000.0
LTE,216,19.1237,47.5257,703,0,703.0
LTE,216,19.0917,47.4806,500,0,500.0
LTE,216,19.1184,47.4401,1000,0,1000.0
LTE,216,19.0307,47.5038,500,0,500.0
GSM,216,19.1503,47.5288,649,0,649.0
LTE,216,19.0709,47.6107,1496,0,1000.0
LTE,216,19.1159,47.5256,1000,0,1000.0
GSM,216,19.0536,47.49,827,0,827.0
LTE,216,19.0558,47.6132,1226,0,1000.0
GSM,216,19.1275,47.6059,2695,0,1000.0
GSM,216,18.9913,47.5239,1876,0,1000.0
GSM,216,19.0485,47.5773,2708,0,1000.0
LTE,216,18.9366,47.3709,1041,0,1000.0
LTE,216,18.9227,47.3651,1057,0,1000.0
LTE,216,18.9437,47.4521,1010,0,1000.0
GSM,216,19.0437,47.5367,4066,0,1000.0
GSM,216,19.05,47.4968,500,0,500.0
LTE,216,19.099,47.4713,1000,0,1000.0
LTE,216,18.8671,47.468,3329,0,300.0
LTE,216,18.955,47.4514,4299,0,300.0
LTE,216,19.1491,47.462,1000,0,1000.0
LTE,216,19.2622,47.4333,1000,0,1000.0
LTE,216,19.1404,47.5477,500,0,500.0
LTE,216,19.0692,47.6362,1662,0,1000.0
LTE,216,18.8694,47.4635,2244,0,1000.0
GSM,216,19.024,47.4966,1002,0,1000.0
LTE,216,19.1739,47.5599,4318,0,300.0
GSM,216,18.9436,47.4543,1059,0,1000.0
LTE,216,19.0693,47.4768,1763,0,1000.0
GSM,216,19.1663,47.6186,1251,0,1000.0
LTE,216,18.8992,47.4595,613,0,613.0
LTE,216,19.1016,47.4332,1000,0,1000.0
LTE,216,19.3179,47.5585,1010,0,1000.0
LTE,216,18.9547,47.383,968,0,968.0
GSM,216,18.9795,47.5304,2425,0,1000.0
LTE,216,19.1218,47.6208,1411,0,1000.0
LTE,216,19.0123,47.5117,4917,0,300.0
LTE,216,18.9286,47.6275,1463,0,1000.0
LTE,216,19.0117,47.5068,522,0,522.0
LTE,216,19.1227,47.5925,500,0,500.0
LTE,216,19.0549,47.4975,1000,0,1000.0
LTE,216,19.1492,47.5994,8775,0,300.0
LTE,216,19.0155,47.3851,983,0,983.0
GSM,216,19.0636,47.4919,500,0,500.0
GSM,216,18.9684,47.4553,3679,0,1000.0
LTE,216,19.0415,47.4906,500,0,500.0
LTE,216,19.0705,47.4749,636,0,636.0
LTE,216,19.3359,47.4742,6355,0,300.0
LTE,216,18.9172,47.6057,1141,0,1000.0
LTE,216,19.0441,47.5234,1664,0,1000.0
LTE,216,19.0527,47.4911,1000,0,1000.0
LTE,216,19.342,47.6154,1341,0,1000.0
LTE,216,19.0396,47.5304,1000,0,1000.0
LTE,216,19.0391,47.532,1000,0,1000.0
LTE,216,19.0125,47.4535,2628,0,1000.0
LTE,216,19.0285,47.5334,500,0,500.0
LTE,216,19.0399,47.5348,1000,0,1000.0
LTE,216,18.9099,47.4477,2491,0,1000.0
LTE,216,19.0405,47.524,1000,0,1000.0
LTE,216,19.1105,47.3685,1212,0,1000.0
LTE,216,19.2486,47.4204,1254,0,1000.0
LTE,216,19.0835,47.3756,1924,0,1000.0
LTE,216,19.069,47.4767,695,0,695.0
LTE,216,19.1043,47.6039,1044,0,1000.0
LTE,216,19.2595,47.4208,1054,0,1000.0
LTE,216,19.0427,47.5224,3978,0,300.0
LTE,216,19.0369,47.5205,1319,0,1000.0
GSM,216,18.9855,47.5248,1060,0,1000.0
GSM,216,19.0136,47.5751,3500,0,1000.0
LTE,216,18.9336,47.5014,2690,0,1000.0
GSM,216,18.9609,47.4103,3607,0,1000.0
LTE,216,19.2543,47.3736,10489,0,300.0
GSM,216,19.0345,47.5141,1927,0,1000.0
GSM,216,19.0393,47.5134,862,0,862.0
GSM,216,19.0377,47.5155,750,0,750.0
GSM,216,19.039,47.5134,970,0,970.0
LTE,216,18.9695,47.4475,1282,0,1000.0
GSM,216,19.0582,47.4939,949,0,949.0
LTE,216,19.148,47.5832,1940,0,1000.0
LTE,216,18.9057,47.4238,896,0,896.0
LTE,216,18.8971,47.4318,583,0,583.0
LTE,216,18.8956,47.4362,1006,0,1000.0
LTE,216,19.1085,47.3686,1156,0,1000.0
GSM,216,19.0417,47.499,1095,0,1000.0
GSM,216,19.0406,47.5033,1008,0,1000.0
GSM,216,19.0466,47.5521,1088,0,1000.0
GSM,216,19.0423,47.5173,589,0,589.0
GSM,216,19.0374,47.5254,897,0,897.0
GSM,216,19.0464,47.5404,900,0,900.0
GSM,216,19.0395,47.5297,932,0,932.0
GSM,216,19.0421,47.5146,3083,0,1000.0
GSM,216,19.0415,47.512,615,0,615.0
GSM,216,19.0463,47.5555,704,0,704.0
GSM,216,19.0352,47.5295,738,0,738.0
GSM,216,19.0389,47.5046,878,0,878.0
GSM,216,19.0424,47.5217,823,0,823.0
GSM,216,19.032,47.5375,1178,0,1000.0
GSM,216,19.0425,47.5448,1218,0,1000.0
GSM,216,19.0437,47.5394,749,0,749.0
GSM,216,19.0403,47.537,814,0,814.0
GSM,216,19.031,47.4978,4166,0,1000.0
GSM,216,19.0379,47.5218,874,0,874.0
GSM,216,19.0292,47.5442,1100,0,1000.0
GSM,216,18.8703,47.4001,5218,0,1000.0
GSM,216,18.895,47.4285,1385,0,1000.0
GSM,216,18.8967,47.422,1589,0,1000.0
GSM,216,18.8835,47.4185,1347,0,1000.0
GSM,216,18.8878,47.4244,1077,0,1000.0
GSM,216,18.9128,47.4468,1726,0,1000.0
GSM,216,18.8866,47.4197,1848,0,1000.0
GSM,216,18.9111,47.4859,3335,0,1000.0
GSM,216,18.9075,47.4436,1534,0,1000.0
GSM,216,18.9079,47.446,2053,0,1000.0
GSM,216,19.0375,47.5296,1036,0,1000.0
GSM,216,19.0236,47.552,1529,0,1000.0
GSM,216,19.0226,47.554,1295,0,1000.0
GSM,216,19.0352,47.5321,800,0,800.0
GSM,216,18.9384,47.453,1551,0,1000.0
GSM,216,19.0293,47.5498,738,0,738.0
GSM,216,19.037,47.5428,3233,0,1000.0
GSM,216,19.0124,47.5562,677,0,677.0
GSM,216,18.946,47.452,1547,0,1000.0
GSM,216,19.0318,47.5442,1321,0,1000.0
GSM,216,19.0291,47.547,1149,0,1000.0
GSM,216,19.0246,47.5656,1525,0,1000.0
GSM,216,19.0376,47.5312,906,0,906.0
GSM,216,18.9624,47.5601,2290,0,1000.0
GSM,216,19.0419,47.5286,1288,0,1000.0
GSM,216,19.008,47.5294,883,0,883.0
GSM,216,18.9695,47.5368,878,0,878.0
GSM,216,19.0155,47.5295,789,0,789.0
GSM,216,18.9756,47.5327,812,0,812.0
GSM,216,18.9749,47.5279,2032,0,1000.0
GSM,216,18.97,47.5362,873,0,873.0
GSM,216,18.9921,47.5236,1456,0,1000.0
GSM,216,18.9864,47.5263,1592,0,1000.0
GSM,216,18.9957,47.5212,1224,0,1000.0
GSM,216,18.9662,47.5381,1344,0,1000.0
GSM,216,18.9516,47.5379,1609,0,1000.0
GSM,216,18.9482,47.5325,655,0,655.0
GSM,216,19.0073,47.5295,3893,0,1000.0
GSM,216,19.0266,47.5308,2494,0,1000.0
GSM,216,19.0332,47.5288,1000,0,1000.0
GSM,216,19.0297,47.5295,641,0,641.0
GSM,216,19.0062,47.5288,2479,0,1000.0
GSM,216,18.9846,47.5274,1216,0,1000.0
GSM,216,18.9756,47.5342,1071,0,1000.0
GSM,216,19.0319,47.528,597,0,597.0
GSM,216,19.0129,47.5315,1087,0,1000.0
GSM,216,18.9797,47.5276,1535,0,1000.0
GSM,216,18.975,47.5297,734,0,734.0
GSM,216,19.0143,47.5292,977,0,977.0
GSM,216,19.0394,47.5205,1634,0,1000.0
GSM,216,18.9764,47.5328,500,0,500.0
GSM,216,19.0209,47.5302,1148,0,1000.0
GSM,216,18.9835,47.5241,1243,0,1000.0
GSM,216,18.982,47.5269,1120,0,1000.0
GSM,216,18.979,47.5289,1893,0,1000.0
GSM,216,18.9821,47.5205,2076,0,1000.0
GSM,216,18.9983,47.5214,2314,0,1000.0
GSM,216,19.0432,47.5497,705,0,705.0
GSM,216,19.061,47.4949,702,0,702.0
GSM,216,19.0246,47.5018,3526,0,1000.0
GSM,216,19.0222,47.5087,758,0,758.0
GSM,216,19.0248,47.5037,559,0,559.0
GSM,216,19.0747,47.4886,615,0,615.0
GSM,216,19.0529,47.485,1120,0,1000.0
GSM,216,19.0683,47.4898,765,0,765.0
GSM,216,18.8659,47.4025,2546,0,1000.0
GSM,216,19.0626,47.4891,684,0,684.0
GSM,216,19.0639,47.4889,595,0,595.0
GSM,216,19.0591,47.4892,500,0,500.0
GSM,216,18.8549,47.3927,1816,0,1000.0
GSM,216,18.957,47.4526,705,0,705.0
GSM,216,18.965,47.4536,1263,0,1000.0
LTE,216,19.2514,47.4225,6637,0,300.0
GSM,216,19.0904,47.3721,1699,0,1000.0
GSM,216,19.0252,47.5014,858,0,858.0
GSM,216,19.0232,47.503,656,0,656.0
GSM,216,19.0686,47.4984,589,0,589.0
GSM,216,19.0424,47.5359,1014,0,1000.0
GSM,216,19.0502,47.4945,5592,0,1000.0
GSM,216,19.0453,47.4911,1396,0,1000.0
GSM,216,19.0515,47.4912,690,0,690.0
GSM,216,19.0429,47.515,687,0,687.0
GSM,216,19.076,47.4984,1759,0,1000.0
GSM,216,19.0383,47.5299,758,0,758.0
GSM,216,19.0454,47.4923,5411,0,1000.0
GSM,216,19.0714,47.4972,807,0,807.0
GSM,216,19.0438,47.491,5388,0,1000.0
GSM,216,19.0388,47.5231,1403,0,1000.0
GSM,216,19.0662,47.4965,569,0,569.0
GSM,216,19.0257,47.5004,909,0,909.0
GSM,216,19.0582,47.4938,896,0,896.0
GSM,216,19.0275,47.4973,3986,0,1000.0
GSM,216,19.0416,47.5333,630,0,630.0
GSM,216,19.041,47.5109,849,0,849.0
GSM,216,19.0427,47.4993,1139,0,1000.0
GSM,216,19.0179,47.5114,731,0,731.0
GSM,216,19.0386,47.5359,2147,0,1000.0
GSM,216,19.0644,47.495,557,0,557.0
GSM,216,19.0478,47.5571,770,0,770.0
GSM,216,19.0556,47.4982,563,0,563.0
LTE,216,19.1155,47.6039,543,0,543.0
GSM,216,18.9482,47.5322,1097,0,1000.0
GSM,216,18.9272,47.5086,2361,0,1000.0
GSM,216,18.8754,47.4107,6158,0,1000.0
GSM,216,19.0683,47.5037,1063,0,1000.0
GSM,216,19.0605,47.5069,580,0,580.0
GSM,216,19.0715,47.4937,1012,0,1000.0
GSM,216,19.0506,47.5029,6878,0,1000.0
GSM,216,19.0703,47.4902,882,0,882.0
GSM,216,19.0666,47.492,1257,0,1000.0
GSM,216,19.0704,47.4858,1875,0,1000.0
GSM,216,19.038,47.5086,989,0,989.0
GSM,216,19.0422,47.5008,1310,0,1000.0
GSM,216,18.9925,47.4661,1831,0,1000.0
GSM,216,19.0422,47.5167,632,0,632.0
GSM,216,18.9509,47.4543,1137,0,1000.0
LTE,216,19.0706,47.6465,924,0,924.0
LTE,216,19.1519,47.5336,803,0,803.0
GSM,216,18.9435,47.4529,996,0,996.0
GSM,216,18.8833,47.4647,1000,0,1000.0
GSM,216,18.9008,47.4734,2245,0,1000.0
GSM,216,19.0473,47.514,785,0,785.0
GSM,216,18.9016,47.4624,1809,0,1000.0
GSM,216,19.0602,47.5076,1054,0,1000.0
GSM,216,18.9726,47.4552,1877,0,1000.0
GSM,216,19.0449,47.4956,1246,0,1000.0
GSM,216,19.0494,47.4983,702,0,702.0
GSM,216,19.0482,47.4911,662,0,662.0
GSM,216,19.0441,47.4928,5299,0,1000.0
GSM,216,19.0255,47.4989,3765,0,1000.0
GSM,216,18.8969,47.4634,1462,0,1000.0
GSM,216,19.0492,47.4917,546,0,546.0
GSM,216,18.9602,47.5553,1742,0,1000.0
GSM,216,18.9992,47.5167,901,0,901.0
GSM,216,19.0531,47.4845,6382,0,1000.0
GSM,216,18.9958,47.5177,723,0,723.0
GSM,216,19.0144,47.5078,1314,0,1000.0
GSM,216,19.003,47.5143,1648,0,1000.0
GSM,216,19.0031,47.515,1650,0,1000.0
GSM,216,19.0702,47.5311,825,0,825.0
GSM,216,19.065,47.5343,941,0,941.0
GSM,216,19.0367,47.5277,1132,0,1000.0
LTE,216,18.9734,47.4549,1159,0,1000.0
GSM,216,18.9242,47.5018,2816,0,1000.0
GSM,216,19.0105,47.5105,927,0,927.0
GSM,216,19.025,47.5063,882,0,882.0
GSM,216,18.9308,47.5119,2389,0,1000.0
GSM,216,18.9617,47.528,1145,0,1000.0
GSM,216,19.0099,47.5107,1130,0,1000.0
GSM,216,18.9807,47.522,2240,0,1000.0
GSM,216,18.9303,47.5121,1489,0,1000.0
GSM,216,18.937,47.5176,1042,0,1000.0
GSM,216,18.9299,47.5118,3551,0,1000.0
GSM,216,19.0191,47.5098,867,0,867.0
GSM,216,18.9348,47.5176,978,0,978.0
GSM,216,18.93,47.5116,2318,0,1000.0
GSM,216,18.964,47.5588,4418,0,1000.0
GSM,216,18.9222,47.5085,1909,0,1000.0
GSM,216,18.9203,47.5024,892,0,892.0
GSM,216,18.9254,47.5076,1998,0,1000.0
GSM,216,18.9461,47.5385,1604,0,1000.0
GSM,216,18.9182,47.5004,2167,0,1000.0
GSM,216,18.9136,47.4948,1804,0,1000.0
GSM,216,19.0437,47.491,500,0,500.0
GSM,216,19.0617,47.4803,810,0,810.0
GSM,216,19.0424,47.5036,968,0,968.0
GSM,216,19.0549,47.4823,6634,0,1000.0
GSM,216,19.0553,47.4962,507,0,507.0
GSM,216,19.0543,47.4919,533,0,533.0
GSM,216,19.0695,47.4866,500,0,500.0
GSM,216,19.0556,47.4895,536,0,536.0
GSM,216,19.0562,47.4941,500,0,500.0
GSM,216,18.9735,47.4549,1731,0,1000.0
GSM,216,18.9671,47.4598,2408,0,1000.0
GSM,216,18.9531,47.4531,998,0,998.0
GSM,216,18.9629,47.4531,1044,0,1000.0
GSM,216,18.9419,47.4534,803,0,803.0
GSM,216,18.9631,47.455,1508,0,1000.0
GSM,216,18.942,47.4556,1565,0,1000.0
GSM,216,19.046,47.4978,781,0,781.0
LTE,216,19.0177,47.4915,1000,0,1000.0
LTE,216,19.049,47.4884,528,0,528.0
LTE,216,19.0236,47.4881,1000,0,1000.0
LTE,216,18.9217,47.4953,3921,0,300.0
LTE,216,18.8895,47.4457,1000,0,1000.0
LTE,216,18.9511,47.4506,786,0,786.0
LTE,216,18.8824,47.4642,1868,0,1000.0
LTE,216,19.0643,47.6469,2340,0,1000.0
LTE,216,18.8891,47.4489,877,0,877.0
LTE,216,19.3062,47.5277,3100,0,300.0
LTE,216,19.2608,47.5217,3120,0,300.0
LTE,216,19.3439,47.5906,4019,0,300.0
LTE,216,19.1653,47.6421,1152,0,1000.0
LTE,216,18.9886,47.4543,1469,0,1000.0
LTE,216,18.9656,47.4138,887,0,887.0
LTE,216,19.003,47.4409,1946,0,1000.0
LTE,216,19.0022,47.4316,2774,0,1000.0
LTE,216,19.0547,47.3797,889,0,889.0
LTE,216,18.9653,47.3856,703,0,703.0
LTE,216,18.9976,47.4246,807,0,807.0
LTE,216,19.0207,47.3828,1970,0,1000.0
LTE,216,19.0343,47.3841,1348,0,1000.0
LTE,216,19.0263,47.3819,1000,0,1000.0
LTE,216,19.0073,47.4521,1000,0,1000.0
LTE,216,19.1733,47.5444,957,0,957.0
LTE,216,19.113,47.6062,1000,0,1000.0
LTE,216,19.1151,47.6041,517,0,517.0
LTE,216,19.15,47.5816,7253,0,300.0
LTE,216,19.0634,47.5744,500,0,500.0
LTE,216,19.0482,47.5593,500,0,500.0
LTE,216,19.1218,47.6033,503,0,503.0
LTE,216,19.1921,47.5476,2412,0,1000.0
LTE,216,19.1342,47.6147,1553,0,1000.0
LTE,216,19.1328,47.5955,1458,0,1000.0
LTE,216,19.1375,47.5873,8371,0,300.0
LTE,216,19.1418,47.5948,8738,0,300.0
LTE,216,19.1216,47.602,1028,0,1000.0
LTE,216,19.1591,47.5736,6142,0,300.0
GSM,216,19.0306,47.5,1915,0,1000.0
GSM,216,19.0431,47.5273,769,0,769.0
GSM,216,19.0395,47.5513,893,0,893.0
GSM,216,19.0357,47.5395,857,0,857.0
GSM,216,19.0588,47.4929,3507,0,1000.0
GSM,216,19.0653,47.4947,7159,0,1000.0
GSM,216,19.0821,47.4915,2584,0,1000.0
GSM,216,19.0675,47.4915,686,0,686.0
GSM,216,19.015,47.5215,1000,0,1000.0
GSM,216,19.0284,47.5074,569,0,569.0
GSM,216,19.0309,47.5095,1539,0,1000.0
GSM,216,19.0282,47.5106,1136,0,1000.0
GSM,216,19.017,47.5123,840,0,840.0
GSM,216,19.0247,47.5118,1218,0,1000.0
GSM,216,19.07,47.5224,4545,0,1000.0
GSM,216,19.0493,47.5454,1851,0,1000.0
GSM,216,19.0431,47.5152,984,0,984.0
GSM,216,18.8877,47.5805,1605,0,1000.0
GSM,216,18.9134,47.5635,2552,0,1000.0
GSM,216,19.0365,47.5083,971,0,971.0
GSM,216,19.0542,47.5193,1023,0,1000.0
GSM,216,19.0665,47.5013,620,0,620.0
GSM,216,19.0672,47.4924,6837,0,1000.0
GSM,216,18.9007,47.4308,2054,0,1000.0
GSM,216,19.0645,47.4934,540,0,540.0
GSM,216,19.0426,47.5056,961,0,961.0
GSM,216,19.0597,47.496,1816,0,1000.0
GSM,216,19.0409,47.5062,708,0,708.0
GSM,216,19.0485,47.5674,947,0,947.0
GSM,216,19.0059,47.5237,2619,0,1000.0
GSM,216,18.9795,47.523,3544,0,1000.0
GSM,216,18.9484,47.4544,1157,0,1000.0
GSM,216,18.9947,47.5196,2834,0,1000.0
GSM,216,18.9037,47.4558,4396,0,1000.0
GSM,216,18.8558,47.3928,7361,0,1000.0
GSM,216,18.9143,47.4479,1629,0,1000.0
GSM,216,18.9962,47.5175,2490,0,1000.0
GSM,216,19.0291,47.5116,1188,0,1000.0
GSM,216,19.0281,47.5088,500,0,500.0
GSM,216,19.0072,47.5115,650,0,650.0
GSM,216,18.9832,47.4564,1768,0,1000.0
GSM,216,18.9562,47.4504,2301,0,1000.0
GSM,216,19.0255,47.5115,2311,0,1000.0
GSM,216,18.9752,47.5264,2204,0,1000.0
GSM,216,18.9597,47.4365,5573,0,1000.0
GSM,216,18.9173,47.4457,3377,0,1000.0
GSM,216,19.0413,47.5263,1614,0,1000.0
GSM,216,18.9096,47.4501,1794,0,1000.0
GSM,216,18.8994,47.434,2017,0,1000.0
GSM,216,19.0056,47.5169,1021,0,1000.0
GSM,216,19.0358,47.5106,1180,0,1000.0
GSM,216,19.0391,47.5316,1050,0,1000.0
GSM,216,19.0708,47.4911,848,0,848.0
GSM,216,19.0452,47.5312,923,0,923.0
GSM,216,19.0558,47.4837,1030,0,1000.0
GSM,216,19.1299,47.5262,1220,0,1000.0
GSM,216,19.0477,47.5599,1671,0,1000.0
GSM,216,19.0316,47.5343,571,0,571.0
GSM,216,19.0274,47.5313,719,0,719.0
GSM,216,19.0637,47.4909,500,0,500.0
GSM,216,19.0391,47.5127,822,0,822.0
GSM,216,19.0628,47.4935,1086,0,1000.0
GSM,216,19.0464,47.4957,1809,0,1000.0
GSM,216,19.0584,47.4884,2036,0,1000.0
GSM,216,19.0562,47.495,597,0,597.0
GSM,216,19.0693,47.4853,502,0,502.0
GSM,216,19.0562,47.5078,616,0,616.0
GSM,216,19.0682,47.4863,618,0,618.0
GSM,216,19.0292,47.547,1006,0,1000.0
GSM,216,19.0309,47.5496,1284,0,1000.0
GSM,216,19.039,47.5189,2325,0,1000.0
GSM,216,19.0616,47.489,2398,0,1000.0
GSM,216,19.064,47.4932,610,0,610.0
GSM,216,19.0179,47.5077,4147,0,1000.0
GSM,216,19.0494,47.507,1132,0,1000.0
GSM,216,19.0655,47.5315,1722,0,1000.0
GSM,216,19.0561,47.5122,1599,0,1000.0
GSM,216,19.0611,47.491,1374,0,1000.0
GSM,216,19.0591,47.5256,1189,0,1000.0
GSM,216,19.0479,47.5415,1086,0,1000.0
GSM,216,19.0598,47.4955,616,0,616.0
GSM,216,19.0542,47.5325,1213,0,1000.0
GSM,216,19.0476,47.5333,1727,0,1000.0
GSM,216,19.058,47.5228,1194,0,1000.0
GSM,216,19.0288,47.5491,1273,0,1000.0
GSM,216,19.0572,47.5142,869,0,869.0
GSM,216,19.0671,47.4894,1235,0,1000.0
GSM,216,19.0541,47.481,500,0,500.0
GSM,216,19.0551,47.5326,1262,0,1000.0
GSM,216,19.0537,47.5117,616,0,616.0
GSM,216,19.0442,47.5454,2137,0,1000.0
GSM,216,19.0424,47.5402,1018,0,1000.0
GSM,216,19.0512,47.5361,969,0,969.0
GSM,216,19.0602,47.4949,713,0,713.0
GSM,216,19.0488,47.5345,820,0,820.0
GSM,216,19.0538,47.5274,996,0,996.0
GSM,216,19.0507,47.537,970,0,970.0
GSM,216,19.0452,47.5331,522,0,522.0
GSM,216,19.0322,47.5455,1475,0,1000.0
GSM,216,19.0447,47.5264,1617,0,1000.0
GSM,216,19.052,47.5266,1437,0,1000.0
GSM,216,19.0573,47.529,972,0,972.0
GSM,216,19.0293,47.5482,6562,0,1000.0
GSM,216,19.0616,47.5183,857,0,857.0
GSM,216,19.0479,47.5189,964,0,964.0
GSM,216,19.0494,47.5261,3866,0,1000.0
GSM,216,19.0563,47.5188,745,0,745.0
GSM,216,19.0895,47.4854,2073,0,1000.0
GSM,216,19.2976,47.4198,23402,0,1000.0
LTE,216,19.0518,47.5929,1000,0,1000.0
LTE,216,18.9593,47.5245,765,0,765.0
LTE,216,18.9933,47.5335,2057,0,1000.0
LTE,216,19.0631,47.5824,1000,0,1000.0
LTE,216,18.9779,47.456,1273,0,1000.0
LTE,216,18.9403,47.4192,1583,0,1000.0
LTE,216,19.0818,47.3748,1706,0,1000.0
LTE,216,18.9593,47.4121,907,0,907.0
LTE,216,19.287,47.4057,3606,0,300.0
LTE,216,19.2577,47.5231,2219,0,1000.0
LTE,216,19.3401,47.6153,964,0,964.0
GSM,216,19.0381,47.517,775,0,775.0
LTE,216,19.1395,47.5358,1000,0,1000.0
GSM,216,18.941,47.4606,902,0,902.0
GSM,216,19.0321,47.5588,1962,0,1000.0
GSM,216,19.0611,47.4903,2493,0,1000.0
GSM,216,18.9659,47.4123,8579,0,1000.0
GSM,216,18.9636,47.5385,3739,0,1000.0
GSM,216,18.9621,47.4529,1443,0,1000.0
GSM,216,18.9051,47.4759,4586,0,1000.0
GSM,216,18.9043,47.482,4004,0,1000.0
GSM,216,18.9805,47.5382,2016,0,1000.0
GSM,216,19.132,47.5139,1031,0,1000.0
GSM,216,19.056,47.4832,6644,0,1000.0
GSM,216,19.0682,47.5339,1000,0,1000.0
LTE,216,19.1502,47.6026,1482,0,1000.0
GSM,216,19.0458,47.5194,889,0,889.0
LTE,216,19.1264,47.5999,1250,0,1000.0
GSM,216,19.0234,47.5066,1000,0,1000.0
GSM,216,18.937,47.369,6390,0,1000.0
GSM,216,18.8664,47.3631,5721,0,1000.0
GSM,216,19.1244,47.517,2242,0,1000.0
GSM,216,19.0579,47.4968,754,0,754.0
GSM,216,18.8945,47.5744,4472,0,1000.0
GSM,216,19.0687,47.4903,500,0,500.0
GSM,216,19.0626,47.4926,4224,0,1000.0
GSM,216,19.055,47.495,552,0,552.0
GSM,216,18.9816,47.5225,2152,0,1000.0
LTE,216,19.332,47.6134,1444,0,1000.0
GSM,216,19.0455,47.5166,1102,0,1000.0
LTE,216,19.1469,47.5993,712,0,712.0
LTE,216,19.3457,47.6106,5343,0,300.0
LTE,216,19.1162,47.6086,1170,0,1000.0
GSM,216,18.9186,47.4469,2106,0,1000.0
GSM,216,18.864,47.3813,2878,0,1000.0
LTE,216,18.9344,47.5155,2365,0,1000.0
GSM,216,18.9664,47.5252,1564,0,1000.0
LTE,216,19.1168,47.6073,1000,0,1000.0
LTE,216,19.3286,47.6107,1086,0,1000.0
GSM,216,18.9332,47.3993,2740,0,1000.0
LTE,216,19.1418,47.5285,1000,0,1000.0
GSM,216,19.0502,47.5591,935,0,935.0
LTE,216,19.1329,47.6411,1152,0,1000.0
LTE,216,19.006,47.4347,2625,0,1000.0
GSM,216,18.988,47.5228,779,0,779.0
LTE,216,19.1287,47.6472,2304,0,1000.0
LTE,216,19.2987,47.3943,2233,0,1000.0
GSM,216,19.0379,47.5579,1939,0,1000.0
LTE,216,19.0526,47.4761,500,0,500.0
LTE,216,19.0764,47.4687,1426,0,1000.0
LTE,216,19.0254,47.4932,500,0,500.0
GSM,216,18.9477,47.5659,1420,0,1000.0
GSM,216,19.034,47.5146,1924,0,1000.0
GSM,216,19.0431,47.5084,1112,0,1000.0
LTE,216,19.0518,47.4949,1000,0,1000.0
LTE,216,19.0458,47.4916,830,0,830.0
LTE,216,19.0055,47.5122,2060,0,1000.0
LTE,216,19.0248,47.4576,2838,0,1000.0
LTE,216,19.0236,47.502,4520,0,300.0
LTE,216,19.0606,47.6061,803,0,803.0
GSM,216,19.0262,47.5594,2177,0,1000.0
LTE,216,19.0253,47.486,1962,0,1000.0
LTE,216,18.9348,47.4524,5428,0,300.0
LTE,216,19.0247,47.4875,1000,0,1000.0
LTE,216,19.1344,47.4495,642,0,642.0
LTE,216,19.129,47.4446,2907,0,1000.0
LTE,216,19.1226,47.449,665,0,665.0
LTE,216,19.0316,47.4987,620,0,620.0
LTE,216,19.0249,47.4552,500,0,500.0
LTE,216,19.0902,47.5914,803,0,803.0
LTE,216,19.0492,47.489,577,0,577.0
LTE,216,19.0875,47.6097,902,0,902.0
LTE,216,19.0078,47.4511,1323,0,1000.0
LTE,216,19.1474,47.4543,500,0,500.0
LTE,216,19.1485,47.453,516,0,516.0
LTE,216,19.0892,47.4705,500,0,500.0
LTE,216,19.0729,47.4686,1000,0,1000.0
LTE,216,19.0572,47.4964,1000,0,1000.0
LTE,216,19.0382,47.5019,1000,0,1000.0
LTE,216,19.094,47.4783,500,0,500.0
LTE,216,19.2109,47.5409,629,0,629.0
LTE,216,19.0332,47.5085,1000,0,1000.0
LTE,216,18.9863,47.4516,1373,0,1000.0
LTE,216,19.0222,47.4596,641,0,641.0
GSM,216,19.0371,47.5048,963,0,963.0
LTE,216,19.2656,47.5154,5610,0,300.0
LTE,216,19.0694,47.4824,500,0,500.0
LTE,216,19.0314,47.5396,1000,0,1000.0
LTE,216,19.0161,47.5086,1000,0,1000.0
LTE,216,19.0243,47.5015,1000,0,1000.0
LTE,216,19.0824,47.4897,1000,0,1000.0
LTE,216,19.0816,47.4935,500,0,500.0
LTE,216,19.0833,47.4924,1000,0,1000.0
LTE,216,19.0946,47.4862,1000,0,1000.0
LTE,216,19.0542,47.4552,3168,0,300.0
LTE,216,18.9894,47.3807,5097,0,300.0
LTE,216,18.9202,47.4202,4533,0,300.0
LTE,216,19.0587,47.4822,992,0,992.0
LTE,216,19.1012,47.4896,808,0,808.0
LTE,216,19.0924,47.4917,3149,0,300.0
LTE,216,19.0597,47.4779,676,0,676.0
LTE,216,19.0897,47.4912,500,0,500.0
LTE,216,19.0771,47.4682,1000,0,1000.0
LTE,216,19.0915,47.4811,603,0,603.0
LTE,216,19.0889,47.4882,500,0,500.0
LTE,216,19.093,47.4882,500,0,500.0
LTE,216,19.0522,47.4763,2166,0,1000.0
LTE,216,19.0809,47.478,500,0,500.0
LTE,216,19.0564,47.4753,1000,0,1000.0
LTE,216,19.0778,47.468,1076,0,1000.0
LTE,216,19.0325,47.4999,1089,0,1000.0
LTE,216,19.1093,47.4841,2342,0,1000.0
LTE,216,19.2654,47.3966,2280,0,1000.0
LTE,216,19.2781,47.4003,2241,0,1000.0
GSM,216,18.9006,47.4591,2798,0,1000.0
GSM,216,19.0395,47.5312,500,0,500.0
LTE,216,19.0742,47.4681,978,0,978.0
LTE,216,19.0265,47.5082,500,0,500.0
LTE,216,19.0114,47.4313,3171,0,300.0
LTE,216,19.0689,47.4923,1000,0,1000.0
GSM,216,19.0761,47.4885,564,0,564.0
LTE,216,19.0361,47.5439,1000,0,1000.0
LTE,216,19.0773,47.4718,1000,0,1000.0
LTE,216,19.0694,47.4945,1000,0,1000.0
LTE,216,19.0137,47.5096,1000,0,1000.0
LTE,216,19.0481,47.5414,1710,0,1000.0
LTE,216,19.0379,47.5043,1000,0,1000.0
LTE,216,19.0823,47.4727,568,0,568.0
LTE,216,19.0689,47.4772,1000,0,1000.0
LTE,216,19.0381,47.5286,500,0,500.0
LTE,216,19.3066,47.6117,652,0,652.0
LTE,216,19.0844,47.4946,1000,0,1000.0
LTE,216,19.037,47.5322,500,0,500.0
LTE,216,19.3395,47.6154,1019,0,1000.0
GSM,216,19.0673,47.4889,500,0,500.0
LTE,216,18.9793,47.5139,5327,0,300.0
LTE,216,19.3108,47.6093,2342,0,1000.0
LTE,216,19.3064,47.5305,2350,0,1000.0
LTE,216,19.0892,47.4701,1518,0,1000.0
LTE,216,19.0832,47.4675,675,0,675.0
LTE,216,19.1591,47.6345,1685,0,1000.0
LTE,216,19.1302,47.6295,930,0,930.0
LTE,216,19.139,47.6104,1792,0,1000.0
LTE,216,19.3497,47.5951,513,0,513.0
LTE,216,18.9206,47.4202,741,0,741.0
LTE,216,18.9865,47.3899,740,0,740.0
LTE,216,19.0732,47.4769,1000,0,1000.0
GSM,216,18.8504,47.3794,5175,0,1000.0
LTE,216,19.0656,47.5067,500,0,500.0
LTE,216,19.0974,47.5958,1000,0,1000.0
LTE,216,19.2565,47.4232,3553,0,300.0
LTE,216,18.97,47.5362,1599,0,1000.0
LTE,216,19.1423,47.5358,1000,0,1000.0
LTE,216,19.0453,47.5513,500,0,500.0
LTE,216,19.1353,47.5357,1000,0,1000.0
LTE,216,18.9775,47.5321,1155,0,1000.0
GSM,216,19.1404,47.522,1503,0,1000.0
LTE,216,19.0448,47.5795,1509,0,1000.0
LTE,216,19.0485,47.5674,1000,0,1000.0
LTE,216,19.0483,47.5571,1782,0,1000.0
GSM,216,19.0474,47.4966,1224,0,1000.0
GSM,216,19.0421,47.493,1000,0,1000.0
LTE,216,19.3203,47.5999,693,0,693.0
LTE,216,19.0442,47.4996,1000,0,1000.0
LTE,216,19.2103,47.5156,3013,0,300.0
GSM,216,19.0425,47.496,919,0,919.0
GSM,216,19.0403,47.5044,2192,0,1000.0
GSM,216,19.0389,47.5042,844,0,844.0
GSM,216,19.0426,47.5006,859,0,859.0
LTE,216,18.9897,47.5239,1201,0,1000.0
LTE,216,18.988,47.5362,2066,0,1000.0
LTE,216,18.9889,47.5265,1298,0,1000.0
LTE,216,19.0408,47.54,674,0,674.0
LTE,216,19.04,47.5024,1470,0,1000.0
LTE,216,19.07,47.4855,500,0,500.0
LTE,216,19.0689,47.4828,1000,0,1000.0
LTE,216,19.163,47.4938,1332,0,1000.0
LTE,216,19.0455,47.5471,500,0,500.0
LTE,216,19.0651,47.5037,1000,0,1000.0
LTE,216,19.1358,47.4521,713,0,713.0
LTE,216,19.1293,47.4447,1983,0,1000.0
LTE,216,18.8518,47.3533,1137,0,1000.0
LTE,216,19.0709,47.4939,1000,0,1000.0
LTE,216,19.136,47.5517,701,0,701.0
LTE,216,19.1287,47.5552,605,0,605.0
LTE,216,19.1291,47.5543,748,0,748.0
LTE,216,19.0477,47.3922,1631,0,1000.0
LTE,216,19.0686,47.4742,1082,0,1000.0
LTE,216,19.106,47.4709,500,0,500.0
LTE,216,19.1382,47.5402,616,0,616.0
LTE,216,19.1402,47.5438,1000,0,1000.0
LTE,216,19.1192,47.5417,1000,0,1000.0
LTE,216,19.1357,47.5461,1000,0,1000.0
LTE,216,19.0681,47.4769,904,0,904.0
LTE,216,19.0316,47.5289,1000,0,1000.0
LTE,216,19.1068,47.4813,1000,0,1000.0
LTE,216,19.1736,47.5492,2181,0,1000.0
LTE,216,19.1077,47.489,545,0,545.0
LTE,216,19.0981,47.4771,1786,0,1000.0
LTE,216,19.1024,47.4813,1226,0,1000.0
LTE,216,19.1067,47.4852,1278,0,1000.0
LTE,216,19.0946,47.4787,1000,0,1000.0
LTE,216,19.1394,47.6459,1676,0,1000.0
LTE,216,19.0365,47.5161,1000,0,1000.0
LTE,216,18.9633,47.4097,886,0,886.0
LTE,216,18.9786,47.3945,2516,0,1000.0
LTE,216,19.1314,47.4613,1000,0,1000.0
LTE,216,19.1309,47.4619,1000,0,1000.0
LTE,216,19.1466,47.5442,1215,0,1000.0
LTE,216,19.0433,47.5397,500,0,500.0
LTE,216,19.1557,47.5334,1130,0,1000.0
LTE,216,19.1952,47.5475,1189,0,1000.0
LTE,216,19.1302,47.5439,1000,0,1000.0
LTE,216,19.1402,47.5349,1000,0,1000.0
LTE,216,19.0017,47.399,1205,0,1000.0
LTE,216,18.9931,47.3817,6091,0,300.0
LTE,216,19.1102,47.4596,700,0,700.0
LTE,216,19.1099,47.4566,1000,0,1000.0
GSM,216,18.9976,47.5168,1264,0,1000.0
LTE,216,19.1368,47.4397,500,0,500.0
LTE,216,19.1346,47.4439,1173,0,1000.0
LTE,216,19.1338,47.459,1000,0,1000.0
LTE,216,19.1869,47.3799,3574,0,300.0
LTE,216,19.0474,47.548,500,0,500.0
LTE,216,19.0451,47.5547,535,0,535.0
LTE,216,19.0504,47.3991,1000,0,1000.0
LTE,216,18.9853,47.5315,2641,0,1000.0
LTE,216,19.1364,47.4574,1000,0,1000.0
LTE,216,19.0836,47.4728,500,0,500.0
LTE,216,19.0497,47.5731,500,0,500.0
LTE,216,19.1427,47.436,1258,0,1000.0
LTE,216,19.0771,47.5572,602,0,602.0
LTE,216,19.1165,47.4535,1457,0,1000.0
LTE,216,19.0958,47.473,795,0,795.0
LTE,216,19.1042,47.4672,1000,0,1000.0
LTE,216,19.0325,47.5448,1000,0,1000.0
LTE,216,19.1366,47.5403,2487,0,1000.0
LTE,216,19.1058,47.4645,524,0,524.0
LTE,216,19.1249,47.4474,500,0,500.0
GSM,216,19.0387,47.5045,714,0,714.0
GSM,216,19.0702,47.485,886,0,886.0
LTE,216,19.0474,47.5692,557,0,557.0
LTE,216,19.2429,47.4571,5403,0,300.0
LTE,216,19.0687,47.5827,3259,0,300.0
LTE,216,19.0619,47.5683,1000,0,1000.0
LTE,216,19.0276,47.5303,1000,0,1000.0
LTE,216,19.0356,47.5141,1000,0,1000.0
LTE,216,19.0436,47.4985,1000,0,1000.0
LTE,216,19.1464,47.4513,1000,0,1000.0
LTE,216,18.9852,47.3993,2201,0,1000.0
LTE,216,19.0741,47.5657,6510,0,300.0
LTE,216,19.0905,47.5932,1660,0,1000.0
LTE,216,19.0465,47.561,4397,0,300.0
LTE,216,19.1425,47.5656,855,0,855.0
LTE,216,19.0415,47.5477,1000,0,1000.0
LTE,216,19.3388,47.3977,5997,0,300.0
LTE,216,19.3375,47.6149,1099,0,1000.0
LTE,216,19.1475,47.4541,1000,0,1000.0
LTE,216,19.1158,47.4842,1000,0,1000.0
LTE,216,19.0497,47.491,500,0,500.0
LTE,216,18.967,47.461,2074,0,1000.0
LTE,216,19.229,47.4357,3366,0,300.0
LTE,216,19.1553,47.5317,1000,0,1000.0
LTE,216,18.9851,47.4532,2670,0,1000.0
LTE,216,19.0575,47.4936,5645,0,300.0
LTE,216,19.0156,47.5231,1000,0,1000.0
LTE,216,19.1226,47.5872,8794,0,300.0
LTE,216,19.0999,47.4711,1000,0,1000.0
LTE,216,18.9767,47.5459,1982,0,1000.0
LTE,216,18.9899,47.5603,1782,0,1000.0
LTE,216,19.0,47.5551,4780,0,300.0
LTE,216,18.9973,47.5516,5217,0,300.0
LTE,216,18.9192,47.5643,6237,0,300.0
LTE,216,19.1231,47.5465,4148,0,300.0
LTE,216,19.0665,47.4896,864,0,864.0
LTE,216,19.1215,47.4498,1000,0,1000.0
LTE,216,19.0558,47.4982,1000,0,1000.0
LTE,216,19.0861,47.4553,3169,0,300.0
LTE,216,19.1208,47.5883,1000,0,1000.0
LTE,216,19.1245,47.4447,1000,0,1000.0
LTE,216,19.0619,47.6066,1141,0,1000.0
LTE,216,19.0618,47.6068,986,0,986.0
LTE,216,19.2448,47.5342,1830,0,1000.0
GSM,216,18.9475,47.4586,1610,0,1000.0
LTE,216,19.0981,47.5441,3728,0,300.0
LTE,216,19.0576,47.6009,1000,0,1000.0
LTE,216,19.0545,47.5975,1000,0,1000.0
LTE,216,19.0465,47.4819,1000,0,1000.0
LTE,216,19.2372,47.5145,1875,0,1000.0
LTE,216,19.3063,47.6223,6120,0,300.0
LTE,216,19.0563,47.4952,5704,0,300.0
LTE,216,19.0138,47.4046,6044,0,300.0
LTE,216,19.0327,47.4987,2837,0,1000.0
LTE,216,19.0887,47.4853,1000,0,1000.0
LTE,216,19.3159,47.6225,2000,0,1000.0
LTE,216,18.9922,47.5204,500,0,500.0
LTE,216,18.8993,47.564,7533,0,300.0
LTE,216,19.0487,47.5033,1000,0,1000.0
GSM,216,19.04,47.5137,1000,0,1000.0
LTE,216,19.0988,47.4789,1000,0,1000.0
LTE,216,19.0554,47.4979,1644,0,1000.0
LTE,216,19.0398,47.5154,1117,0,1000.0
LTE,216,19.0384,47.5209,1000,0,1000.0
LTE,216,19.039,47.5162,1086,0,1000.0
LTE,216,19.218,47.5139,1000,0,1000.0
LTE,216,19.0409,47.4984,1000,0,1000.0
LTE,216,19.0472,47.4994,500,0,500.0
LTE,216,19.074,47.498,500,0,500.0
LTE,216,19.0667,47.4958,1194,0,1000.0
LTE,216,19.0342,47.497,4511,0,300.0
LTE,216,19.0954,47.5476,926,0,926.0
LTE,216,19.1898,47.3684,1711,0,1000.0
LTE,216,18.9566,47.4578,3476,0,300.0
LTE,216,19.2077,47.3542,950,0,950.0
LTE,216,19.0483,47.4959,1000,0,1000.0
GSM,216,19.0403,47.5176,5244,0,1000.0
LTE,216,19.11,47.5436,1064,0,1000.0
LTE,216,19.1148,47.5434,530,0,530.0
LTE,216,19.1125,47.5473,1000,0,1000.0
LTE,216,19.1225,47.5501,873,0,873.0
GSM,216,19.0533,47.5772,2651,0,1000.0
LTE,216,19.0383,47.5229,857,0,857.0
GSM,216,19.0402,47.523,606,0,606.0
GSM,216,19.042,47.5203,636,0,636.0
LTE,216,19.0184,47.5701,1388,0,1000.0
LTE,216,19.0103,47.5767,691,0,691.0
LTE,216,19.0033,47.5798,1000,0,1000.0
LTE,216,18.9654,47.4506,1329,0,1000.0
LTE,216,19.2056,47.3519,1022,0,1000.0
LTE,216,19.0471,47.4993,1000,0,1000.0
GSM,216,19.2929,47.4136,3308,0,1000.0
LTE,216,19.0373,47.5264,1000,0,1000.0
LTE,216,19.0379,47.5236,1000,0,1000.0
LTE,216,19.1672,47.628,1239,0,1000.0
LTE,216,19.0358,47.5226,1637,0,1000.0
LTE,216,19.0452,47.4991,1000,0,1000.0
LTE,216,19.1656,47.6385,1335,0,1000.0
GSM,216,19.0067,47.5148,3250,0,1000.0
GSM,216,19.0098,47.5112,3018,0,1000.0
GSM,216,19.0206,47.5074,959,0,959.0
GSM,216,19.0523,47.4767,6886,0,1000.0
GSM,216,19.0579,47.4796,6999,0,1000.0
GSM,216,19.0166,47.5068,688,0,688.0
LTE,216,19.1071,47.5521,549,0,549.0
LTE,216,19.1096,47.5495,617,0,617.0
LTE,216,18.9422,47.3987,752,0,752.0
GSM,216,18.9376,47.4521,1303,0,1000.0
GSM,216,18.8884,47.4554,1932,0,1000.0
GSM,216,18.9116,47.4457,1917,0,1000.0
GSM,216,18.9066,47.4583,2049,0,1000.0
GSM,216,18.9677,47.4544,1647,0,1000.0
GSM,216,19.0555,47.4983,500,0,500.0
GSM,216,19.1346,47.5798,9079,0,1000.0
GSM,216,19.3279,47.6006,3368,0,1000.0
LTE,216,18.9129,47.4504,883,0,883.0
LTE,216,18.8995,47.4541,1464,0,1000.0
GSM,216,19.1012,47.4899,978,0,978.0
LTE,216,19.0212,47.3777,2945,0,1000.0
LTE,216,19.0152,47.3856,750,0,750.0
LTE,216,19.0095,47.3969,858,0,858.0
LTE,216,18.9965,47.3999,1537,0,1000.0
LTE,216,18.9664,47.3955,3061,0,300.0
LTE,216,18.9581,47.4127,900,0,900.0
LTE,216,19.0606,47.5102,500,0,500.0
LTE,216,19.0503,47.4994,1000,0,1000.0
GSM,216,18.9889,47.5203,2511,0,1000.0
GSM,216,18.9758,47.496,4998,0,1000.0
LTE,216,19.0053,47.4223,3652,0,300.0
GSM,216,18.8743,47.4048,3117,0,1000.0
GSM,216,18.8791,47.4131,2022,0,1000.0
GSM,216,18.86,47.3971,2290,0,1000.0
GSM,216,19.0536,47.5346,2781,0,1000.0
LTE,216,19.0588,47.5145,500,0,500.0
GSM,216,18.8633,47.3977,3375,0,1000.0
GSM,216,18.8802,47.414,1906,0,1000.0
GSM,216,19.3168,47.4649,2228,0,1000.0
LTE,216,19.1048,47.6034,789,0,789.0
LTE,216,19.048,47.4974,2195,0,1000.0
LTE,216,19.0421,47.5122,500,0,500.0
LTE,216,19.1152,47.5414,876,0,876.0
LTE,216,19.11,47.5404,8529,0,300.0
LTE,216,19.1004,47.5333,989,0,989.0
LTE,216,19.0995,47.5271,9315,0,300.0
LTE,216,19.0981,47.522,500,0,500.0
LTE,216,19.1301,47.4638,696,0,696.0
LTE,216,19.1318,47.4674,1000,0,1000.0
LTE,216,19.1817,47.4719,10143,0,300.0
LTE,216,19.1351,47.506,1948,0,1000.0
LTE,216,19.0577,47.5171,1000,0,1000.0
LTE,216,19.0548,47.5142,1000,0,1000.0
LTE,216,19.1127,47.5435,1000,0,1000.0
LTE,216,19.1145,47.5435,520,0,520.0
LTE,216,19.1164,47.5468,1000,0,1000.0
LTE,216,19.1186,47.5457,1000,0,1000.0
LTE,216,19.1225,47.5512,801,0,801.0
LTE,216,19.125,47.5568,851,0,851.0
LTE,216,19.13,47.5564,705,0,705.0
LTE,216,19.1627,47.5635,2028,0,1000.0
LTE,216,19.0368,47.5215,1000,0,1000.0
LTE,216,19.0362,47.5166,1000,0,1000.0
LTE,216,19.0363,47.5166,1000,0,1000.0
GSM,216,19.0499,47.4775,6698,0,1000.0
LTE,216,19.0962,47.5272,609,0,609.0
LTE,216,19.1032,47.5297,1000,0,1000.0
LTE,216,19.1485,47.4925,4923,0,300.0
LTE,216,19.1223,47.4882,634,0,634.0
LTE,216,19.1167,47.5232,1000,0,1000.0
LTE,216,19.1276,47.5191,1937,0,1000.0
LTE,216,19.1063,47.5376,1000,0,1000.0
LTE,216,19.0556,47.5044,2507,0,1000.0
LTE,216,19.168,47.6294,695,0,695.0
GSM,216,19.0539,47.5386,847,0,847.0
GSM,216,19.0353,47.5269,887,0,887.0
GSM,216,19.0325,47.5292,958,0,958.0
GSM,216,19.0637,47.5221,1129,0,1000.0
GSM,216,19.0661,47.5231,1318,0,1000.0
GSM,216,19.0689,47.5222,738,0,738.0
LTE,216,19.0426,47.512,512,0,512.0
GSM,216,19.0618,47.5388,1051,0,1000.0
LTE,216,19.1501,47.5808,2067,0,1000.0
LTE,216,19.1567,47.5748,1026,0,1000.0
LTE,216,19.0509,47.5019,1000,0,1000.0
LTE,216,19.0548,47.5017,2202,0,1000.0
GSM,216,19.0451,47.4997,888,0,888.0
LTE,216,19.1718,47.4583,13315,0,300.0
GSM,216,19.0924,47.4776,1061,0,1000.0
GSM,216,18.8817,47.4499,4441,0,1000.0
LTE,216,19.0323,47.4771,1521,0,1000.0
LTE,216,19.0279,47.4708,772,0,772.0
LTE,216,19.0227,47.4677,1000,0,1000.0
LTE,216,19.0508,47.5123,500,0,500.0
LTE,216,19.0624,47.4895,1000,0,1000.0
LTE,216,19.119,47.484,1000,0,1000.0
LTE,216,19.0578,47.5091,500,0,500.0
LTE,216,19.0595,47.508,674,0,674.0
LTE,216,19.0768,47.4687,500,0,500.0
LTE,216,19.05,47.4954,1000,0,1000.0
LTE,216,19.174,47.3564,1670,0,1000.0
LTE,216,18.8987,47.3622,3959,0,300.0
LTE,216,18.9046,47.4236,3653,0,300.0
LTE,216,19.2172,47.5923,7703,0,300.0
LTE,216,19.1285,47.5515,3518,0,300.0
LTE,216,19.0376,47.5064,1000,0,1000.0
LTE,216,19.0513,47.4986,2580,0,1000.0
LTE,216,19.0582,47.5024,1000,0,1000.0
LTE,216,19.0264,47.482,1989,0,1000.0
LTE,216,19.0219,47.4636,4364,0,300.0
LTE,216,18.9345,47.4026,566,0,566.0
LTE,216,19.0014,47.4613,1297,0,1000.0
LTE,216,19.0435,47.4764,1000,0,1000.0
LTE,216,19.0472,47.4777,500,0,500.0
LTE,216,19.0494,47.4786,1000,0,1000.0
LTE,216,19.0492,47.4801,2746,0,1000.0
LTE,216,19.1034,47.5245,1000,0,1000.0
LTE,216,19.1762,47.4585,1386,0,1000.0
LTE,216,19.2929,47.6063,1103,0,1000.0
LTE,216,19.0215,47.4864,1383,0,1000.0
LTE,216,19.1828,47.3596,976,0,976.0
LTE,216,19.3331,47.4657,964,0,964.0
LTE,216,19.3239,47.4774,1260,0,1000.0
LTE,216,19.0543,47.474,1000,0,1000.0
LTE,216,19.0352,47.4738,2313,0,1000.0
GSM,216,19.1088,47.369,2083,0,1000.0
GSM,216,19.3468,47.4108,6378,0,1000.0
LTE,216,18.9636,47.4028,1090,0,1000.0
LTE,216,18.9989,47.3981,1310,0,1000.0
LTE,216,19.0477,47.5057,1000,0,1000.0
LTE,216,19.042,47.5171,1000,0,1000.0
LTE,216,19.0526,47.4952,1063,0,1000.0
LTE,216,19.1275,47.5665,954,0,954.0
LTE,216,19.1229,47.5667,1000,0,1000.0
LTE,216,19.332,47.4583,2368,0,1000.0
LTE,216,19.1406,47.4917,1713,0,1000.0
LTE,216,19.0489,47.499,1302,0,1000.0
LTE,216,19.0093,47.4457,2002,0,1000.0
LTE,216,19.0057,47.4415,568,0,568.0
LTE,216,19.0229,47.3819,523,0,523.0
LTE,216,19.0307,47.3782,843,0,843.0
LTE,216,19.0398,47.3795,1302,0,1000.0
LTE,216,19.0505,47.3808,859,0,859.0
LTE,216,19.0992,47.5332,2886,0,1000.0
LTE,216,19.1066,47.5377,609,0,609.0
LTE,216,19.2936,47.6065,953,0,953.0
LTE,216,19.0716,47.5479,1256,0,1000.0
LTE,216,18.9496,47.3935,4959,0,300.0
LTE,216,18.9908,47.3915,1100,0,1000.0
LTE,216,19.3199,47.4218,3260,0,300.0
LTE,216,19.1466,47.5167,4873,0,300.0
GSM,216,19.3452,47.5878,2573,0,1000.0
LTE,216,19.012,47.4767,675,0,675.0
LTE,216,19.0722,47.4686,500,0,500.0
LTE,216,19.0552,47.5068,1000,0,1000.0
LTE,216,19.0312,47.4824,1109,0,1000.0
LTE,216,19.1088,47.5544,1000,0,1000.0
LTE,216,19.1074,47.5509,1000,0,1000.0
LTE,216,19.0988,47.5473,707,0,707.0
LTE,216,19.047,47.4773,1000,0,1000.0
LTE,216,18.9041,47.4563,800,0,800.0
LTE,216,18.9076,47.4485,822,0,822.0
LTE,216,19.0489,47.5055,771,0,771.0
LTE,216,19.0489,47.5041,1000,0,1000.0
LTE,216,19.0438,47.5168,8177,0,300.0
LTE,216,19.0656,47.4674,2248,0,1000.0
LTE,216,19.0416,47.4986,554,0,554.0
LTE,216,19.0873,47.5789,538,0,538.0
LTE,216,19.1043,47.562,1003,0,1000.0
LTE,216,19.1062,47.4623,1000,0,1000.0
GSM,216,18.9745,47.5336,1280,0,1000.0
LTE,216,19.0518,47.5046,1000,0,1000.0
LTE,216,19.0513,47.5122,1000,0,1000.0
LTE,216,19.0526,47.5148,1000,0,1000.0
LTE,216,19.0515,47.5036,1000,0,1000.0
LTE,216,19.1872,47.4748,6867,0,300.0
LTE,216,18.9876,47.5209,1000,0,1000.0
GSM,216,19.0274,47.4835,615,0,615.0
GSM,216,19.0264,47.4821,769,0,769.0
GSM,216,18.9759,47.5283,2950,0,1000.0
GSM,216,19.1659,47.461,1103,0,1000.0
LTE,216,19.1261,47.5302,500,0,500.0
LTE,216,19.1305,47.5352,500,0,500.0
LTE,216,19.1254,47.5377,1000,0,1000.0
GSM,216,19.0326,47.4788,1000,0,1000.0
LTE,216,19.0268,47.486,1881,0,1000.0
LTE,216,19.0519,47.5123,1000,0,1000.0
LTE,216,19.0441,47.5048,6582,0,300.0
GSM,216,19.0554,47.4818,1000,0,1000.0
GSM,216,19.0578,47.4756,1000,0,1000.0
LTE,216,19.0515,47.5151,1000,0,1000.0
GSM,216,19.0804,47.4866,1000,0,1000.0
LTE,216,19.0876,47.4701,500,0,500.0
LTE,216,19.1557,47.5699,1227,0,1000.0
LTE,216,19.2993,47.5864,1831,0,1000.0
LTE,216,19.3433,47.4534,1709,0,1000.0
LTE,216,19.06,47.4918,1000,0,1000.0
LTE,216,19.0516,47.4735,1000,0,1000.0
LTE,216,19.0461,47.4743,1163,0,1000.0
LTE,216,19.1453,47.5079,2435,0,1000.0
LTE,216,19.1424,47.5087,5641,0,300.0
GSM,216,19.1451,47.6097,1198,0,1000.0
GSM,216,18.8914,47.4319,2082,0,1000.0
LTE,216,19.0594,47.494,500,0,500.0
LTE,216,19.2492,47.5979,1571,0,1000.0
LTE,216,19.2456,47.5971,2361,0,1000.0
LTE,216,19.2537,47.5991,1660,0,1000.0
LTE,216,18.9742,47.4001,991,0,991.0
LTE,216,18.8818,47.4638,816,0,816.0
LTE,216,18.882,47.4552,1184,0,1000.0
LTE,216,19.2239,47.5181,2284,0,1000.0
LTE,216,19.2062,47.5078,1000,0,1000.0
LTE,216,18.9545,47.5951,1715,0,1000.0
LTE,216,19.1367,47.569,1000,0,1000.0
LTE,216,19.2453,47.5308,1097,0,1000.0
GSM,216,19.1421,47.5169,8149,0,1000.0
GSM,216,19.0291,47.4758,2434,0,1000.0
GSM,216,19.0196,47.4699,996,0,996.0
LTE,216,19.1368,47.5067,5774,0,300.0
LTE,216,19.1417,47.5097,2131,0,1000.0
GSM,216,19.0182,47.469,1139,0,1000.0
LTE,216,19.0367,47.5332,1000,0,1000.0
LTE,216,19.0389,47.533,1000,0,1000.0
LTE,216,19.0397,47.5343,1000,0,1000.0
LTE,216,19.0378,47.5352,1000,0,1000.0
LTE,216,19.0243,47.491,1000,0,1000.0
LTE,216,19.0548,47.4862,1000,0,1000.0
LTE,216,19.0479,47.4893,934,0,934.0
LTE,216,19.0493,47.491,500,0,500.0
LTE,216,19.0538,47.4927,1000,0,1000.0
GSM,216,19.0737,47.4896,1000,0,1000.0
LTE,216,18.9453,47.521,9279,0,300.0
LTE,216,18.8719,47.4693,722,0,722.0
LTE,216,19.041,47.5393,1484,0,1000.0
LTE,216,19.0427,47.5446,1000,0,1000.0
LTE,216,19.0376,47.5329,1118,0,1000.0
LTE,216,19.0373,47.5341,1090,0,1000.0
LTE,216,19.0248,47.6404,1000,0,1000.0
GSM,216,18.87,47.4662,2179,0,1000.0
LTE,216,19.0559,47.4825,684,0,684.0
LTE,216,19.0399,47.5214,699,0,699.0
LTE,216,19.0371,47.5273,500,0,500.0
LTE,216,19.0422,47.5139,513,0,513.0
LTE,216,19.0523,47.483,500,0,500.0
LTE,216,19.0513,47.4862,1549,0,1000.0
LTE,216,19.0598,47.4775,668,0,668.0
GSM,216,18.9748,47.5291,726,0,726.0
LTE,216,19.0388,47.532,1000,0,1000.0
LTE,216,19.0407,47.5413,500,0,500.0
LTE,216,19.0769,47.6466,6227,0,300.0
LTE,216,19.0385,47.5358,1556,0,1000.0
LTE,216,19.0415,47.4915,1642,0,1000.0
LTE,216,19.03,47.4882,1000,0,1000.0
LTE,216,18.9942,47.4588,1269,0,1000.0
LTE,216,18.9445,47.5242,1000,0,1000.0
LTE,216,19.1066,47.5402,684,0,684.0
LTE,216,19.1052,47.5366,1000,0,1000.0
LTE,216,19.0961,47.5214,1000,0,1000.0
LTE,216,19.0551,47.5109,593,0,593.0
LTE,216,19.0361,47.5138,1122,0,1000.0
LTE,216,18.9908,47.5219,500,0,500.0
LTE,216,18.9921,47.5226,719,0,719.0
LTE,216,19.0518,47.4808,500,0,500.0
LTE,216,19.0373,47.5295,522,0,522.0
LTE,216,19.036,47.5281,1000,0,1000.0
LTE,216,19.038,47.5255,1238,0,1000.0
LTE,216,19.0254,47.4997,639,0,639.0
LTE,216,19.0352,47.4969,2157,0,1000.0
GSM,216,18.9379,47.4463,1453,0,1000.0
LTE,216,18.9938,47.425,829,0,829.0
LTE,216,18.9751,47.4032,2447,0,1000.0
LTE,216,19.0018,47.4457,1000,0,1000.0
LTE,216,19.0022,47.4484,1387,0,1000.0
LTE,216,19.0393,47.4554,1000,0,1000.0
LTE,216,19.0425,47.4579,1000,0,1000.0
LTE,216,19.0293,47.488,1000,0,1000.0
LTE,216,19.0326,47.4888,500,0,500.0
LTE,216,19.0377,47.5285,552,0,552.0
LTE,216,19.0397,47.5364,500,0,500.0
LTE,216,19.0405,47.5344,1000,0,1000.0
LTE,216,19.0291,47.5298,500,0,500.0
LTE,216,19.0606,47.511,1000,0,1000.0
LTE,216,19.0569,47.5088,1000,0,1000.0
LTE,216,19.0298,47.5072,1000,0,1000.0
LTE,216,19.0261,47.5074,1000,0,1000.0
LTE,216,19.0419,47.5286,1581,0,1000.0
LTE,216,19.053,47.505,1000,0,1000.0
LTE,216,19.0331,47.4889,1000,0,1000.0
LTE,216,19.0422,47.4904,500,0,500.0
LTE,216,18.9404,47.4446,652,0,652.0
LTE,216,19.0262,47.479,1509,0,1000.0
LTE,216,19.0204,47.4704,500,0,500.0
LTE,216,19.0061,47.4545,1710,0,1000.0
LTE,216,18.999,47.4603,1258,0,1000.0
LTE,216,18.9936,47.458,1195,0,1000.0
LTE,216,18.982,47.457,1028,0,1000.0
GSM,216,18.9282,47.4522,7114,0,1000.0
LTE,216,19.0593,47.5077,1028,0,1000.0
LTE,216,19.0393,47.5159,833,0,833.0
LTE,216,19.0452,47.5063,5320,0,300.0
LTE,216,19.0417,47.4978,595,0,595.0
LTE,216,19.0664,47.4782,1055,0,1000.0
LTE,216,19.294,47.4194,2685,0,1000.0
LTE,216,19.0353,47.5362,500,0,500.0
LTE,216,19.0315,47.5389,505,0,505.0
LTE,216,19.0374,47.539,500,0,500.0
LTE,216,19.0355,47.5436,500,0,500.0
LTE,216,19.042,47.5036,1056,0,1000.0
LTE,216,19.0448,47.4934,1000,0,1000.0
GSM,216,18.974,47.5255,645,0,645.0
GSM,216,19.0258,47.4749,621,0,621.0
GSM,216,19.0219,47.4747,1663,0,1000.0
LTE,216,19.0692,47.6433,1798,0,1000.0
LTE,216,19.317,47.5002,2622,0,1000.0
LTE,216,19.0503,47.5044,1000,0,1000.0
LTE,216,19.0495,47.5011,897,0,897.0
LTE,216,19.054,47.4977,623,0,623.0
LTE,216,19.056,47.5011,1000,0,1000.0
LTE,216,19.1102,47.5406,1000,0,1000.0
LTE,216,19.1159,47.5448,1000,0,1000.0
LTE,216,19.1251,47.5512,830,0,830.0
LTE,216,19.1325,47.5577,595,0,595.0
LTE,216,19.1437,47.5649,1146,0,1000.0
LTE,216,19.1129,47.607,500,0,500.0
LTE,216,19.0619,47.489,500,0,500.0
LTE,216,19.0629,47.4906,500,0,500.0
LTE,216,19.0535,47.4914,1000,0,1000.0
LTE,216,19.0398,47.5081,3441,0,300.0
LTE,216,19.0472,47.5168,1000,0,1000.0
LTE,216,19.0706,47.4895,1000,0,1000.0
LTE,216,19.0397,47.4681,1000,0,1000.0
LTE,216,19.0364,47.468,1000,0,1000.0
LTE,216,19.0341,47.4679,500,0,500.0
LTE,216,19.062,47.4691,1000,0,1000.0
LTE,216,19.0409,47.4932,1000,0,1000.0
LTE,216,19.0533,47.4745,3683,0,300.0
LTE,216,19.0518,47.4757,1527,0,1000.0
LTE,216,19.0571,47.4753,500,0,500.0
LTE,216,19.1031,47.5365,1000,0,1000.0
LTE,216,18.9797,47.4598,2343,0,1000.0
LTE,216,18.9941,47.4581,750,0,750.0
LTE,216,19.01,47.4584,2190,0,1000.0
LTE,216,19.0208,47.4695,611,0,611.0
LTE,216,19.0283,47.4793,1000,0,1000.0
LTE,216,19.0262,47.4799,1101,0,1000.0
LTE,216,19.0259,47.484,689,0,689.0
LTE,216,19.0752,47.4682,500,0,500.0
LTE,216,19.069,47.4677,1536,0,1000.0
LTE,216,18.9811,47.3971,1121,0,1000.0
LTE,216,19.0438,47.4763,6472,0,300.0
LTE,216,19.2702,47.3906,3978,0,300.0
LTE,216,19.3027,47.4074,2808,0,1000.0
LTE,216,19.1165,47.4691,1000,0,1000.0
LTE,216,19.038,47.5177,1514,0,1000.0
LTE,216,19.0974,47.5005,1000,0,1000.0
LTE,216,19.076,47.4713,1000,0,1000.0
LTE,216,19.2511,47.4222,6680,0,300.0
LTE,216,19.2618,47.3996,3832,0,300.0
LTE,216,19.0731,47.4727,1000,0,1000.0
LTE,216,19.0549,47.5046,500,0,500.0
LTE,216,19.0548,47.505,1000,0,1000.0
GSM,216,19.0286,47.4894,597,0,597.0
LTE,216,19.0702,47.4931,1000,0,1000.0
LTE,216,19.0698,47.4911,1000,0,1000.0
LTE,216,19.0694,47.539,500,0,500.0
LTE,216,19.0044,47.4606,1252,0,1000.0
LTE,216,19.0129,47.4614,2248,0,1000.0
LTE,216,19.0363,47.4768,1000,0,1000.0
LTE,216,19.0828,47.4693,1000,0,1000.0
LTE,216,19.0993,47.4769,500,0,500.0
LTE,216,19.0507,47.4713,2486,0,1000.0
LTE,216,19.0501,47.4789,1000,0,1000.0
LTE,216,19.0254,47.4739,1626,0,1000.0
LTE,216,18.9918,47.4603,675,0,675.0
LTE,216,19.0119,47.3996,1068,0,1000.0
LTE,216,19.2205,47.3602,1853,0,1000.0
GSM,216,19.0896,47.5167,2670,0,1000.0
LTE,216,19.0347,47.4498,1910,0,1000.0
LTE,216,19.0319,47.4485,5315,0,300.0
LTE,216,19.0603,47.4918,1000,0,1000.0
LTE,216,19.3153,47.4664,6122,0,300.0
LTE,216,19.0026,47.5144,4761,0,300.0
LTE,216,19.0675,47.3779,1338,0,1000.0
LTE,216,19.0239,47.5319,3828,0,300.0
GSM,216,19.026,47.501,1696,0,1000.0
LTE,216,19.0165,47.5308,1000,0,1000.0
GSM,216,18.9732,47.5274,558,0,558.0
LTE,216,19.0322,47.5696,2427,0,1000.0
LTE,216,19.0232,47.5622,1000,0,1000.0
LTE,216,19.2308,47.3646,2590,0,1000.0
LTE,216,19.2698,47.3796,1851,0,1000.0
LTE,216,19.012,47.395,1423,0,1000.0
LTE,216,19.0166,47.3854,1193,0,1000.0
LTE,216,19.034,47.3795,709,0,709.0
LTE,216,19.0483,47.3797,603,0,603.0
LTE,216,19.022,47.3812,690,0,690.0
LTE,216,18.9597,47.4148,1113,0,1000.0
LTE,216,19.2434,47.4897,502,0,502.0
LTE,216,19.0486,47.5654,500,0,500.0
LTE,216,18.9697,47.4048,1181,0,1000.0
LTE,216,19.0292,47.384,1345,0,1000.0
LTE,216,19.0545,47.5034,500,0,500.0
LTE,216,19.18,47.456,1000,0,1000.0
LTE,216,19.1195,47.4934,1000,0,1000.0
LTE,216,19.0788,47.5646,949,0,949.0
GSM,216,19.0222,47.4718,1000,0,1000.0
GSM,216,19.0274,47.4762,810,0,810.0
GSM,216,19.0377,47.476,1000,0,1000.0
LTE,216,19.1746,47.4577,566,0,566.0
LTE,216,19.1784,47.4576,987,0,987.0
LTE,216,19.0386,47.5225,861,0,861.0
LTE,216,18.9743,47.3992,850,0,850.0
LTE,216,18.9829,47.3978,1528,0,1000.0
LTE,216,19.0727,47.3772,1103,0,1000.0
LTE,216,19.0368,47.5213,1000,0,1000.0
LTE,216,19.0284,47.5434,1336,0,1000.0
LTE,216,19.273,47.5124,4775,0,300.0
LTE,216,19.1174,47.6197,1059,0,1000.0
LTE,216,19.0278,47.4649,1000,0,1000.0
LTE,216,19.0266,47.4882,534,0,534.0
LTE,216,19.0243,47.4913,1000,0,1000.0
LTE,216,19.0221,47.5078,1000,0,1000.0
LTE,216,19.0181,47.5074,1000,0,1000.0
LTE,216,19.0166,47.5122,1132,0,1000.0
LTE,216,19.0076,47.5117,1370,0,1000.0
LTE,216,19.0034,47.5144,594,0,594.0
LTE,216,19.0038,47.5143,1312,0,1000.0
LTE,216,18.9925,47.5197,1007,0,1000.0
LTE,216,18.9809,47.5239,1004,0,1000.0
LTE,216,18.9915,47.5253,717,0,717.0
LTE,216,18.9781,47.5463,8516,0,300.0
LTE,216,18.9869,47.5281,1438,0,1000.0
LTE,216,18.9811,47.5272,946,0,946.0
LTE,216,19.0266,47.4834,500,0,500.0
LTE,216,19.0366,47.51,1545,0,1000.0
LTE,216,19.0402,47.515,1000,0,1000.0
LTE,216,19.011,47.5598,2349,0,1000.0
LTE,216,19.0251,47.5385,760,0,760.0
LTE,216,19.025,47.5498,720,0,720.0
LTE,216,19.0104,47.5317,813,0,813.0
LTE,216,19.0189,47.5298,887,0,887.0
LTE,216,18.9886,47.5252,795,0,795.0
LTE,216,19.0166,47.5236,1000,0,1000.0
LTE,216,19.0159,47.5225,1000,0,1000.0
LTE,216,19.2966,47.6076,1313,0,1000.0
LTE,216,18.8589,47.3869,3188,0,300.0
LTE,216,18.8791,47.3952,4506,0,300.0
LTE,216,18.8842,47.4191,2331,0,1000.0
LTE,216,19.2628,47.4237,813,0,813.0
LTE,216,18.8977,47.4285,738,0,738.0
LTE,216,18.9164,47.4209,903,0,903.0
LTE,216,19.2211,47.4431,7369,0,300.0
GSM,216,18.9652,47.5349,1537,0,1000.0
LTE,216,19.0183,47.5139,777,0,777.0
LTE,216,19.031,47.541,500,0,500.0
LTE,216,19.0016,47.5288,500,0,500.0
LTE,216,18.9925,47.522,500,0,500.0
LTE,216,18.9831,47.5286,1995,0,1000.0
LTE,216,19.0292,47.5082,1000,0,1000.0
LTE,216,19.0247,47.5114,1038,0,1000.0
LTE,216,18.9499,47.5402,2454,0,1000.0
LTE,216,18.9606,47.5243,4869,0,300.0
LTE,216,19.2405,47.4234,993,0,993.0
LTE,216,19.2331,47.4294,890,0,890.0
LTE,216,19.1372,47.4652,1000,0,1000.0
LTE,216,19.0989,47.4994,1119,0,1000.0
GSM,216,18.9276,47.4498,2867,0,1000.0
LTE,216,18.929,47.4499,1173,0,1000.0
LTE,216,19.2127,47.5385,1337,0,1000.0
LTE,216,19.0858,47.5333,1000,0,1000.0
LTE,216,19.2079,47.5418,1542,0,1000.0
LTE,216,19.2199,47.5362,1233,0,1000.0
LTE,216,18.9185,47.4484,2302,0,1000.0
LTE,216,19.0105,47.5102,500,0,500.0
LTE,216,19.0333,47.5088,1000,0,1000.0
LTE,216,19.0342,47.5065,1046,0,1000.0
GSM,216,19.0123,47.5096,735,0,735.0
GSM,216,18.997,47.517,1909,0,1000.0
GSM,216,19.002,47.5144,852,0,852.0
GSM,216,18.9858,47.5231,674,0,674.0
LTE,216,19.321,47.3974,1834,0,1000.0
LTE,216,18.8983,47.4348,2906,0,1000.0
GSM,216,18.9121,47.4562,5834,0,1000.0
GSM,216,19.0287,47.4936,928,0,928.0
LTE,216,18.9727,47.5306,1000,0,1000.0
LTE,216,19.1511,47.5292,1000,0,1000.0
LTE,216,18.9871,47.5134,4775,0,300.0
LTE,216,19.1874,47.3713,891,0,891.0
LTE,216,19.1744,47.3708,2305,0,1000.0
LTE,216,18.9781,47.5207,1150,0,1000.0
LTE,216,19.0368,47.5146,1000,0,1000.0
LTE,216,19.0334,47.5119,500,0,500.0
LTE,216,19.035,47.5123,1000,0,1000.0
GSM,216,18.8877,47.4602,1266,0,1000.0
GSM,216,18.8998,47.4635,1593,0,1000.0
GSM,216,18.8823,47.4591,1797,0,1000.0
GSM,216,18.9078,47.4707,6175,0,1000.0
LTE,216,19.3405,47.4793,1955,0,1000.0
LTE,216,19.1267,47.5996,1244,0,1000.0
LTE,216,19.0478,47.5648,1000,0,1000.0
LTE,216,19.0457,47.5317,617,0,617.0
LTE,216,19.0433,47.525,646,0,646.0
LTE,216,19.0477,47.5363,1000,0,1000.0
LTE,216,19.0501,47.5366,641,0,641.0
LTE,216,19.0588,47.5363,611,0,611.0
LTE,216,19.0571,47.5368,790,0,790.0
LTE,216,19.0633,47.5348,1000,0,1000.0
LTE,216,19.0661,47.5332,1000,0,1000.0
LTE,216,19.0695,47.5308,1000,0,1000.0
LTE,216,19.0745,47.5299,1000,0,1000.0
LTE,216,19.0824,47.523,1075,0,1000.0
LTE,216,19.0401,47.5335,1000,0,1000.0
LTE,216,19.0437,47.5308,1000,0,1000.0
LTE,216,19.0298,47.5297,1000,0,1000.0
LTE,216,19.2517,47.4376,5567,0,300.0
LTE,216,19.0343,47.4723,1000,0,1000.0
LTE,216,18.911,47.454,4224,0,300.0
LTE,216,18.9088,47.4571,2816,0,1000.0
LTE,216,18.918,47.4477,959,0,959.0
LTE,216,18.9212,47.4576,5176,0,300.0
LTE,216,18.9241,47.4555,4778,0,300.0
LTE,216,18.994,47.5193,1000,0,1000.0
LTE,216,18.9893,47.521,1000,0,1000.0
LTE,216,18.9834,47.5213,2980,0,1000.0
LTE,216,19.0281,47.4541,2501,0,1000.0
LTE,216,19.1541,47.3662,1571,0,1000.0
LTE,216,19.1376,47.3625,1601,0,1000.0
LTE,216,19.1296,47.3667,1120,0,1000.0
LTE,216,19.1077,47.3683,1676,0,1000.0
LTE,216,19.1157,47.368,1091,0,1000.0
LTE,216,19.0998,47.3692,917,0,917.0
LTE,216,19.0773,47.376,1271,0,1000.0
LTE,216,19.1175,47.4815,2187,0,1000.0
LTE,216,19.0314,47.5482,1000,0,1000.0
LTE,216,19.0294,47.5455,1000,0,1000.0
LTE,216,18.9927,47.4584,1372,0,1000.0
LTE,216,19.1205,47.6045,636,0,636.0
LTE,216,19.126,47.4829,572,0,572.0
LTE,216,19.1226,47.4875,587,0,587.0
LTE,216,19.254,47.4805,677,0,677.0
LTE,216,19.2548,47.4798,552,0,552.0
LTE,216,19.2314,47.4845,619,0,619.0
LTE,216,19.2265,47.4855,1000,0,1000.0
LTE,216,19.1091,47.4882,680,0,680.0
LTE,216,19.1068,47.4878,2214,0,1000.0
LTE,216,19.0998,47.4753,711,0,711.0
LTE,216,19.0971,47.472,500,0,500.0
LTE,216,19.0975,47.4707,4095,0,300.0
LTE,216,19.0877,47.4699,1407,0,1000.0
LTE,216,19.0796,47.4682,1407,0,1000.0
LTE,216,19.0816,47.4688,500,0,500.0
LTE,216,19.0795,47.4685,921,0,921.0
LTE,216,19.0579,47.4694,929,0,929.0
LTE,216,19.0501,47.4706,1000,0,1000.0
LTE,216,19.0493,47.4675,1000,0,1000.0
LTE,216,19.0493,47.4664,746,0,746.0
LTE,216,19.0494,47.467,500,0,500.0
LTE,216,19.0587,47.4698,1278,0,1000.0
LTE,216,19.0884,47.4701,765,0,765.0
LTE,216,19.091,47.4711,860,0,860.0
LTE,216,19.0962,47.4778,1000,0,1000.0
LTE,216,19.1713,47.4897,6666,0,300.0
LTE,216,19.2227,47.4879,504,0,504.0
LTE,216,19.2482,47.4827,809,0,809.0
LTE,216,19.0961,47.4768,857,0,857.0
LTE,216,19.2743,47.4831,500,0,500.0
LTE,216,19.2052,47.4853,9258,0,300.0
LTE,216,19.0822,47.4698,1000,0,1000.0
LTE,216,19.2005,47.3535,1538,0,1000.0
LTE,216,19.3126,47.4644,672,0,672.0
LTE,216,19.3093,47.4643,813,0,813.0
LTE,216,19.0528,47.4932,5994,0,300.0
LTE,216,19.0585,47.4911,5626,0,300.0
LTE,216,19.0566,47.4894,1000,0,1000.0
GSM,216,19.0636,47.4929,1000,0,1000.0
GSM,216,19.0535,47.4842,830,0,830.0
LTE,216,19.0636,47.4925,1000,0,1000.0
LTE,216,18.9151,47.4484,1686,0,1000.0
LTE,216,19.3067,47.5003,2680,0,1000.0
LTE,216,19.2268,47.4535,2237,0,1000.0
LTE,216,19.238,47.4702,563,0,563.0
LTE,216,19.2979,47.468,572,0,572.0
LTE,216,19.2989,47.4492,3865,0,300.0
LTE,216,19.1817,47.3602,907,0,907.0
LTE,216,19.056,47.4978,1000,0,1000.0
LTE,216,19.057,47.496,1000,0,1000.0
LTE,216,19.3175,47.4619,5575,0,300.0
LTE,216,19.282,47.4681,780,0,780.0
LTE,216,19.257,47.4804,715,0,715.0
LTE,216,19.3239,47.4917,1003,0,1000.0
LTE,216,19.1034,47.3605,5423,0,300.0
LTE,216,19.0829,47.474,1000,0,1000.0
LTE,216,19.3343,47.4746,2987,0,1000.0
LTE,216,19.2917,47.455,3816,0,300.0
LTE,216,19.2701,47.4872,580,0,580.0
LTE,216,19.2469,47.4882,1000,0,1000.0
LTE,216,19.2407,47.4949,6424,0,300.0
LTE,216,19.2321,47.4969,676,0,676.0
LTE,216,19.3097,47.4953,1370,0,1000.0
LTE,216,19.0093,47.5294,500,0,500.0
GSM,216,19.0417,47.5254,1169,0,1000.0
GSM,216,19.0256,47.4777,1756,0,1000.0
GSM,216,19.0242,47.4838,1409,0,1000.0
LTE,216,19.2753,47.4735,520,0,520.0
LTE,216,19.1089,47.487,500,0,500.0
LTE,216,19.1884,47.3538,3481,0,300.0
LTE,216,19.0857,47.521,1782,0,1000.0
LTE,216,19.0874,47.5209,1077,0,1000.0
LTE,216,19.0838,47.5188,1000,0,1000.0
LTE,216,19.0548,47.5103,1000,0,1000.0
LTE,216,19.0682,47.5078,1000,0,1000.0
LTE,216,19.0701,47.5096,500,0,500.0
LTE,216,19.0727,47.5112,1000,0,1000.0
LTE,216,19.0757,47.5123,1000,0,1000.0
LTE,216,19.0866,47.521,753,0,753.0
LTE,216,19.088,47.5175,600,0,600.0
LTE,216,19.0877,47.5161,544,0,544.0
LTE,216,19.0883,47.5163,509,0,509.0
LTE,216,19.0902,47.5169,636,0,636.0
LTE,216,19.0816,47.4984,6155,0,300.0
LTE,216,19.0896,47.5049,2218,0,1000.0
LTE,216,19.0949,47.5086,1694,0,1000.0
LTE,216,19.0977,47.5095,1000,0,1000.0
LTE,216,19.1001,47.5102,1000,0,1000.0
LTE,216,19.0966,47.5137,523,0,523.0
LTE,216,19.0931,47.5169,500,0,500.0
LTE,216,19.0932,47.5167,718,0,718.0
LTE,216,19.1112,47.5331,1000,0,1000.0
LTE,216,19.1101,47.5487,1000,0,1000.0
LTE,216,19.1198,47.5564,1000,0,1000.0
LTE,216,19.0745,47.4894,1000,0,1000.0
LTE,216,19.0784,47.4896,1000,0,1000.0
LTE,216,19.0812,47.4886,1000,0,1000.0
LTE,216,19.0813,47.4884,1000,0,1000.0
LTE,216,19.0903,47.4894,1000,0,1000.0
LTE,216,19.0944,47.488,636,0,636.0
LTE,216,19.1019,47.4913,1000,0,1000.0
GSM,216,19.0669,47.5021,1000,0,1000.0
LTE,216,19.0411,47.4995,739,0,739.0
LTE,216,19.0738,47.5243,500,0,500.0
LTE,216,19.0768,47.5252,500,0,500.0
LTE,216,19.1069,47.5004,1000,0,1000.0
LTE,216,19.1099,47.4994,1000,0,1000.0
LTE,216,19.1649,47.5682,1241,0,1000.0
LTE,216,19.2625,47.5157,1082,0,1000.0
LTE,216,19.0232,47.5072,500,0,500.0
LTE,216,18.9171,47.4973,4010,0,300.0
LTE,216,18.9035,47.4764,1514,0,1000.0
LTE,216,19.0165,47.5569,1190,0,1000.0
LTE,216,19.1549,47.3653,1738,0,1000.0
LTE,216,18.9558,47.4402,2132,0,1000.0
LTE,216,18.9912,47.4475,5190,0,300.0
LTE,216,19.0075,47.4357,500,0,500.0
LTE,216,19.2401,47.4875,1000,0,1000.0
LTE,216,19.2856,47.5092,1694,0,1000.0
LTE,216,19.2595,47.4678,1422,0,1000.0
LTE,216,19.1011,47.4923,1566,0,1000.0
LTE,216,19.1079,47.4951,1000,0,1000.0
LTE,216,19.1189,47.4931,1000,0,1000.0
LTE,216,19.1127,47.4917,2359,0,1000.0
LTE,216,19.1173,47.4924,1035,0,1000.0
LTE,216,19.0478,47.4918,630,0,630.0
LTE,216,19.0459,47.4928,500,0,500.0
LTE,216,19.0468,47.4768,1000,0,1000.0
LTE,216,19.0483,47.4781,1000,0,1000.0
LTE,216,19.0462,47.4779,1000,0,1000.0
LTE,216,19.0604,47.4772,500,0,500.0
LTE,216,19.0707,47.444,1478,0,1000.0
LTE,216,19.0672,47.4316,1000,0,1000.0
LTE,216,19.0856,47.4039,1000,0,1000.0
LTE,216,19.0893,47.3994,500,0,500.0
LTE,216,19.094,47.3934,1097,0,1000.0
LTE,216,19.1031,47.3896,834,0,834.0
LTE,216,19.0957,47.3902,1000,0,1000.0
LTE,216,19.0987,47.3896,1000,0,1000.0
LTE,216,19.091,47.4173,1000,0,1000.0
LTE,216,19.0223,47.5082,1000,0,1000.0
LTE,216,19.0284,47.6458,2550,0,1000.0
LTE,216,19.2644,47.4345,1000,0,1000.0
LTE,216,19.0909,47.3732,1939,0,1000.0
LTE,216,19.0911,47.5176,1026,0,1000.0
LTE,216,19.0972,47.5139,571,0,571.0
LTE,216,19.0852,47.5023,1000,0,1000.0
LTE,216,19.0632,47.5326,2476,0,1000.0
LTE,216,18.9868,47.4485,1005,0,1000.0
LTE,216,18.9826,47.4588,635,0,635.0
LTE,216,19.0023,47.4455,1248,0,1000.0
LTE,216,19.2639,47.5289,5214,0,300.0
LTE,216,19.1057,47.514,3214,0,300.0
LTE,216,19.2204,47.4975,1300,0,1000.0
LTE,216,19.0732,47.5274,1000,0,1000.0
LTE,216,19.0732,47.5294,1000,0,1000.0
LTE,216,19.0704,47.5304,1000,0,1000.0
LTE,216,19.0677,47.531,1000,0,1000.0
LTE,216,19.0576,47.5365,1000,0,1000.0
LTE,216,19.0381,47.5199,670,0,670.0
LTE,216,19.2563,47.5135,1230,0,1000.0
GSM,216,19.1121,47.4696,794,0,794.0
GSM,216,19.1055,47.5018,1000,0,1000.0
LTE,216,19.1656,47.3986,1034,0,1000.0
LTE,216,19.1596,47.4073,1256,0,1000.0
LTE,216,19.107,47.4635,1348,0,1000.0
LTE,216,19.1046,47.4662,1000,0,1000.0
LTE,216,19.1011,47.4697,1000,0,1000.0
LTE,216,19.0451,47.4711,1000,0,1000.0
LTE,216,19.0373,47.4727,500,0,500.0
LTE,216,19.0426,47.4754,1000,0,1000.0
LTE,216,19.0367,47.4732,500,0,500.0
LTE,216,19.1045,47.4662,500,0,500.0
LTE,216,19.1609,47.4152,754,0,754.0
GSM,216,19.0465,47.5559,1000,0,1000.0
GSM,216,19.0435,47.552,1359,0,1000.0
GSM,216,19.049,47.5592,1000,0,1000.0
GSM,216,19.0491,47.5593,1000,0,1000.0
GSM,216,19.0599,47.5671,1006,0,1000.0
GSM,216,19.0484,47.5656,1336,0,1000.0
GSM,216,19.0444,47.5411,702,0,702.0
GSM,216,19.0433,47.5411,796,0,796.0
GSM,216,18.9693,47.5369,1000,0,1000.0
GSM,216,18.9718,47.5348,506,0,506.0
LTE,216,19.0295,47.4713,1000,0,1000.0
LTE,216,19.031,47.474,1519,0,1000.0
LTE,216,19.0417,47.4753,1000,0,1000.0
LTE,216,19.0398,47.4761,587,0,587.0
LTE,216,19.0468,47.4746,3231,0,300.0
LTE,216,19.054,47.4682,1000,0,1000.0
LTE,216,19.1013,47.4747,738,0,738.0
LTE,216,19.1033,47.4689,627,0,627.0
LTE,216,19.1036,47.4706,3642,0,300.0
LTE,216,19.0341,47.4736,2394,0,1000.0
LTE,216,19.0646,47.4259,500,0,500.0
LTE,216,18.9385,47.378,1290,0,1000.0
LTE,216,18.9034,47.4243,1000,0,1000.0
LTE,216,18.9053,47.4234,694,0,694.0
LTE,216,18.8995,47.4336,1102,0,1000.0
LTE,216,18.8965,47.4363,632,0,632.0
LTE,216,19.0653,47.5071,1000,0,1000.0
LTE,216,19.0578,47.5014,1000,0,1000.0
LTE,216,19.0576,47.4981,1000,0,1000.0
LTE,216,19.0588,47.4984,1000,0,1000.0
LTE,216,19.0517,47.4981,1000,0,1000.0
LTE,216,19.0755,47.5127,1000,0,1000.0
LTE,216,19.0832,47.5093,1021,0,1000.0
LTE,216,19.0899,47.5096,1000,0,1000.0
LTE,216,19.0935,47.5103,500,0,500.0
LTE,216,19.1083,47.4933,1423,0,1000.0
LTE,216,19.0657,47.519,1000,0,1000.0
LTE,216,19.0775,47.5254,1000,0,1000.0
LTE,216,19.1633,47.4915,593,0,593.0
LTE,216,19.1507,47.4919,5096,0,300.0
LTE,216,19.1414,47.4929,4388,0,300.0
LTE,216,19.1356,47.4919,3985,0,300.0
LTE,216,19.1068,47.5024,1000,0,1000.0
LTE,216,19.0897,47.5007,1000,0,1000.0
LTE,216,19.013,47.4983,500,0,500.0
LTE,216,19.0141,47.4983,500,0,500.0
LTE,216,19.0218,47.5062,1000,0,1000.0
LTE,216,19.0894,47.5018,1000,0,1000.0
LTE,216,18.8948,47.3737,991,0,991.0
LTE,216,18.9537,47.3862,4925,0,300.0
LTE,216,18.9435,47.3809,5359,0,300.0
LTE,216,18.9474,47.3793,1173,0,1000.0
LTE,216,19.1899,47.3646,1098,0,1000.0
LTE,216,19.129,47.4904,500,0,500.0
LTE,216,19.2792,47.4838,747,0,747.0
LTE,216,19.2879,47.4845,575,0,575.0
LTE,216,19.2519,47.4927,1000,0,1000.0
LTE,216,18.8824,47.4541,1382,0,1000.0
LTE,216,18.8852,47.4515,1137,0,1000.0
LTE,216,18.8751,47.4648,1676,0,1000.0
LTE,216,18.8631,47.4683,2960,0,1000.0
LTE,216,19.0793,47.5128,1000,0,1000.0
GSM,216,18.9505,47.4087,8175,0,1000.0
LTE,216,19.3286,47.465,1089,0,1000.0
LTE,216,19.2382,47.5104,2764,0,1000.0
LTE,216,19.2863,47.4711,562,0,562.0
LTE,216,19.2484,47.4681,607,0,607.0
LTE,216,19.2353,47.4711,830,0,830.0
LTE,216,19.1406,47.4694,1125,0,1000.0
LTE,216,19.1119,47.4756,3232,0,300.0
LTE,216,19.0983,47.4757,696,0,696.0
LTE,216,19.0912,47.4796,500,0,500.0
LTE,216,19.0182,47.4673,1409,0,1000.0
LTE,216,19.2548,47.5209,3355,0,300.0
LTE,216,19.1351,47.5969,1077,0,1000.0
LTE,216,19.3031,47.5012,1900,0,1000.0
LTE,216,19.3248,47.4781,3264,0,300.0
LTE,216,19.2676,47.4541,2426,0,1000.0
LTE,216,19.1355,47.3655,869,0,869.0
LTE,216,19.1973,47.5925,1446,0,1000.0
LTE,216,19.0692,47.5159,1000,0,1000.0
LTE,216,19.3215,47.4641,1000,0,1000.0
LTE,216,19.1344,47.609,1455,0,1000.0
LTE,216,19.1573,47.6058,982,0,982.0
LTE,216,19.1622,47.6231,9304,0,300.0
LTE,216,19.0696,47.4846,3185,0,300.0
GSM,216,18.9111,47.4454,1774,0,1000.0
LTE,216,19.1103,47.5169,2259,0,1000.0
LTE,216,19.1027,47.5132,1000,0,1000.0
LTE,216,19.258,47.4234,6731,0,300.0
LTE,216,19.281,47.4913,772,0,772.0
LTE,216,19.0168,47.49,1177,0,1000.0
LTE,216,19.0149,47.4925,500,0,500.0
LTE,216,19.0309,47.4832,636,0,636.0
LTE,216,19.03,47.483,587,0,587.0
LTE,216,19.0372,47.4804,1000,0,1000.0
LTE,216,19.0416,47.4784,500,0,500.0
LTE,216,19.0483,47.4782,1000,0,1000.0
LTE,216,19.0507,47.4783,1000,0,1000.0
LTE,216,19.126,47.4662,627,0,627.0
LTE,216,19.0866,47.4864,1000,0,1000.0
LTE,216,19.0853,47.4926,5496,0,300.0
LTE,216,19.0839,47.5007,1000,0,1000.0
LTE,216,19.106,47.4827,642,0,642.0
LTE,216,19.0793,47.5022,4902,0,300.0
LTE,216,19.0878,47.5001,1000,0,1000.0
LTE,216,19.0849,47.4931,1000,0,1000.0
LTE,216,19.0895,47.4897,1000,0,1000.0
LTE,216,19.0876,47.4885,1000,0,1000.0
LTE,216,19.0932,47.4877,1000,0,1000.0
LTE,216,19.1146,47.4757,3058,0,300.0
LTE,216,19.0885,47.4685,4717,0,300.0
LTE,216,19.0238,47.4723,518,0,518.0
LTE,216,18.9212,47.38,1131,0,1000.0
LTE,216,18.8738,47.3632,2144,0,1000.0
LTE,216,18.8545,47.3568,2012,0,1000.0
LTE,216,18.8675,47.3624,1703,0,1000.0
LTE,216,18.9153,47.3785,1048,0,1000.0
LTE,216,19.27,47.4656,1000,0,1000.0
LTE,216,19.0475,47.5068,1000,0,1000.0
LTE,216,19.0558,47.4931,500,0,500.0
LTE,216,19.0596,47.4917,1000,0,1000.0
LTE,216,19.2713,47.4736,523,0,523.0
LTE,216,19.2763,47.4728,576,0,576.0
LTE,216,19.0361,47.4804,1000,0,1000.0
LTE,216,19.016,47.4932,1000,0,1000.0
LTE,216,19.0187,47.4889,1251,0,1000.0
LTE,216,19.0787,47.4827,1000,0,1000.0
LTE,216,18.9865,47.524,1000,0,1000.0
LTE,216,19.0037,47.5135,1027,0,1000.0
LTE,216,18.995,47.5253,780,0,780.0
LTE,216,18.9784,47.5287,1000,0,1000.0
GSM,216,19.0342,47.5012,500,0,500.0
LTE,216,19.0259,47.5066,1000,0,1000.0
LTE,216,19.2592,47.4665,3181,0,300.0
LTE,216,19.278,47.4723,500,0,500.0
LTE,216,19.1187,47.6171,1161,0,1000.0
LTE,216,19.1301,47.629,920,0,920.0
LTE,216,19.1207,47.6408,6128,0,300.0
LTE,216,19.2685,47.4753,633,0,633.0
LTE,216,19.0558,47.4381,1854,0,1000.0
LTE,216,19.0161,47.4611,2530,0,1000.0
LTE,216,19.0121,47.4621,2567,0,1000.0
LTE,216,19.0156,47.4631,2443,0,1000.0
LTE,216,19.0434,47.4676,1000,0,1000.0
LTE,216,19.0667,47.424,1243,0,1000.0
LTE,216,19.0807,47.532,1000,0,1000.0
LTE,216,19.0805,47.5301,1000,0,1000.0
LTE,216,19.0787,47.5267,1000,0,1000.0
LTE,216,19.0566,47.518,1000,0,1000.0
LTE,216,19.0546,47.5168,1000,0,1000.0
LTE,216,19.0545,47.5172,1000,0,1000.0
LTE,216,19.0786,47.5265,500,0,500.0
LTE,216,19.0876,47.5209,500,0,500.0
LTE,216,19.0356,47.4631,1000,0,1000.0
LTE,216,19.1035,47.4794,1000,0,1000.0
LTE,216,19.1315,47.4846,1000,0,1000.0
LTE,216,19.1353,47.4878,1000,0,1000.0
LTE,216,19.0383,47.4017,9033,0,300.0
LTE,216,19.3134,47.434,2504,0,1000.0
LTE,216,19.1018,47.4741,1070,0,1000.0
LTE,216,19.1866,47.4546,500,0,500.0
LTE,216,19.1969,47.4528,981,0,981.0
LTE,216,19.2381,47.4562,1398,0,1000.0
LTE,216,19.2464,47.4609,1000,0,1000.0
LTE,216,19.1056,47.4899,2001,0,1000.0
LTE,216,19.0593,47.4895,1000,0,1000.0
LTE,216,19.0236,47.4905,1322,0,1000.0
LTE,216,19.0437,47.4782,1000,0,1000.0
LTE,216,19.0427,47.4784,612,0,612.0
LTE,216,19.0368,47.5019,500,0,500.0
LTE,216,19.0396,47.5063,684,0,684.0
LTE,216,19.2069,47.5003,1000,0,1000.0
LTE,216,19.3122,47.45,1677,0,1000.0
LTE,216,19.0212,47.4643,796,0,796.0
LTE,216,19.0209,47.4656,574,0,574.0
GSM,216,19.1737,47.4639,1575,0,1000.0
LTE,216,19.2225,47.5927,1171,0,1000.0
LTE,216,19.0571,47.4194,1401,0,1000.0
LTE,216,19.0641,47.4203,1684,0,1000.0
LTE,216,19.1446,47.5041,571,0,571.0
LTE,216,19.142,47.5071,2183,0,1000.0
LTE,216,19.136,47.505,1677,0,1000.0
LTE,216,19.1321,47.5034,1351,0,1000.0
LTE,216,19.3309,47.4601,2026,0,1000.0
LTE,216,18.8518,47.4727,732,0,732.0
LTE,216,18.8826,47.4611,2079,0,1000.0
LTE,216,18.8962,47.45,1568,0,1000.0
LTE,216,18.9053,47.4562,1120,0,1000.0
LTE,216,18.9513,47.4524,1151,0,1000.0
LTE,216,18.9657,47.4532,838,0,838.0
LTE,216,19.3292,47.4433,2653,0,1000.0
LTE,216,19.0511,47.3806,814,0,814.0
LTE,216,19.0371,47.38,2146,0,1000.0
LTE,216,19.1396,47.5033,516,0,516.0
LTE,216,18.8982,47.4552,1288,0,1000.0
LTE,216,19.3323,47.444,1295,0,1000.0
LTE,216,18.9828,47.4575,23477,0,300.0
LTE,216,19.3233,47.4279,1490,0,1000.0
LTE,216,19.0487,47.6458,1219,0,1000.0
LTE,216,19.0783,47.4895,1000,0,1000.0
LTE,216,19.0983,47.4962,1169,0,1000.0
LTE,216,19.1249,47.4907,3254,0,300.0
LTE,216,18.9538,47.4524,721,0,721.0
LTE,216,18.9688,47.4538,1336,0,1000.0
LTE,216,18.9949,47.46,1995,0,1000.0
LTE,216,19.0387,47.3818,1220,0,1000.0
LTE,216,18.9727,47.4024,1553,0,1000.0
LTE,216,19.2923,47.4732,952,0,952.0
LTE,216,19.0999,47.605,1100,0,1000.0
LTE,216,19.048,47.5596,804,0,804.0
LTE,216,19.0443,47.5508,753,0,753.0
LTE,216,19.2945,47.4985,5730,0,300.0
LTE,216,19.1376,47.505,1000,0,1000.0
LTE,216,19.1537,47.4997,815,0,815.0
LTE,216,19.0637,47.6432,1147,0,1000.0
LTE,216,19.0207,47.6454,1000,0,1000.0
GSM,216,19.1505,47.5373,4848,0,1000.0
LTE,216,19.0347,47.5125,1000,0,1000.0
GSM,216,18.9818,47.5261,1875,0,1000.0
LTE,216,19.1514,47.5051,609,0,609.0
LTE,216,19.1038,47.5154,500,0,500.0
LTE,216,19.0398,47.5054,1000,0,1000.0
LTE,216,19.0411,47.5124,500,0,500.0
LTE,216,19.029,47.4758,1245,0,1000.0
LTE,216,19.0241,47.4888,692,0,692.0
LTE,216,19.024,47.4954,799,0,799.0
LTE,216,19.035,47.5112,1000,0,1000.0
LTE,216,19.0332,47.527,1136,0,1000.0
LTE,216,18.9008,47.4486,1613,0,1000.0
LTE,216,19.0406,47.4983,1287,0,1000.0
LTE,216,19.0338,47.5008,1000,0,1000.0
LTE,216,19.0742,47.4844,1000,0,1000.0
LTE,216,18.9198,47.4502,1530,0,1000.0
LTE,216,18.934,47.4516,1022,0,1000.0
LTE,216,18.9578,47.4489,1233,0,1000.0
LTE,216,18.9794,47.45,958,0,958.0
LTE,216,19.3416,47.4388,877,0,877.0
LTE,216,19.2642,47.428,4226,0,300.0
LTE,216,19.219,47.4768,950,0,950.0
LTE,216,19.1093,47.4887,569,0,569.0
LTE,216,19.1021,47.492,1000,0,1000.0
LTE,216,19.1003,47.4958,500,0,500.0
LTE,216,19.0949,47.4996,820,0,820.0
LTE,216,19.0536,47.4947,1000,0,1000.0
LTE,216,19.053,47.4956,1000,0,1000.0
LTE,216,19.0509,47.4953,1000,0,1000.0
LTE,216,19.051,47.4965,1000,0,1000.0
LTE,216,19.052,47.4968,1000,0,1000.0
LTE,216,19.0531,47.4997,1000,0,1000.0
LTE,216,19.0807,47.4821,1000,0,1000.0
LTE,216,19.0852,47.4805,1000,0,1000.0
LTE,216,19.2045,47.4488,1273,0,1000.0
LTE,216,19.1706,47.5453,2215,0,1000.0
LTE,216,19.1397,47.5036,500,0,500.0
LTE,216,19.1457,47.5043,1000,0,1000.0
LTE,216,19.2335,47.4858,590,0,590.0
LTE,216,19.2429,47.4832,500,0,500.0
LTE,216,19.2567,47.4795,713,0,713.0
LTE,216,19.2634,47.4773,505,0,505.0
LTE,216,19.1917,47.5529,3838,0,300.0
LTE,216,19.149,47.5812,1072,0,1000.0
LTE,216,19.1507,47.5798,813,0,813.0
LTE,216,19.1513,47.5793,2688,0,1000.0
LTE,216,19.161,47.65,1001,0,1000.0
LTE,216,19.1641,47.6434,1000,0,1000.0
LTE,216,18.9273,47.5073,1050,0,1000.0
LTE,216,18.9398,47.5222,1175,0,1000.0
LTE,216,18.9242,47.5042,3163,0,300.0
LTE,216,18.9501,47.5296,1000,0,1000.0
LTE,216,19.1195,47.468,1000,0,1000.0
LTE,216,19.0831,47.4813,1000,0,1000.0
LTE,216,19.1193,47.5012,1000,0,1000.0
LTE,216,19.0456,47.46,632,0,632.0
LTE,216,19.0472,47.4595,1000,0,1000.0
LTE,216,19.0909,47.4897,1000,0,1000.0
LTE,216,19.0794,47.5074,5465,0,300.0
LTE,216,19.0849,47.5018,500,0,500.0
LTE,216,19.0951,47.5011,1000,0,1000.0
LTE,216,19.1079,47.4968,1000,0,1000.0
LTE,216,19.1065,47.4841,631,0,631.0
LTE,216,19.1017,47.4795,537,0,537.0
LTE,216,18.8553,47.473,1135,0,1000.0
LTE,216,18.9101,47.4523,671,0,671.0
LTE,216,18.9017,47.3754,643,0,643.0
LTE,216,18.9087,47.378,528,0,528.0
LTE,216,19.0042,47.4002,705,0,705.0
LTE,216,19.0014,47.3986,1001,0,1000.0
LTE,216,19.0211,47.4595,555,0,555.0
LTE,216,19.0263,47.48,5339,0,300.0
LTE,216,19.0286,47.4837,1000,0,1000.0
LTE,216,19.0234,47.4644,1000,0,1000.0
LTE,216,19.0249,47.4978,1000,0,1000.0
LTE,216,19.0251,47.4755,640,0,640.0
LTE,216,19.0277,47.4753,500,0,500.0
LTE,216,19.0263,47.4734,1000,0,1000.0
LTE,216,19.0246,47.4867,1000,0,1000.0
LTE,216,19.0247,47.4779,5126,0,300.0
LTE,216,19.0383,47.476,593,0,593.0
LTE,216,19.0396,47.4751,1000,0,1000.0
LTE,216,19.0412,47.474,1000,0,1000.0
LTE,216,19.0561,47.4751,1000,0,1000.0
LTE,216,18.9624,47.6457,4323,0,300.0
LTE,216,18.8749,47.4604,2251,0,1000.0
GSM,216,19.0787,47.5275,738,0,738.0
LTE,216,19.0733,47.5285,1000,0,1000.0
LTE,216,19.0672,47.5312,1000,0,1000.0
GSM,216,19.068,47.545,955,0,955.0
GSM,216,19.069,47.5458,861,0,861.0
GSM,216,19.0656,47.5413,897,0,897.0
GSM,216,19.0727,47.5456,1000,0,1000.0
LTE,216,18.8992,47.375,787,0,787.0
LTE,216,18.9093,47.3781,569,0,569.0
LTE,216,18.9427,47.5387,1000,0,1000.0
LTE,216,18.9411,47.5249,761,0,761.0
LTE,216,19.0344,47.5195,1490,0,1000.0
LTE,216,18.9481,47.451,895,0,895.0
LTE,216,19.1511,47.4272,1133,0,1000.0
LTE,216,19.1549,47.4164,971,0,971.0
LTE,216,18.9864,47.5311,1148,0,1000.0
LTE,216,18.9188,47.4997,741,0,741.0
LTE,216,19.1681,47.6307,982,0,982.0
LTE,216,19.2843,47.5105,4762,0,300.0
LTE,216,19.2493,47.3825,3251,0,300.0
LTE,216,18.9475,47.4506,1000,0,1000.0
LTE,216,18.9093,47.4468,1892,0,1000.0
LTE,216,18.8996,47.4484,2561,0,1000.0
LTE,216,19.013,47.465,755,0,755.0
LTE,216,19.0126,47.4646,634,0,634.0
LTE,216,19.0169,47.4671,692,0,692.0
LTE,216,19.0251,47.4776,1000,0,1000.0
LTE,216,18.9799,47.4982,2712,0,1000.0
LTE,216,19.0082,47.4921,1261,0,1000.0
LTE,216,19.0237,47.5,910,0,910.0
LTE,216,19.0482,47.4739,1000,0,1000.0
LTE,216,19.0715,47.4889,1000,0,1000.0
LTE,216,19.0984,47.49,1000,0,1000.0
LTE,216,19.1476,47.5018,1166,0,1000.0
LTE,216,19.0417,47.4927,500,0,500.0
LTE,216,19.0436,47.4912,500,0,500.0
LTE,216,19.0463,47.4913,2537,0,1000.0
LTE,216,19.0389,47.4942,1000,0,1000.0
LTE,216,19.1158,47.4982,1307,0,1000.0
LTE,216,19.1218,47.5017,686,0,686.0
LTE,216,19.0428,47.5397,500,0,500.0
LTE,216,19.0462,47.5399,812,0,812.0
LTE,216,19.0446,47.5473,500,0,500.0
LTE,216,19.0447,47.5539,1000,0,1000.0
LTE,216,19.0486,47.5613,1000,0,1000.0
LTE,216,19.0506,47.5659,572,0,572.0
LTE,216,19.0503,47.5728,2257,0,1000.0
LTE,216,19.0397,47.5055,941,0,941.0
LTE,216,19.0478,47.5633,1000,0,1000.0
LTE,216,19.0509,47.5665,1331,0,1000.0
LTE,216,18.871,47.4659,1238,0,1000.0
LTE,216,19.0203,47.4709,710,0,710.0
LTE,216,19.0597,47.6051,1000,0,1000.0
LTE,216,19.054,47.5975,1000,0,1000.0
LTE,216,19.0145,47.4657,1000,0,1000.0
LTE,216,19.024,47.6397,1000,0,1000.0
LTE,216,19.1565,47.5736,1124,0,1000.0
LTE,216,19.0905,47.5822,500,0,500.0
LTE,216,19.0823,47.5703,500,0,500.0
LTE,216,19.0795,47.5651,500,0,500.0
LTE,216,19.0739,47.5632,1885,0,1000.0
LTE,216,19.0771,47.5585,1302,0,1000.0
LTE,216,19.0715,47.5366,1224,0,1000.0
LTE,216,19.0342,47.53,1000,0,1000.0
LTE,216,19.0499,47.5742,2093,0,1000.0
LTE,216,19.3397,47.4536,1287,0,1000.0
LTE,216,19.2436,47.5327,1243,0,1000.0
LTE,216,19.1186,47.6023,500,0,500.0
LTE,216,19.078,47.6112,1153,0,1000.0
LTE,216,19.048,47.5637,1000,0,1000.0
LTE,216,19.0442,47.5507,500,0,500.0
LTE,216,19.0463,47.4733,1000,0,1000.0
LTE,216,19.0441,47.4696,1000,0,1000.0
LTE,216,19.045,47.4667,1000,0,1000.0
LTE,216,19.3079,47.4232,2193,0,1000.0
LTE,216,19.0611,47.611,1000,0,1000.0
LTE,216,19.0586,47.5846,4371,0,300.0
LTE,216,19.0382,47.5288,1000,0,1000.0
LTE,216,19.3371,47.4807,2354,0,1000.0
LTE,216,19.3423,47.4688,1782,0,1000.0
LTE,216,19.343,47.4562,2208,0,1000.0
LTE,216,19.0835,47.561,682,0,682.0
LTE,216,19.0214,47.4721,1000,0,1000.0
LTE,216,19.0251,47.4759,1000,0,1000.0
LTE,216,19.0479,47.4759,1000,0,1000.0
LTE,216,19.0488,47.4761,1000,0,1000.0
LTE,216,19.0427,47.4763,1000,0,1000.0
LTE,216,19.0459,47.5602,1000,0,1000.0
LTE,216,19.0595,47.6113,1000,0,1000.0
GSM,216,19.0741,47.6236,1946,0,1000.0
LTE,216,19.0669,47.5333,1000,0,1000.0
LTE,216,19.0395,47.5306,1000,0,1000.0
LTE,216,19.176,47.3856,1667,0,1000.0
LTE,216,19.3284,47.4461,1491,0,1000.0
LTE,216,19.226,47.5342,934,0,934.0
LTE,216,19.1582,47.5737,1164,0,1000.0
LTE,216,19.1322,47.5973,968,0,968.0
LTE,216,19.1148,47.6042,543,0,543.0
LTE,216,19.2388,47.5266,8276,0,300.0
LTE,216,19.3145,47.4274,2717,0,1000.0
LTE,216,19.2939,47.428,2453,0,1000.0
LTE,216,19.2922,47.4232,2534,0,1000.0
LTE,216,19.1602,47.4625,1000,0,1000.0
LTE,216,19.0851,47.4847,1000,0,1000.0
LTE,216,19.0852,47.485,1000,0,1000.0
LTE,216,19.1558,47.5045,587,0,587.0
LTE,216,19.073,47.4989,656,0,656.0
LTE,216,19.0518,47.504,1000,0,1000.0
LTE,216,19.0453,47.5044,1000,0,1000.0
LTE,216,19.0477,47.5065,1000,0,1000.0
LTE,216,19.0649,47.4958,2272,0,1000.0
LTE,216,19.0963,47.4888,1000,0,1000.0
LTE,216,19.0145,47.454,1177,0,1000.0
LTE,216,18.9603,47.4488,2461,0,1000.0
LTE,216,18.897,47.4487,1514,0,1000.0
LTE,216,18.8728,47.4656,1220,0,1000.0
LTE,216,18.8712,47.4632,2128,0,1000.0
LTE,216,19.0702,47.5415,500,0,500.0
LTE,216,19.0649,47.534,1000,0,1000.0
LTE,216,19.063,47.535,1000,0,1000.0
LTE,216,19.06,47.6095,500,0,500.0
LTE,216,19.3352,47.459,4769,0,300.0
LTE,216,19.2865,47.4473,3547,0,300.0
LTE,216,19.3007,47.499,4307,0,300.0
LTE,216,19.3387,47.4617,1000,0,1000.0
LTE,216,19.2137,47.5395,776,0,776.0
LTE,216,19.1002,47.5306,500,0,500.0
LTE,216,19.0966,47.5269,500,0,500.0
LTE,216,19.3306,47.4651,916,0,916.0
LTE,216,19.2945,47.4328,4098,0,300.0
LTE,216,19.053,47.4744,817,0,817.0
LTE,216,18.9999,47.5181,3725,0,300.0
LTE,216,19.3246,47.4642,1000,0,1000.0
LTE,216,19.2424,47.37,1594,0,1000.0
LTE,216,19.2214,47.3619,1000,0,1000.0
LTE,216,19.1063,47.4692,1000,0,1000.0
LTE,216,19.1296,47.5024,612,0,612.0
LTE,216,19.1063,47.5002,1000,0,1000.0
LTE,216,19.1086,47.4993,1000,0,1000.0
LTE,216,19.3004,47.4741,1000,0,1000.0
LTE,216,19.0618,47.5666,1236,0,1000.0
LTE,216,19.1272,47.5021,1000,0,1000.0
LTE,216,19.1224,47.5016,1000,0,1000.0
LTE,216,19.1133,47.4999,1552,0,1000.0
LTE,216,19.1055,47.503,1000,0,1000.0
LTE,216,19.0927,47.5092,1000,0,1000.0
LTE,216,19.0952,47.509,1000,0,1000.0
LTE,216,19.1,47.5104,500,0,500.0
LTE,216,19.1017,47.5091,1000,0,1000.0
LTE,216,19.1023,47.5085,1000,0,1000.0
LTE,216,19.1001,47.5106,1000,0,1000.0
LTE,216,19.1025,47.5085,1000,0,1000.0
LTE,216,19.1276,47.5102,660,0,660.0
GSM,216,19.1531,47.4609,658,0,658.0
LTE,216,19.1584,47.5713,1000,0,1000.0
LTE,216,19.3149,47.4284,11375,0,300.0
LTE,216,19.3024,47.4169,1499,0,1000.0
LTE,216,19.0237,47.5095,1000,0,1000.0
LTE,216,18.9391,47.5199,1512,0,1000.0
LTE,216,19.0319,47.3822,929,0,929.0
LTE,216,19.0145,47.508,500,0,500.0
LTE,216,18.8508,47.6313,1320,0,1000.0
LTE,216,18.8626,47.624,1931,0,1000.0
LTE,216,19.0602,47.4943,1000,0,1000.0
LTE,216,18.9496,47.5281,500,0,500.0
GSM,216,19.038,47.3878,1082,0,1000.0
GSM,216,19.0393,47.385,1000,0,1000.0
GSM,216,19.0539,47.4848,755,0,755.0
GSM,216,19.0506,47.4876,1201,0,1000.0
LTE,216,18.9575,47.4408,1298,0,1000.0
LTE,216,19.3138,47.6111,5096,0,300.0
LTE,216,19.0353,47.5137,1000,0,1000.0
GSM,216,18.9378,47.5183,6162,0,1000.0
LTE,216,18.9606,47.5235,778,0,778.0
LTE,216,18.9623,47.4099,951,0,951.0
LTE,216,19.0177,47.508,500,0,500.0
LTE,216,19.3223,47.6111,5033,0,300.0
LTE,216,19.3334,47.6149,1741,0,1000.0
LTE,216,19.3404,47.6153,1000,0,1000.0
LTE,216,19.1274,47.5993,1443,0,1000.0
LTE,216,19.1282,47.5988,1039,0,1000.0
LTE,216,19.0717,47.5733,1000,0,1000.0
LTE,216,18.9778,47.5055,1672,0,1000.0
LTE,216,18.9039,47.441,500,0,500.0
LTE,216,18.8959,47.433,1000,0,1000.0
LTE,216,18.8967,47.4336,1000,0,1000.0
LTE,216,18.887,47.423,1528,0,1000.0
LTE,216,18.8896,47.4261,600,0,600.0
LTE,216,18.871,47.402,1000,0,1000.0
LTE,216,18.8665,47.3986,500,0,500.0
LTE,216,18.8958,47.4355,1086,0,1000.0
GSM,216,19.0544,47.5003,1000,0,1000.0
GSM,216,19.0584,47.4896,1929,0,1000.0
LTE,216,19.1155,47.4781,1000,0,1000.0
LTE,216,19.1063,47.4875,1000,0,1000.0
LTE,216,19.0492,47.578,1000,0,1000.0
LTE,216,19.0505,47.5891,548,0,548.0
LTE,216,19.0476,47.5848,699,0,699.0
LTE,216,19.0483,47.5795,656,0,656.0
LTE,216,19.0455,47.5585,1000,0,1000.0
LTE,216,19.0451,47.5565,1000,0,1000.0
LTE,216,19.0384,47.5327,1000,0,1000.0
LTE,216,19.3176,47.4851,1734,0,1000.0
LTE,216,19.1216,47.4832,1021,0,1000.0
LTE,216,19.1064,47.485,1000,0,1000.0
LTE,216,19.0613,47.4983,1000,0,1000.0
LTE,216,19.0692,47.5398,1000,0,1000.0
LTE,216,19.0697,47.5361,1000,0,1000.0
LTE,216,19.0634,47.5349,1000,0,1000.0
LTE,216,19.0503,47.5884,557,0,557.0
LTE,216,19.0515,47.5926,1000,0,1000.0
LTE,216,19.0549,47.5955,500,0,500.0
LTE,216,19.0553,47.5981,1000,0,1000.0
LTE,216,19.059,47.6033,632,0,632.0
LTE,216,19.2968,47.4966,6322,0,300.0
LTE,216,18.9917,47.4541,1315,0,1000.0
LTE,216,19.0129,47.465,633,0,633.0
LTE,216,19.0242,47.5008,1000,0,1000.0
LTE,216,19.0248,47.505,1000,0,1000.0
LTE,216,19.0236,47.5045,1000,0,1000.0
LTE,216,19.0281,47.5084,651,0,651.0
LTE,216,19.029,47.5092,1000,0,1000.0
LTE,216,19.0362,47.5221,1693,0,1000.0
LTE,216,19.0621,47.5326,1000,0,1000.0
LTE,216,19.0658,47.5333,1000,0,1000.0
LTE,216,19.0673,47.5325,1000,0,1000.0
LTE,216,19.0683,47.5321,1000,0,1000.0
LTE,216,19.0807,47.53,1000,0,1000.0
LTE,216,19.3202,47.4419,2663,0,1000.0
LTE,216,19.2674,47.4875,930,0,930.0
LTE,216,19.1021,47.48,507,0,507.0
LTE,216,19.1036,47.483,1000,0,1000.0
LTE,216,19.0726,47.4688,1312,0,1000.0
LTE,216,19.0744,47.4895,500,0,500.0
LTE,216,19.2423,47.422,1000,0,1000.0
LTE,216,19.2715,47.4317,6247,0,300.0
LTE,216,18.8865,47.4607,1000,0,1000.0
LTE,216,18.9423,47.5389,772,0,772.0
LTE,216,18.9537,47.5409,1000,0,1000.0
LTE,216,18.9849,47.5237,2636,0,1000.0
LTE,216,18.9804,47.5255,1651,0,1000.0
LTE,216,19.0269,47.5081,1000,0,1000.0
LTE,216,19.0726,47.545,1000,0,1000.0
LTE,216,19.0488,47.527,1069,0,1000.0
LTE,216,19.0477,47.5217,500,0,500.0
LTE,216,19.0509,47.5272,1000,0,1000.0
LTE,216,19.0252,47.5096,1000,0,1000.0
LTE,216,19.0266,47.5075,1000,0,1000.0
LTE,216,19.0768,47.4761,1000,0,1000.0
LTE,216,19.0519,47.4881,1987,0,1000.0
LTE,216,18.885,47.4493,1047,0,1000.0
LTE,216,18.9017,47.4479,1000,0,1000.0
LTE,216,18.8929,47.447,697,0,697.0
LTE,216,19.0998,47.6013,667,0,667.0
LTE,216,19.0444,47.5412,652,0,652.0
LTE,216,19.0428,47.545,1000,0,1000.0
LTE,216,19.0602,47.5749,1000,0,1000.0
LTE,216,19.0427,47.5304,1000,0,1000.0
LTE,216,19.0375,47.53,1000,0,1000.0
LTE,216,19.3306,47.4662,727,0,727.0
LTE,216,19.3281,47.4734,1890,0,1000.0
LTE,216,19.2403,47.534,1599,0,1000.0
LTE,216,19.0999,47.5824,1000,0,1000.0
LTE,216,19.1321,47.5548,7225,0,300.0
LTE,216,19.1385,47.5639,982,0,982.0
LTE,216,18.933,47.4529,1041,0,1000.0
LTE,216,19.0161,47.4524,1520,0,1000.0
LTE,216,19.1018,47.5546,1000,0,1000.0
LTE,216,19.3066,47.4596,5327,0,300.0
LTE,216,19.3289,47.4633,1152,0,1000.0
LTE,216,19.3317,47.4435,1101,0,1000.0
LTE,216,19.3218,47.4256,1746,0,1000.0
LTE,216,19.2875,47.3871,3642,0,300.0
LTE,216,19.3068,47.3941,1406,0,1000.0
LTE,216,19.252,47.3733,1949,0,1000.0
LTE,216,19.2505,47.4102,3753,0,300.0
LTE,216,19.2486,47.372,2397,0,1000.0
LTE,216,19.2445,47.3704,2836,0,1000.0
LTE,216,19.2047,47.3519,1499,0,1000.0
LTE,216,19.3243,47.4291,1384,0,1000.0
LTE,216,19.3093,47.4616,2278,0,1000.0
LTE,216,19.0811,47.5699,1000,0,1000.0
LTE,216,19.1036,47.5571,1000,0,1000.0
LTE,216,19.0716,47.5484,623,0,623.0
LTE,216,19.0728,47.5529,2466,0,1000.0
LTE,216,19.3276,47.4724,1248,0,1000.0
LTE,216,19.3332,47.4754,2177,0,1000.0
LTE,216,19.3371,47.4658,1220,0,1000.0
LTE,216,19.3396,47.4897,500,0,500.0
LTE,216,19.3456,47.4905,768,0,768.0
LTE,216,19.3456,47.4908,1203,0,1000.0
LTE,216,19.3433,47.4892,883,0,883.0
LTE,216,19.3463,47.4587,1388,0,1000.0
LTE,216,19.3135,47.4649,1000,0,1000.0
LTE,216,19.3292,47.4905,1477,0,1000.0
LTE,216,19.3134,47.4889,1008,0,1000.0
LTE,216,19.296,47.4912,531,0,531.0
LTE,216,19.287,47.4843,548,0,548.0
LTE,216,19.2894,47.4963,4908,0,300.0
LTE,216,19.28,47.4732,994,0,994.0
LTE,216,19.2656,47.4764,704,0,704.0
LTE,216,19.2563,47.4824,1000,0,1000.0
LTE,216,19.2486,47.4875,1517,0,1000.0
LTE,216,19.2756,47.4731,500,0,500.0
LTE,216,19.2862,47.4978,4393,0,300.0
LTE,216,19.2877,47.4691,2216,0,1000.0
LTE,216,19.2922,47.4715,741,0,741.0
LTE,216,19.0204,47.4643,1000,0,1000.0
LTE,216,19.0242,47.4692,728,0,728.0
LTE,216,19.0125,47.465,1350,0,1000.0
LTE,216,19.0057,47.4621,1000,0,1000.0
LTE,216,18.9676,47.4537,3477,0,300.0
LTE,216,18.962,47.4525,1000,0,1000.0
LTE,216,18.9554,47.4522,910,0,910.0
LTE,216,18.9482,47.4536,1000,0,1000.0
LTE,216,18.9366,47.4471,1759,0,1000.0
LTE,216,18.9185,47.4532,952,0,952.0
LTE,216,18.8964,47.4588,2431,0,1000.0
LTE,216,18.9003,47.4682,1097,0,1000.0
LTE,216,18.9115,47.4924,1000,0,1000.0
LTE,216,19.0594,47.5759,1000,0,1000.0
LTE,216,19.0637,47.5773,1000,0,1000.0
LTE,216,19.0649,47.5921,701,0,701.0
LTE,216,19.1175,47.5563,1000,0,1000.0
LTE,216,19.1401,47.552,1000,0,1000.0
LTE,216,19.0898,47.5261,1000,0,1000.0
LTE,216,19.0822,47.522,1000,0,1000.0
LTE,216,19.064,47.5139,1000,0,1000.0
LTE,216,19.0173,47.5078,1000,0,1000.0
LTE,216,18.9902,47.5286,1024,0,1000.0
LTE,216,18.982,47.5316,2546,0,1000.0
LTE,216,19.0757,47.4666,1619,0,1000.0
LTE,216,19.0746,47.4613,2149,0,1000.0
LTE,216,19.0258,47.4997,500,0,500.0
GSM,216,19.0234,47.4983,1204,0,1000.0
LTE,216,19.0235,47.5028,1000,0,1000.0
LTE,216,19.0365,47.5086,1000,0,1000.0
LTE,216,19.0383,47.4975,1000,0,1000.0
LTE,216,19.0233,47.499,1000,0,1000.0
LTE,216,19.0478,47.5058,1000,0,1000.0
LTE,216,19.0594,47.5098,5435,0,300.0
LTE,216,19.0821,47.5087,1000,0,1000.0
LTE,216,19.0857,47.507,1000,0,1000.0
LTE,216,19.0834,47.5096,1000,0,1000.0
LTE,216,19.0874,47.5117,500,0,500.0
GSM,216,19.0301,47.5008,3932,0,1000.0
LTE,216,19.0502,47.4971,1163,0,1000.0
LTE,216,19.0465,47.4806,1000,0,1000.0
LTE,216,19.0527,47.4998,1000,0,1000.0
LTE,216,19.0231,47.4961,1000,0,1000.0
LTE,216,19.0039,47.4624,2497,0,1000.0
LTE,216,19.0247,47.4883,1000,0,1000.0
LTE,216,19.0884,47.5037,1000,0,1000.0
LTE,216,19.0926,47.5057,1000,0,1000.0
LTE,216,19.1052,47.5043,1000,0,1000.0
LTE,216,19.1057,47.5047,1000,0,1000.0
LTE,216,19.1037,47.502,1000,0,1000.0
LTE,216,19.0223,47.5049,1000,0,1000.0
LTE,216,19.029,47.5098,1000,0,1000.0
LTE,216,19.0437,47.5149,1000,0,1000.0
LTE,216,19.0551,47.5974,500,0,500.0
LTE,216,19.0581,47.6021,1000,0,1000.0
LTE,216,19.0578,47.6018,1000,0,1000.0
LTE,216,19.0621,47.6088,1637,0,1000.0
LTE,216,19.1333,47.5963,1000,0,1000.0
LTE,216,19.134,47.6061,2229,0,1000.0
LTE,216,19.1455,47.5987,696,0,696.0
LTE,216,19.1676,47.6379,1000,0,1000.0
LTE,216,19.0801,47.4404,1470,0,1000.0
LTE,216,19.094,47.5426,1000,0,1000.0
LTE,216,19.0706,47.549,500,0,500.0
LTE,216,18.9884,47.5134,3333,0,300.0
LTE,216,18.9958,47.5493,1000,0,1000.0
LTE,216,19.0187,47.5532,1000,0,1000.0
LTE,216,19.0067,47.5411,1246,0,1000.0
LTE,216,18.9986,47.515,4382,0,300.0
LTE,216,19.0127,47.5554,1011,0,1000.0
LTE,216,19.0401,47.5834,4001,0,300.0
LTE,216,18.9799,47.5494,895,0,895.0
LTE,216,18.95,47.5391,1539,0,1000.0
LTE,216,19.3294,47.464,1390,0,1000.0
LTE,216,19.3229,47.4792,2569,0,1000.0
LTE,216,19.2546,47.524,1415,0,1000.0
LTE,216,19.3116,47.4918,1385,0,1000.0
LTE,216,19.2676,47.5129,2167,0,1000.0
LTE,216,19.3084,47.4943,1918,0,1000.0
LTE,216,19.2704,47.5124,1533,0,1000.0
LTE,216,19.2733,47.5052,2304,0,1000.0
LTE,216,19.2549,47.5295,2751,0,1000.0
LTE,216,19.2392,47.533,1156,0,1000.0
LTE,216,19.2165,47.5362,1193,0,1000.0
LTE,216,19.2232,47.5347,1551,0,1000.0
LTE,216,19.2242,47.5341,1147,0,1000.0
LTE,216,19.2135,47.5396,762,0,762.0
LTE,216,19.206,47.5432,1269,0,1000.0
LTE,216,19.1015,47.6044,1008,0,1000.0
LTE,216,19.12,47.6026,683,0,683.0
LTE,216,19.0728,47.6127,1541,0,1000.0
LTE,216,19.0661,47.6194,1785,0,1000.0
LTE,216,19.0491,47.5857,1179,0,1000.0
LTE,216,19.1134,47.5297,8927,0,300.0
LTE,216,19.0718,47.5336,6846,0,300.0
LTE,216,19.1075,47.5483,7125,0,300.0
LTE,216,19.0484,47.5781,1000,0,1000.0
LTE,216,19.0476,47.5582,500,0,500.0
LTE,216,19.0418,47.5547,1000,0,1000.0
LTE,216,19.0475,47.5545,1000,0,1000.0
LTE,216,19.0469,47.5412,1000,0,1000.0
LTE,216,19.0517,47.5375,596,0,596.0
LTE,216,19.0445,47.5339,500,0,500.0
LTE,216,19.0419,47.5272,1372,0,1000.0
LTE,216,19.0439,47.5187,1000,0,1000.0
LTE,216,19.0406,47.5116,803,0,803.0
LTE,216,19.0394,47.5047,1000,0,1000.0
LTE,216,19.0444,47.4996,1000,0,1000.0
LTE,216,19.0398,47.5044,590,0,590.0
LTE,216,19.0415,47.4998,593,0,593.0
LTE,216,19.0442,47.4936,2140,0,1000.0
LTE,216,19.0491,47.4911,500,0,500.0
LTE,216,19.0403,47.4901,1000,0,1000.0
LTE,216,19.0414,47.4918,1000,0,1000.0
LTE,216,19.038,47.4895,970,0,970.0
LTE,216,19.0553,47.493,1334,0,1000.0
LTE,216,19.0586,47.4942,1000,0,1000.0
LTE,216,19.0614,47.4919,1000,0,1000.0
LTE,216,19.0643,47.4952,1000,0,1000.0
LTE,216,19.0709,47.4964,1000,0,1000.0
LTE,216,19.075,47.4983,1381,0,1000.0
LTE,216,19.0777,47.499,1170,0,1000.0
LTE,216,19.082,47.4994,500,0,500.0
LTE,216,19.0982,47.5008,500,0,500.0
LTE,216,19.1107,47.502,1050,0,1000.0
LTE,216,19.1311,47.5026,1257,0,1000.0
LTE,216,19.1368,47.5033,1693,0,1000.0
LTE,216,19.1432,47.5039,500,0,500.0
LTE,216,19.1486,47.5044,1000,0,1000.0
LTE,216,19.1568,47.5046,821,0,821.0
LTE,216,19.1599,47.4957,1024,0,1000.0
LTE,216,19.1722,47.4895,673,0,673.0
LTE,216,19.184,47.4879,500,0,500.0
LTE,216,19.193,47.4868,510,0,510.0
LTE,216,19.2136,47.4877,728,0,728.0
LTE,216,19.2066,47.4866,1127,0,1000.0
LTE,216,19.2283,47.4987,1354,0,1000.0
LTE,216,19.2268,47.4894,1286,0,1000.0
LTE,216,19.2417,47.4861,723,0,723.0
LTE,216,19.2413,47.483,1000,0,1000.0
LTE,216,19.2485,47.4828,679,0,679.0
LTE,216,19.2719,47.4744,1000,0,1000.0
LTE,216,19.3137,47.4647,1000,0,1000.0
LTE,216,19.3371,47.4598,1210,0,1000.0
LTE,216,19.3381,47.4903,1000,0,1000.0
LTE,216,19.3443,47.4806,4692,0,300.0
LTE,216,19.3132,47.463,636,0,636.0
LTE,216,19.341,47.4768,962,0,962.0
LTE,216,19.3117,47.4921,1463,0,1000.0
LTE,216,19.3324,47.4577,1605,0,1000.0
LTE,216,19.3384,47.4606,808,0,808.0
LTE,216,19.3412,47.4889,685,0,685.0
LTE,216,19.297,47.4965,2489,0,1000.0
LTE,216,19.2785,47.4905,1000,0,1000.0
LTE,216,19.2723,47.4868,3483,0,300.0
LTE,216,19.2778,47.4798,1000,0,1000.0
LTE,216,19.2678,47.4773,1000,0,1000.0
LTE,216,19.2777,47.4793,1000,0,1000.0
LTE,216,19.2934,47.4696,856,0,856.0
LTE,216,19.2959,47.4707,1000,0,1000.0
LTE,216,19.3027,47.4923,3331,0,300.0
LTE,216,19.2857,47.4716,954,0,954.0
LTE,216,19.212,47.4861,1000,0,1000.0
LTE,216,19.1734,47.503,500,0,500.0
LTE,216,19.1647,47.506,1000,0,1000.0
LTE,216,19.1548,47.5012,786,0,786.0
LTE,216,19.0844,47.4927,1000,0,1000.0
LTE,216,19.1401,47.4918,500,0,500.0
LTE,216,19.1428,47.4934,1071,0,1000.0
LTE,216,19.1646,47.4893,1000,0,1000.0
LTE,216,18.9746,47.5056,1315,0,1000.0
LTE,216,18.9981,47.5207,2069,0,1000.0
LTE,216,19.0024,47.5268,3290,0,300.0
LTE,216,19.0301,47.4974,1000,0,1000.0
LTE,216,19.0298,47.4977,1000,0,1000.0
LTE,216,19.08,47.516,1000,0,1000.0
GSM,216,19.0525,47.479,1000,0,1000.0
LTE,216,19.0506,47.4789,1000,0,1000.0
GSM,216,19.0471,47.4775,559,0,559.0
GSM,216,19.0468,47.4781,1343,0,1000.0
LTE,216,19.0505,47.4869,1000,0,1000.0
LTE,216,19.0361,47.5019,1000,0,1000.0
LTE,216,19.037,47.498,1000,0,1000.0
LTE,216,19.0361,47.4975,1000,0,1000.0
LTE,216,19.0384,47.4966,1000,0,1000.0
LTE,216,19.0374,47.4967,1000,0,1000.0
LTE,216,19.0362,47.4972,1000,0,1000.0
LTE,216,19.0338,47.5016,1000,0,1000.0
LTE,216,18.9753,47.5335,1000,0,1000.0
LTE,216,18.9675,47.5388,1000,0,1000.0
LTE,216,18.9652,47.5406,1000,0,1000.0
LTE,216,18.962,47.5382,1000,0,1000.0
LTE,216,18.9631,47.5375,1000,0,1000.0
LTE,216,19.0561,47.4932,1000,0,1000.0
LTE,216,19.0502,47.4769,1000,0,1000.0
LTE,216,18.9451,47.4515,526,0,526.0
LTE,216,19.2675,47.3786,990,0,990.0
LTE,216,19.2408,47.3694,1191,0,1000.0
LTE,216,19.2185,47.3605,766,0,766.0
LTE,216,19.1968,47.3623,1999,0,1000.0
LTE,216,19.2056,47.3603,6078,0,300.0
LTE,216,19.2052,47.3508,2030,0,1000.0
LTE,216,19.1981,47.3543,1784,0,1000.0
LTE,216,19.2154,47.359,765,0,765.0
LTE,216,19.2758,47.4752,1927,0,1000.0
LTE,216,19.2718,47.4744,1000,0,1000.0
LTE,216,19.2436,47.4926,2405,0,1000.0
LTE,216,19.33,47.4597,1000,0,1000.0
LTE,216,19.3315,47.4471,1178,0,1000.0
LTE,216,19.332,47.4442,965,0,965.0
LTE,216,19.3111,47.4035,2838,0,1000.0
LTE,216,19.2775,47.3827,1455,0,1000.0
LTE,216,19.2252,47.3636,1000,0,1000.0
LTE,216,19.1444,47.3754,2971,0,1000.0
LTE,216,19.162,47.3651,1826,0,1000.0
LTE,216,19.1556,47.3705,15070,0,300.0
LTE,216,19.1468,47.371,3333,0,300.0
LTE,216,19.1217,47.3658,917,0,917.0
LTE,216,19.142,47.383,1123,0,1000.0
LTE,216,19.1152,47.3932,1426,0,1000.0
LTE,216,19.1156,47.3965,1000,0,1000.0
LTE,216,19.1121,47.4039,2438,0,1000.0
LTE,216,19.1055,47.4007,752,0,752.0
LTE,216,19.0984,47.4132,1173,0,1000.0
LTE,216,19.1077,47.4073,1962,0,1000.0
LTE,216,19.1097,47.417,1000,0,1000.0
LTE,216,19.1036,47.4209,1000,0,1000.0
LTE,216,19.101,47.4279,1000,0,1000.0
LTE,216,19.1012,47.428,1000,0,1000.0
LTE,216,19.0981,47.4335,1000,0,1000.0
LTE,216,19.0824,47.4375,1000,0,1000.0
LTE,216,19.0773,47.4381,1000,0,1000.0
LTE,216,19.0724,47.4458,1449,0,1000.0
LTE,216,19.0738,47.4395,1000,0,1000.0
LTE,216,19.0714,47.4422,505,0,505.0
LTE,216,19.0673,47.4395,1000,0,1000.0
LTE,216,19.0725,47.4445,863,0,863.0
LTE,216,19.0663,47.4379,1000,0,1000.0
LTE,216,19.0729,47.4636,1000,0,1000.0
LTE,216,19.0972,47.4741,1000,0,1000.0
LTE,216,19.0987,47.4764,525,0,525.0
LTE,216,19.1083,47.4996,500,0,500.0
LTE,216,19.1043,47.4997,1000,0,1000.0
LTE,216,19.0905,47.5021,1000,0,1000.0
LTE,216,19.0931,47.504,1000,0,1000.0
LTE,216,19.1001,47.5047,514,0,514.0
LTE,216,19.1006,47.5001,1000,0,1000.0
LTE,216,19.0998,47.5003,1000,0,1000.0
LTE,216,19.0919,47.5019,1000,0,1000.0
LTE,216,19.09,47.5036,1000,0,1000.0
LTE,216,19.1047,47.5032,1000,0,1000.0
LTE,216,19.1427,47.5039,500,0,500.0
LTE,216,19.1368,47.5042,1715,0,1000.0
LTE,216,19.1957,47.4865,616,0,616.0
LTE,216,19.2117,47.4854,1124,0,1000.0
LTE,216,19.2477,47.4817,3742,0,300.0
LTE,216,19.1639,47.367,1000,0,1000.0
LTE,216,19.0579,47.3794,1317,0,1000.0
LTE,216,19.0357,47.3798,1000,0,1000.0
LTE,216,19.0207,47.3775,1966,0,1000.0
LTE,216,19.0152,47.3843,637,0,637.0
LTE,216,18.9553,47.4152,1000,0,1000.0
LTE,216,18.9198,47.4202,1094,0,1000.0
LTE,216,18.8916,47.4407,842,0,842.0
LTE,216,19.0759,47.5553,1000,0,1000.0
LTE,216,19.084,47.5358,627,0,627.0
LTE,216,19.0862,47.5447,775,0,775.0
LTE,216,19.0633,47.5353,1000,0,1000.0
LTE,216,19.073,47.5477,500,0,500.0
LTE,216,19.2942,47.4179,3454,0,300.0
LTE,216,19.2955,47.403,1537,0,1000.0
LTE,216,19.2735,47.3808,1220,0,1000.0
LTE,216,19.1498,47.5091,1000,0,1000.0
LTE,216,19.1501,47.5132,1000,0,1000.0
LTE,216,19.1475,47.5108,1000,0,1000.0
LTE,216,19.1456,47.5108,500,0,500.0
LTE,216,19.1448,47.5147,1000,0,1000.0
LTE,216,19.146,47.5146,1000,0,1000.0
LTE,216,19.1413,47.5177,521,0,521.0
LTE,216,19.1371,47.5176,1000,0,1000.0
LTE,216,19.1291,47.5188,649,0,649.0
LTE,216,19.1229,47.52,1000,0,1000.0
LTE,216,19.1237,47.5214,1821,0,1000.0
LTE,216,19.2525,47.4804,1000,0,1000.0
LTE,216,19.0539,47.512,6879,0,300.0
LTE,216,19.0846,47.5167,2346,0,1000.0
LTE,216,19.0729,47.5175,1000,0,1000.0
LTE,216,19.0699,47.5221,1000,0,1000.0
LTE,216,19.0773,47.5217,1000,0,1000.0
LTE,216,19.0791,47.5206,1000,0,1000.0
LTE,216,19.0856,47.5206,510,0,510.0
LTE,216,19.0921,47.516,1000,0,1000.0
LTE,216,19.0977,47.5132,1000,0,1000.0
LTE,216,19.1005,47.5124,1000,0,1000.0
LTE,216,19.1037,47.515,1000,0,1000.0
LTE,216,19.1097,47.5167,1000,0,1000.0
LTE,216,19.1259,47.5265,1278,0,1000.0
LTE,216,19.1124,47.5185,1000,0,1000.0
LTE,216,19.1116,47.5207,1267,0,1000.0
LTE,216,19.1128,47.518,1000,0,1000.0
LTE,216,19.1241,47.5125,1177,0,1000.0
LTE,216,19.1202,47.5146,500,0,500.0
LTE,216,19.1247,47.512,1000,0,1000.0
LTE,216,19.1373,47.5056,1793,0,1000.0
GSM,216,19.3328,47.4631,1000,0,1000.0
LTE,216,19.2343,47.4874,3907,0,300.0
LTE,216,19.2321,47.4992,1240,0,1000.0
LTE,216,19.3296,47.4654,775,0,775.0
LTE,216,19.2522,47.5138,2461,0,1000.0
LTE,216,19.2593,47.5159,1031,0,1000.0
LTE,216,19.2536,47.5247,1161,0,1000.0
LTE,216,19.242,47.5337,3650,0,300.0
LTE,216,19.2134,47.5397,1402,0,1000.0
LTE,216,19.1556,47.5731,1178,0,1000.0
LTE,216,19.1679,47.5615,1660,0,1000.0
LTE,216,19.0912,47.5541,500,0,500.0
LTE,216,19.0927,47.5528,1000,0,1000.0
LTE,216,19.0807,47.5322,1000,0,1000.0
LTE,216,19.0859,47.5492,1000,0,1000.0
LTE,216,19.0875,47.5473,500,0,500.0
LTE,216,19.0777,47.5262,500,0,500.0
LTE,216,19.0896,47.5192,1000,0,1000.0
LTE,216,19.0911,47.5166,536,0,536.0
LTE,216,19.0959,47.5141,1000,0,1000.0
LTE,216,19.0988,47.5125,1000,0,1000.0
LTE,216,19.1044,47.5149,1000,0,1000.0
LTE,216,19.1061,47.5167,1000,0,1000.0
LTE,216,19.1091,47.5174,1000,0,1000.0
LTE,216,19.1114,47.5189,500,0,500.0
LTE,216,19.1257,47.5114,1000,0,1000.0
LTE,216,19.137,47.5037,1000,0,1000.0
LTE,216,19.1581,47.4943,735,0,735.0
LTE,216,19.2376,47.4839,1000,0,1000.0
LTE,216,19.2559,47.4793,1000,0,1000.0
LTE,216,19.2922,47.3909,3202,0,300.0
LTE,216,19.2165,47.3538,1733,0,1000.0
LTE,216,19.1865,47.3725,964,0,964.0
LTE,216,19.1801,47.3804,1013,0,1000.0
LTE,216,19.1765,47.385,1937,0,1000.0
LTE,216,19.1623,47.3939,937,0,937.0
LTE,216,19.1667,47.3973,1128,0,1000.0
LTE,216,19.1649,47.3996,1000,0,1000.0
LTE,216,19.1576,47.4113,1000,0,1000.0
LTE,216,19.1555,47.4159,879,0,879.0
LTE,216,19.1579,47.4133,1207,0,1000.0
LTE,216,19.1515,47.4254,1000,0,1000.0
LTE,216,19.1105,47.4593,1000,0,1000.0
LTE,216,19.1053,47.4654,1000,0,1000.0
LTE,216,19.0942,47.472,1750,0,1000.0
LTE,216,19.0528,47.4724,1000,0,1000.0
LTE,216,19.1606,47.4052,1000,0,1000.0
GSM,216,19.3184,47.3989,2785,0,1000.0
LTE,216,18.9685,47.5379,2686,0,1000.0
LTE,216,18.9847,47.5424,2878,0,1000.0
LTE,216,18.9726,47.53,3307,0,300.0
LTE,216,18.9469,47.5185,1000,0,1000.0
LTE,216,19.0881,47.5476,737,0,737.0
LTE,216,19.0754,47.5494,1000,0,1000.0
LTE,216,19.0263,47.4836,1000,0,1000.0
LTE,216,19.1072,47.5032,1000,0,1000.0
LTE,216,19.1045,47.5067,1000,0,1000.0
LTE,216,19.0963,47.5136,500,0,500.0
LTE,216,19.1163,47.5442,8108,0,300.0
LTE,216,19.1708,47.5816,4203,0,300.0
LTE,216,19.1815,47.5877,5252,0,300.0
LTE,216,19.2072,47.5922,7071,0,300.0
LTE,216,19.3257,47.6142,1010,0,1000.0
LTE,216,19.0182,47.5577,1000,0,1000.0
LTE,216,19.0146,47.5551,1000,0,1000.0
LTE,216,19.0186,47.5586,1000,0,1000.0
LTE,216,19.03,47.4449,598,0,598.0
LTE,216,19.3273,47.4908,849,0,849.0
LTE,216,19.2222,47.5324,2294,0,1000.0
LTE,216,19.2157,47.5382,1014,0,1000.0
LTE,216,19.1551,47.5805,1098,0,1000.0
LTE,216,19.1399,47.5948,1403,0,1000.0
LTE,216,19.1292,47.5984,711,0,711.0
LTE,216,19.1417,47.5891,1341,0,1000.0
LTE,216,19.103,47.6125,2749,0,1000.0
LTE,216,19.0721,47.6108,1056,0,1000.0
LTE,216,19.0761,47.6125,1595,0,1000.0
LTE,216,19.0721,47.6121,998,0,998.0
LTE,216,19.0583,47.6028,1040,0,1000.0
LTE,216,19.0621,47.6087,1186,0,1000.0
LTE,216,19.0542,47.5964,558,0,558.0
LTE,216,19.0492,47.5794,1000,0,1000.0
LTE,216,19.0485,47.5737,1000,0,1000.0
LTE,216,19.0327,47.5299,1000,0,1000.0
LTE,216,19.0318,47.5289,1000,0,1000.0
LTE,216,19.0381,47.5281,500,0,500.0
LTE,216,19.034,47.528,1000,0,1000.0
LTE,216,19.0375,47.5284,1000,0,1000.0
LTE,216,19.0374,47.5276,1000,0,1000.0
LTE,216,19.0392,47.5295,1000,0,1000.0
LTE,216,19.04,47.5306,1000,0,1000.0
LTE,216,19.0392,47.5329,1000,0,1000.0
LTE,216,19.0401,47.5366,1000,0,1000.0
LTE,216,19.0407,47.5388,1000,0,1000.0
LTE,216,19.0392,47.5365,1000,0,1000.0
LTE,216,19.0403,47.5384,1000,0,1000.0
LTE,216,19.044,47.5396,1000,0,1000.0
LTE,216,19.0426,47.5401,1000,0,1000.0
LTE,216,19.0459,47.5395,500,0,500.0
LTE,216,19.0515,47.5381,500,0,500.0
LTE,216,19.0586,47.5355,1000,0,1000.0
LTE,216,19.0582,47.5361,1000,0,1000.0
LTE,216,19.0624,47.5353,500,0,500.0
LTE,216,19.0653,47.5336,1000,0,1000.0
LTE,216,19.0655,47.5336,1000,0,1000.0
LTE,216,19.0677,47.532,1000,0,1000.0
LTE,216,19.0696,47.5308,500,0,500.0
LTE,216,19.0719,47.5294,1000,0,1000.0
LTE,216,19.0736,47.5291,1000,0,1000.0
LTE,216,19.0783,47.5254,500,0,500.0
LTE,216,19.0944,47.5234,538,0,538.0
LTE,216,19.0967,47.5258,500,0,500.0
LTE,216,19.1043,47.5358,500,0,500.0
LTE,216,19.1079,47.5389,1000,0,1000.0
LTE,216,19.1254,47.5482,7512,0,300.0
LTE,216,19.2564,47.5158,1487,0,1000.0
LTE,216,19.3008,47.5065,1145,0,1000.0
LTE,216,19.2873,47.4692,1470,0,1000.0
LTE,216,19.2762,47.4727,520,0,520.0
LTE,216,19.2544,47.4719,1000,0,1000.0
LTE,216,19.2343,47.4713,1000,0,1000.0
LTE,216,19.2966,47.4639,1722,0,1000.0
LTE,216,19.2961,47.4561,1130,0,1000.0
LTE,216,19.0334,47.5016,1000,0,1000.0
LTE,216,19.0345,47.5012,1000,0,1000.0
LTE,216,19.0462,47.4978,1677,0,1000.0
LTE,216,19.0397,47.5011,1000,0,1000.0
LTE,216,19.0736,47.4935,3017,0,300.0
LTE,216,19.0338,47.5017,1000,0,1000.0
LTE,216,19.0338,47.5021,1000,0,1000.0
LTE,216,19.0343,47.5025,1000,0,1000.0
LTE,216,19.0337,47.5019,1000,0,1000.0
LTE,216,19.0332,47.4975,500,0,500.0
LTE,216,19.0284,47.5059,1000,0,1000.0
LTE,216,19.0268,47.5062,1000,0,1000.0
LTE,216,19.0243,47.5072,1000,0,1000.0
LTE,216,19.0253,47.5072,500,0,500.0
LTE,216,19.0219,47.5075,1000,0,1000.0
LTE,216,19.2423,47.4819,3551,0,300.0
LTE,216,19.2706,47.4744,500,0,500.0
LTE,216,19.2806,47.471,1000,0,1000.0
LTE,216,18.8657,47.3617,933,0,933.0
LTE,216,19.0394,47.5161,1000,0,1000.0
LTE,216,19.0378,47.5191,1038,0,1000.0
LTE,216,19.0588,47.5087,1000,0,1000.0
LTE,216,19.0588,47.508,1000,0,1000.0
LTE,216,19.062,47.5063,1000,0,1000.0
LTE,216,19.0628,47.5056,1000,0,1000.0
LTE,216,19.0662,47.503,1000,0,1000.0
LTE,216,19.0693,47.4998,1000,0,1000.0
LTE,216,19.0704,47.498,1000,0,1000.0
LTE,216,19.0709,47.4934,1000,0,1000.0
LTE,216,19.0723,47.496,1000,0,1000.0
LTE,216,19.0737,47.4956,1000,0,1000.0
LTE,216,19.0692,47.4928,1000,0,1000.0
LTE,216,19.0723,47.4972,1000,0,1000.0
LTE,216,19.0569,47.497,500,0,500.0
LTE,216,19.0549,47.502,1000,0,1000.0
LTE,216,19.0293,47.5036,1000,0,1000.0
LTE,216,19.0264,47.5065,1000,0,1000.0
LTE,216,19.0245,47.5033,1000,0,1000.0
LTE,216,19.027,47.5062,1000,0,1000.0
LTE,216,19.0253,47.5028,1000,0,1000.0
LTE,216,19.0359,47.4954,1000,0,1000.0
LTE,216,19.0543,47.4847,500,0,500.0
LTE,216,19.0506,47.4927,1000,0,1000.0
LTE,216,19.0565,47.4908,1000,0,1000.0
LTE,216,19.0537,47.4918,1000,0,1000.0
LTE,216,19.0608,47.4893,1000,0,1000.0
LTE,216,19.0616,47.49,1000,0,1000.0
LTE,216,19.0543,47.4903,1203,0,1000.0
LTE,216,19.0603,47.4905,1000,0,1000.0
LTE,216,19.0591,47.4908,1000,0,1000.0
LTE,216,19.0566,47.4926,1000,0,1000.0
LTE,216,19.057,47.4924,1000,0,1000.0
LTE,216,19.0576,47.4926,1000,0,1000.0
LTE,216,19.0648,47.494,1000,0,1000.0
LTE,216,19.3065,47.523,804,0,804.0
LTE,216,19.2507,47.5119,1708,0,1000.0
LTE,216,19.1624,47.5686,1057,0,1000.0
LTE,216,19.1571,47.6066,2067,0,1000.0
LTE,216,19.1171,47.6068,1000,0,1000.0
LTE,216,19.1169,47.6076,1000,0,1000.0
LTE,216,19.1168,47.6033,1000,0,1000.0
LTE,216,19.1218,47.6025,670,0,670.0
LTE,216,19.1469,47.6292,1000,0,1000.0
LTE,216,19.1495,47.601,1741,0,1000.0
LTE,216,19.118,47.5883,8253,0,300.0
LTE,216,19.2736,47.3809,1717,0,1000.0
LTE,216,19.1721,47.3647,3134,0,300.0
LTE,216,19.1191,47.3674,951,0,951.0
LTE,216,19.1024,47.3686,993,0,993.0
LTE,216,19.0882,47.3728,1303,0,1000.0
LTE,216,19.0694,47.3779,1167,0,1000.0
LTE,216,19.0316,47.3857,1256,0,1000.0
LTE,216,19.007,47.3977,1054,0,1000.0
LTE,216,19.011,47.398,2238,0,1000.0
LTE,216,19.0073,47.3777,1000,0,1000.0
GSM,216,19.0767,47.5392,2747,0,1000.0
LTE,216,19.0358,47.438,1315,0,1000.0
LTE,216,19.0411,47.4256,579,0,579.0
LTE,216,19.0406,47.431,2171,0,1000.0
LTE,216,19.1786,47.5043,1661,0,1000.0
LTE,216,19.1021,47.5059,1000,0,1000.0
LTE,216,19.0965,47.5102,1000,0,1000.0
LTE,216,19.0873,47.5101,500,0,500.0
LTE,216,19.0894,47.5094,1000,0,1000.0
LTE,216,19.0925,47.5106,549,0,549.0
LTE,216,19.0796,47.5126,594,0,594.0
LTE,216,19.0813,47.5111,1000,0,1000.0
LTE,216,19.0841,47.5094,1000,0,1000.0
LTE,216,19.101,47.5128,1000,0,1000.0
LTE,216,19.1252,47.5305,1841,0,1000.0
LTE,216,19.119,47.5153,669,0,669.0
LTE,216,19.1273,47.5104,564,0,564.0
LTE,216,19.1372,47.5065,609,0,609.0
LTE,216,19.2273,47.4859,1000,0,1000.0
LTE,216,18.9728,47.4537,854,0,854.0
GSM,216,19.0233,47.4999,855,0,855.0
GSM,216,19.0647,47.5436,7146,0,1000.0
GSM,216,19.0435,47.5533,1212,0,1000.0
GSM,216,19.023,47.5298,791,0,791.0
GSM,216,19.0789,47.5648,2088,0,1000.0
GSM,216,19.0772,47.5601,1364,0,1000.0
LTE,216,19.1374,47.4398,1000,0,1000.0
LTE,216,19.1326,47.4425,500,0,500.0
GSM,216,19.0801,47.5705,1403,0,1000.0
GSM,216,19.0669,47.5405,1013,0,1000.0
LTE,216,19.1065,47.4856,571,0,571.0
LTE,216,19.0798,47.4888,1000,0,1000.0
LTE,216,19.0793,47.4893,1000,0,1000.0
LTE,216,19.0751,47.4898,1000,0,1000.0
LTE,216,19.0689,47.4891,500,0,500.0
LTE,216,19.0668,47.4894,1000,0,1000.0
LTE,216,19.0631,47.4895,500,0,500.0
LTE,216,19.0638,47.4891,500,0,500.0
LTE,216,19.0654,47.4923,500,0,500.0
LTE,216,19.0643,47.4924,500,0,500.0
LTE,216,19.0634,47.4924,500,0,500.0
LTE,216,19.0644,47.4954,1000,0,1000.0
LTE,216,19.06,47.4941,1000,0,1000.0
LTE,216,19.0504,47.4976,1000,0,1000.0
LTE,216,19.073,47.4895,1000,0,1000.0
LTE,216,19.2942,47.4708,607,0,607.0
LTE,216,19.1893,47.3691,1000,0,1000.0
LTE,216,19.1829,47.3771,1000,0,1000.0
LTE,216,19.1767,47.3848,1009,0,1000.0
LTE,216,19.1522,47.4252,1207,0,1000.0
LTE,216,19.1468,47.4333,848,0,848.0
LTE,216,19.0609,47.4779,500,0,500.0
LTE,216,19.0648,47.4797,500,0,500.0
LTE,216,19.0231,47.4928,1126,0,1000.0
LTE,216,19.0205,47.4958,1000,0,1000.0
LTE,216,19.0202,47.4972,1000,0,1000.0
LTE,216,19.0143,47.4976,756,0,756.0
LTE,216,19.0029,47.5032,1000,0,1000.0
LTE,216,19.0034,47.5031,1000,0,1000.0
LTE,216,19.0048,47.5096,882,0,882.0
LTE,216,18.9938,47.5211,2905,0,1000.0
LTE,216,19.0124,47.4978,500,0,500.0
LTE,216,19.0239,47.4946,1000,0,1000.0
LTE,216,19.0351,47.4954,1000,0,1000.0
LTE,216,19.07,47.4973,1000,0,1000.0
LTE,216,19.0733,47.4979,1038,0,1000.0
LTE,216,19.0868,47.4994,556,0,556.0
LTE,216,19.099,47.4999,1000,0,1000.0
LTE,216,19.2274,47.494,2266,0,1000.0
GSM,216,19.0614,47.5729,2988,0,1000.0
LTE,216,18.8555,47.4701,4533,0,300.0
LTE,216,18.9316,47.4479,643,0,643.0
LTE,216,19.1001,47.5116,1000,0,1000.0
GSM,216,19.0496,47.535,1736,0,1000.0
LTE,216,19.0771,47.552,1000,0,1000.0
LTE,216,19.0799,47.5486,1000,0,1000.0
GSM,216,19.0524,47.5374,500,0,500.0
LTE,216,19.2122,47.5277,1641,0,1000.0
LTE,216,19.0997,47.5513,1000,0,1000.0
LTE,216,19.0964,47.5436,816,0,816.0
LTE,216,19.0936,47.5416,1000,0,1000.0
LTE,216,19.1083,47.5325,1301,0,1000.0
LTE,216,19.174,47.5595,1407,0,1000.0
LTE,216,19.2771,47.4014,1477,0,1000.0
LTE,216,19.211,47.3529,1125,0,1000.0
LTE,216,19.1606,47.4055,1000,0,1000.0
LTE,216,19.1538,47.4154,1000,0,1000.0
LTE,216,19.1885,47.3601,943,0,943.0
LTE,216,19.1019,47.369,847,0,847.0
LTE,216,19.0911,47.3715,1064,0,1000.0
LTE,216,19.0177,47.385,968,0,968.0
LTE,216,18.9472,47.4185,1625,0,1000.0
LTE,216,18.9309,47.4192,874,0,874.0
LTE,216,18.9322,47.4144,660,0,660.0
LTE,216,18.901,47.4179,1648,0,1000.0
LTE,216,18.9056,47.4367,3466,0,300.0
LTE,216,18.9104,47.4473,915,0,915.0
LTE,216,18.9274,47.438,1661,0,1000.0
LTE,216,18.9353,47.4521,1100,0,1000.0
LTE,216,18.9467,47.4516,735,0,735.0
LTE,216,19.0188,47.4669,1000,0,1000.0
LTE,216,19.0224,47.4639,500,0,500.0
LTE,216,19.0199,47.4707,2078,0,1000.0
LTE,216,19.0146,47.4667,680,0,680.0
LTE,216,19.0167,47.4649,1000,0,1000.0
LTE,216,19.0057,47.4576,768,0,768.0
LTE,216,19.0088,47.4478,935,0,935.0
LTE,216,18.9992,47.4016,6226,0,300.0
LTE,216,19.0448,47.3793,1000,0,1000.0
LTE,216,19.1188,47.3678,1289,0,1000.0
LTE,216,19.1842,47.3588,1280,0,1000.0
LTE,216,19.091,47.4777,1000,0,1000.0
GSM,216,19.0708,47.4638,1208,0,1000.0
LTE,216,19.0861,47.4801,2152,0,1000.0
LTE,216,18.959,47.4524,1000,0,1000.0
LTE,216,19.0149,47.4874,1000,0,1000.0
LTE,216,19.023,47.4892,1000,0,1000.0
LTE,216,19.0183,47.5562,1000,0,1000.0
LTE,216,19.0131,47.5579,1000,0,1000.0
LTE,216,19.0207,47.5564,2502,0,1000.0
LTE,216,19.0194,47.5572,1000,0,1000.0
LTE,216,19.0192,47.5558,1000,0,1000.0
LTE,216,18.96,47.3852,906,0,906.0
LTE,216,18.9174,47.3799,1176,0,1000.0
LTE,216,19.0587,47.5016,1000,0,1000.0
LTE,216,19.0594,47.4996,1000,0,1000.0
LTE,216,19.0579,47.4989,1000,0,1000.0
LTE,216,19.0567,47.4982,1000,0,1000.0
LTE,216,19.0576,47.4979,1000,0,1000.0
LTE,216,19.0571,47.4966,1000,0,1000.0
LTE,216,19.0575,47.496,1000,0,1000.0
LTE,216,19.0583,47.496,1000,0,1000.0
LTE,216,19.0544,47.4976,1000,0,1000.0
LTE,216,19.0539,47.4988,1959,0,1000.0
LTE,216,19.0529,47.4991,1000,0,1000.0
LTE,216,19.0497,47.5011,1000,0,1000.0
LTE,216,19.0493,47.5009,1000,0,1000.0
LTE,216,19.0482,47.5012,1000,0,1000.0
LTE,216,19.0496,47.5031,1000,0,1000.0
LTE,216,19.0496,47.5033,1000,0,1000.0
LTE,216,19.0506,47.5043,1000,0,1000.0
LTE,216,19.0473,47.5056,1000,0,1000.0
LTE,216,19.0537,47.5036,1000,0,1000.0
LTE,216,19.055,47.5013,500,0,500.0
LTE,216,19.0581,47.5009,1000,0,1000.0
LTE,216,19.0603,47.5033,1000,0,1000.0
LTE,216,19.0602,47.5055,1000,0,1000.0
LTE,216,19.0552,47.4998,1000,0,1000.0
LTE,216,19.0616,47.5177,747,0,747.0
LTE,216,19.0586,47.5109,1000,0,1000.0
LTE,216,19.0642,47.5266,2536,0,1000.0
LTE,216,19.0692,47.5378,3836,0,300.0
LTE,216,19.0731,47.5476,500,0,500.0
LTE,216,19.0753,47.5507,952,0,952.0
LTE,216,19.0726,47.5494,500,0,500.0
LTE,216,19.1155,47.5007,1454,0,1000.0
LTE,216,19.1149,47.4997,1000,0,1000.0
LTE,216,19.1245,47.5019,1000,0,1000.0
LTE,216,19.1409,47.5073,2105,0,1000.0
GSM,216,18.8895,47.4588,2698,0,1000.0
GSM,216,18.9333,47.42,1431,0,1000.0
GSM,216,18.9354,47.4193,1504,0,1000.0
GSM,216,19.1337,47.3664,1717,0,1000.0
GSM,216,19.0984,47.3703,2220,0,1000.0
GSM,216,18.8959,47.4586,1669,0,1000.0
LTE,216,19.0036,47.5134,1000,0,1000.0
LTE,216,19.0054,47.5123,1000,0,1000.0
LTE,216,19.0105,47.5099,1000,0,1000.0
LTE,216,19.0162,47.5081,1000,0,1000.0
LTE,216,19.0208,47.5081,1000,0,1000.0
LTE,216,19.0236,47.5075,1000,0,1000.0
LTE,216,19.0241,47.5082,1000,0,1000.0
LTE,216,19.0205,47.5076,712,0,712.0
LTE,216,19.0167,47.5083,947,0,947.0
LTE,216,19.0095,47.5097,500,0,500.0
LTE,216,18.996,47.518,500,0,500.0
LTE,216,18.9906,47.5224,506,0,506.0
LTE,216,18.986,47.5254,500,0,500.0
LTE,216,18.9812,47.5281,504,0,504.0
LTE,216,18.9815,47.5288,500,0,500.0
LTE,216,18.9835,47.5242,500,0,500.0
LTE,216,19.0239,47.4987,500,0,500.0
LTE,216,19.0258,47.507,1000,0,1000.0
LTE,216,19.0246,47.506,2646,0,1000.0
LTE,216,19.0254,47.5022,1811,0,1000.0
LTE,216,19.0243,47.5003,1000,0,1000.0
LTE,216,19.0193,47.4976,1000,0,1000.0
LTE,216,19.079,47.5319,1000,0,1000.0
LTE,216,19.0821,47.5247,1000,0,1000.0
LTE,216,19.0784,47.5035,1000,0,1000.0
LTE,216,19.057,47.5132,1000,0,1000.0
LTE,216,19.0409,47.4769,2006,0,1000.0
LTE,216,19.0379,47.4797,1000,0,1000.0
LTE,216,19.0319,47.4828,591,0,591.0
LTE,216,19.088,47.5338,1000,0,1000.0
LTE,216,19.0869,47.5337,1000,0,1000.0
LTE,216,19.087,47.5305,1000,0,1000.0
LTE,216,19.3284,47.4608,904,0,904.0
LTE,216,19.259,47.4866,738,0,738.0
LTE,216,19.0929,47.5594,1000,0,1000.0
LTE,216,19.0848,47.5615,6696,0,300.0
LTE,216,19.0916,47.564,1000,0,1000.0
LTE,216,19.0879,47.5661,1780,0,1000.0
LTE,216,19.1025,47.5655,1067,0,1000.0
LTE,216,19.0734,47.5325,3373,0,300.0
LTE,216,19.1353,47.5955,930,0,930.0
LTE,216,19.1397,47.5894,1808,0,1000.0
LTE,216,19.2297,47.5324,741,0,741.0
LTE,216,19.2139,47.5213,2415,0,1000.0
LTE,216,19.2752,47.5113,1792,0,1000.0
LTE,216,19.3096,47.4012,1496,0,1000.0
LTE,216,19.2831,47.4149,1010,0,1000.0
LTE,216,19.2959,47.4069,1988,0,1000.0
LTE,216,19.2658,47.4183,814,0,814.0
LTE,216,19.2535,47.4184,500,0,500.0
LTE,216,19.1737,47.4591,1039,0,1000.0
LTE,216,19.1639,47.4612,540,0,540.0
LTE,216,19.1412,47.4664,756,0,756.0
LTE,216,19.0627,47.5095,1000,0,1000.0
LTE,216,19.0783,47.507,1000,0,1000.0
LTE,216,19.0864,47.4985,1000,0,1000.0
LTE,216,19.1114,47.4717,624,0,624.0
LTE,216,19.1301,47.4652,1000,0,1000.0
LTE,216,19.1936,47.4556,1096,0,1000.0
LTE,216,19.0821,47.4692,1000,0,1000.0
LTE,216,19.0838,47.5174,4652,0,300.0
LTE,216,19.0893,47.5201,645,0,645.0
LTE,216,19.0953,47.5244,1000,0,1000.0
LTE,216,19.1007,47.5339,775,0,775.0
LTE,216,19.1419,47.5639,669,0,669.0
LTE,216,19.1564,47.5708,835,0,835.0
LTE,216,19.1587,47.5754,904,0,904.0
LTE,216,19.1512,47.5794,675,0,675.0
LTE,216,19.1228,47.6312,1000,0,1000.0
LTE,216,19.2067,47.5437,561,0,561.0
LTE,216,19.1916,47.5486,1331,0,1000.0
GSM,216,19.0489,47.5351,657,0,657.0
GSM,216,19.0315,47.5436,1603,0,1000.0
GSM,216,19.0408,47.5269,2862,0,1000.0
LTE,216,19.0212,47.524,500,0,500.0
GSM,216,19.0245,47.5242,2210,0,1000.0
GSM,216,18.9932,47.5234,1436,0,1000.0
GSM,216,18.9905,47.5206,1402,0,1000.0
GSM,216,18.9879,47.5227,1563,0,1000.0
LTE,216,19.1125,47.49,2256,0,1000.0
LTE,216,19.1011,47.4931,1348,0,1000.0
GSM,216,19.0417,47.4765,1000,0,1000.0
GSM,216,19.0307,47.4825,1371,0,1000.0
LTE,216,19.0757,47.4828,1000,0,1000.0
LTE,216,19.0244,47.489,1000,0,1000.0
LTE,216,19.0236,47.4916,1000,0,1000.0
LTE,216,19.082,47.5428,500,0,500.0
LTE,216,19.0845,47.5393,1000,0,1000.0
LTE,216,19.0824,47.5393,536,0,536.0
LTE,216,19.0828,47.5354,1000,0,1000.0
LTE,216,19.0865,47.5365,500,0,500.0
LTE,216,19.0794,47.5412,500,0,500.0
LTE,216,19.0743,47.5431,1000,0,1000.0
LTE,216,19.076,47.5429,1000,0,1000.0
LTE,216,19.0765,47.5448,1000,0,1000.0
LTE,216,19.0766,47.5452,1000,0,1000.0
LTE,216,19.0748,47.5458,1000,0,1000.0
LTE,216,19.0754,47.5479,1000,0,1000.0
LTE,216,19.0748,47.5511,1000,0,1000.0
LTE,216,19.0762,47.4877,1000,0,1000.0
LTE,216,19.075,47.4883,1000,0,1000.0
LTE,216,19.0868,47.5554,1000,0,1000.0
LTE,216,19.0886,47.5455,1000,0,1000.0
LTE,216,19.09,47.5404,1000,0,1000.0
LTE,216,19.0894,47.538,1000,0,1000.0
LTE,216,19.0844,47.5262,1000,0,1000.0
LTE,216,19.0948,47.4995,817,0,817.0
LTE,216,18.8895,47.4472,961,0,961.0
LTE,216,18.9009,47.4258,507,0,507.0
LTE,216,18.9804,47.4,1685,0,1000.0
LTE,216,19.2731,47.3809,1549,0,1000.0
LTE,216,19.1372,47.5987,1446,0,1000.0
LTE,216,19.142,47.5895,1069,0,1000.0
LTE,216,19.2094,47.5414,1192,0,1000.0
LTE,216,19.2253,47.5329,1000,0,1000.0
LTE,216,19.3007,47.3992,1801,0,1000.0
LTE,216,19.2984,47.4091,1618,0,1000.0
LTE,216,19.2627,47.4225,1122,0,1000.0
LTE,216,19.2628,47.4296,676,0,676.0
LTE,216,19.263,47.4305,1000,0,1000.0
LTE,216,19.2278,47.4342,823,0,823.0
LTE,216,19.2186,47.4409,1000,0,1000.0
LTE,216,19.2087,47.4467,883,0,883.0
LTE,216,19.1932,47.4489,1000,0,1000.0
LTE,216,19.1828,47.4562,6490,0,300.0
LTE,216,19.1837,47.4551,676,0,676.0
LTE,216,19.1723,47.4596,815,0,815.0
LTE,216,19.1711,47.4602,7469,0,300.0
LTE,216,19.1567,47.462,686,0,686.0
LTE,216,19.1523,47.4624,500,0,500.0
LTE,216,19.1444,47.4636,9473,0,300.0
LTE,216,19.1356,47.4662,1000,0,1000.0
LTE,216,19.1294,47.4656,1000,0,1000.0
LTE,216,19.1212,47.4674,1000,0,1000.0
LTE,216,19.1194,47.468,500,0,500.0
LTE,216,19.1137,47.4701,1000,0,1000.0
LTE,216,19.1096,47.4717,1000,0,1000.0
LTE,216,19.1004,47.4757,629,0,629.0
LTE,216,19.0951,47.4769,1000,0,1000.0
LTE,216,19.0908,47.4786,1000,0,1000.0
LTE,216,19.0892,47.4791,1000,0,1000.0
LTE,216,19.0863,47.4802,500,0,500.0
LTE,216,19.0846,47.4824,1000,0,1000.0
LTE,216,19.0782,47.483,1000,0,1000.0
LTE,216,19.0791,47.4829,1000,0,1000.0
LTE,216,19.0796,47.4875,1000,0,1000.0
LTE,216,19.0816,47.4854,1000,0,1000.0
LTE,216,19.0802,47.4844,1000,0,1000.0
LTE,216,19.0803,47.4866,1000,0,1000.0
LTE,216,19.0812,47.4864,1000,0,1000.0
LTE,216,19.0835,47.4873,1000,0,1000.0
LTE,216,19.0739,47.489,1000,0,1000.0
LTE,216,19.0624,47.4909,500,0,500.0
LTE,216,19.0644,47.4885,500,0,500.0
LTE,216,19.0622,47.4917,500,0,500.0
LTE,216,19.061,47.4933,1000,0,1000.0
LTE,216,19.0582,47.5029,1000,0,1000.0
LTE,216,19.0641,47.5048,1000,0,1000.0
LTE,216,19.0701,47.5098,1000,0,1000.0
LTE,216,19.0722,47.5111,1000,0,1000.0
LTE,216,19.0747,47.5128,1000,0,1000.0
LTE,216,19.0774,47.5139,1000,0,1000.0
LTE,216,19.0766,47.5149,1000,0,1000.0
LTE,216,19.0792,47.5158,1000,0,1000.0
LTE,216,19.0811,47.5163,1000,0,1000.0
LTE,216,19.086,47.5192,2265,0,1000.0
LTE,216,19.0927,47.5193,1000,0,1000.0
LTE,216,19.0939,47.5173,1000,0,1000.0
LTE,216,19.1015,47.5187,1000,0,1000.0
LTE,216,19.0998,47.5223,500,0,500.0
LTE,216,19.0969,47.5131,1000,0,1000.0
LTE,216,19.0825,47.5227,567,0,567.0
LTE,216,19.0843,47.522,1000,0,1000.0
LTE,216,19.0768,47.5262,1002,0,1000.0
LTE,216,19.0773,47.526,1000,0,1000.0
LTE,216,19.0715,47.5295,1000,0,1000.0
LTE,216,19.0735,47.5288,1000,0,1000.0
LTE,216,19.0853,47.5187,2193,0,1000.0
LTE,216,19.1264,47.5504,1000,0,1000.0
LTE,216,19.1304,47.5557,516,0,516.0
LTE,216,19.1369,47.5606,794,0,794.0
LTE,216,19.1645,47.5853,1454,0,1000.0
LTE,216,19.0922,47.6074,951,0,951.0
LTE,216,19.1221,47.6212,1454,0,1000.0
LTE,216,19.1277,47.6413,1000,0,1000.0
LTE,216,19.2608,47.4665,1000,0,1000.0
LTE,216,19.1825,47.4877,7529,0,300.0
LTE,216,19.171,47.4892,6654,0,300.0
LTE,216,19.1196,47.4897,2922,0,1000.0
LTE,216,19.1141,47.4873,2688,0,1000.0
LTE,216,19.1028,47.4921,1000,0,1000.0
GSM,216,19.037,47.4954,4697,0,1000.0
GSM,216,19.0342,47.4943,727,0,727.0
LTE,216,19.0214,47.5074,542,0,542.0
GSM,216,18.9033,47.4703,2328,0,1000.0
LTE,216,19.0272,47.5353,500,0,500.0
LTE,216,19.0291,47.5419,1000,0,1000.0
GSM,216,19.0318,47.5426,1408,0,1000.0
LTE,216,19.0504,47.5148,1000,0,1000.0
LTE,216,19.2105,47.4776,9835,0,300.0
LTE,216,19.0778,47.5206,1000,0,1000.0
LTE,216,19.0717,47.5614,844,0,844.0
LTE,216,19.0774,47.5552,1000,0,1000.0
LTE,216,19.0691,47.5418,1000,0,1000.0
LTE,216,19.0568,47.5356,3037,0,300.0
LTE,216,19.0691,47.5313,1000,0,1000.0
LTE,216,19.0745,47.5277,1000,0,1000.0
LTE,216,19.0781,47.5254,1000,0,1000.0
LTE,216,19.0935,47.5151,1000,0,1000.0
LTE,216,19.1066,47.5038,1000,0,1000.0
LTE,216,19.1071,47.4849,1000,0,1000.0
LTE,216,19.105,47.479,1000,0,1000.0
LTE,216,19.1012,47.4743,1378,0,1000.0
LTE,216,19.099,47.4714,1397,0,1000.0
LTE,216,19.0921,47.4713,1000,0,1000.0
LTE,216,19.0768,47.4675,1000,0,1000.0
LTE,216,19.0729,47.4688,500,0,500.0
LTE,216,19.0686,47.4688,1000,0,1000.0
LTE,216,19.0597,47.4769,1000,0,1000.0
LTE,216,19.0526,47.4764,1000,0,1000.0
LTE,216,19.0592,47.4808,500,0,500.0
LTE,216,19.065,47.4811,1350,0,1000.0
LTE,216,19.0615,47.4896,500,0,500.0
LTE,216,19.0722,47.4853,641,0,641.0
LTE,216,19.0744,47.4844,1000,0,1000.0
LTE,216,19.0693,47.4866,1000,0,1000.0
LTE,216,19.0734,47.485,1000,0,1000.0
LTE,216,19.0784,47.4859,1000,0,1000.0
LTE,216,19.0633,47.5052,1000,0,1000.0
LTE,216,19.0654,47.5066,1000,0,1000.0
LTE,216,19.0678,47.5082,1000,0,1000.0
LTE,216,19.1218,47.5492,1000,0,1000.0
LTE,216,19.1315,47.5568,1000,0,1000.0
LTE,216,19.1703,47.5814,1046,0,1000.0
LTE,216,19.1696,47.5811,1105,0,1000.0
LTE,216,19.1835,47.5889,1000,0,1000.0
LTE,216,19.1824,47.5885,815,0,815.0
LTE,216,19.2239,47.5915,8083,0,300.0
LTE,216,19.2551,47.5991,1220,0,1000.0
LTE,216,19.2544,47.5995,1156,0,1000.0
LTE,216,19.2784,47.6017,1199,0,1000.0
LTE,216,19.2768,47.601,897,0,897.0
LTE,216,19.3256,47.614,900,0,900.0
LTE,216,19.3382,47.6147,2805,0,1000.0
LTE,216,19.0737,47.4806,1000,0,1000.0
LTE,216,19.0178,47.5186,602,0,602.0
LTE,216,18.904,47.3542,1182,0,1000.0
LTE,216,18.9137,47.3592,2704,0,1000.0
LTE,216,18.9278,47.3678,1029,0,1000.0
LTE,216,18.9228,47.3648,970,0,970.0
LTE,216,18.9204,47.3641,1113,0,1000.0
LTE,216,18.936,47.3708,1044,0,1000.0
LTE,216,18.9518,47.3795,1137,0,1000.0
LTE,216,18.9627,47.3829,1809,0,1000.0
LTE,216,18.9384,47.3784,1276,0,1000.0
LTE,216,18.9546,47.3815,1170,0,1000.0
LTE,216,18.9645,47.3871,821,0,821.0
LTE,216,18.9684,47.3911,941,0,941.0
LTE,216,18.9699,47.3949,823,0,823.0
LTE,216,18.9723,47.4021,1007,0,1000.0
LTE,216,19.0188,47.4038,500,0,500.0
LTE,216,19.0344,47.4118,777,0,777.0
LTE,216,19.0409,47.4164,583,0,583.0
LTE,216,19.0417,47.4212,700,0,700.0
LTE,216,19.0487,47.4497,1000,0,1000.0
LTE,216,19.051,47.4606,1000,0,1000.0
LTE,216,19.0489,47.4642,7741,0,300.0
LTE,216,19.0536,47.4706,500,0,500.0
LTE,216,18.9484,47.4537,500,0,500.0
LTE,216,18.9481,47.4492,562,0,562.0
LTE,216,18.9391,47.4527,1042,0,1000.0
LTE,216,18.9036,47.4405,1000,0,1000.0
LTE,216,18.8995,47.4319,796,0,796.0
LTE,216,18.8916,47.428,801,0,801.0
LTE,216,18.9005,47.4187,1731,0,1000.0
LTE,216,18.9341,47.4181,1207,0,1000.0
LTE,216,18.9261,47.4196,1311,0,1000.0
LTE,216,18.9291,47.4195,1097,0,1000.0
LTE,216,18.9455,47.4192,1055,0,1000.0
LTE,216,18.9693,47.3938,792,0,792.0
LTE,216,18.9667,47.3857,930,0,930.0
LTE,216,18.9533,47.3809,1187,0,1000.0
LTE,216,18.9385,47.3885,5914,0,300.0
LTE,216,18.9353,47.3708,842,0,842.0
LTE,216,18.9351,47.3702,697,0,697.0
LTE,216,18.927,47.3667,577,0,577.0
LTE,216,18.9047,47.3535,2083,0,1000.0
LTE,216,18.898,47.3577,1151,0,1000.0
LTE,216,19.0713,47.5446,1000,0,1000.0
GSM,216,19.1412,47.3656,2221,0,1000.0
LTE,216,19.0657,47.3786,1046,0,1000.0
LTE,216,19.0485,47.3924,1645,0,1000.0
LTE,216,19.0681,47.4083,1000,0,1000.0
LTE,216,19.0608,47.4158,1000,0,1000.0
LTE,216,19.0621,47.4172,1000,0,1000.0
LTE,216,19.0646,47.4265,1000,0,1000.0
LTE,216,19.3104,47.4012,2767,0,1000.0
LTE,216,18.9467,47.42,649,0,649.0
LTE,216,18.8747,47.4601,1803,0,1000.0
LTE,216,18.8751,47.4577,1893,0,1000.0
LTE,216,18.8769,47.4614,1489,0,1000.0
LTE,216,19.034,47.5048,1000,0,1000.0
LTE,216,19.0334,47.5031,1000,0,1000.0
LTE,216,19.0327,47.5067,1000,0,1000.0
LTE,216,19.0332,47.5024,1000,0,1000.0
LTE,216,19.031,47.5045,1000,0,1000.0
LTE,216,19.033,47.5021,1000,0,1000.0
LTE,216,19.0337,47.5012,1000,0,1000.0
LTE,216,19.0361,47.4986,1000,0,1000.0
LTE,216,19.0288,47.4963,625,0,625.0
LTE,216,19.031,47.5002,2349,0,1000.0
LTE,216,19.0379,47.4944,1000,0,1000.0
LTE,216,19.0385,47.4945,500,0,500.0
LTE,216,19.0364,47.496,611,0,611.0
LTE,216,19.0269,47.5033,1000,0,1000.0
LTE,216,19.0299,47.5005,764,0,764.0
LTE,216,19.0332,47.5017,1000,0,1000.0
LTE,216,19.0342,47.5009,1000,0,1000.0
LTE,216,19.0392,47.5051,1000,0,1000.0
LTE,216,19.0384,47.5018,1000,0,1000.0
LTE,216,19.0355,47.4996,1000,0,1000.0
LTE,216,19.031,47.5014,1000,0,1000.0
LTE,216,19.0303,47.4973,709,0,709.0
LTE,216,19.0293,47.5004,1000,0,1000.0
LTE,216,19.0255,47.5044,1000,0,1000.0
LTE,216,19.0233,47.5072,631,0,631.0
LTE,216,19.0385,47.4811,500,0,500.0
LTE,216,19.0221,47.4899,1426,0,1000.0
LTE,216,19.0303,47.4889,1549,0,1000.0
LTE,216,19.0229,47.4913,1000,0,1000.0
LTE,216,19.0186,47.4964,1237,0,1000.0
LTE,216,19.0238,47.4996,1000,0,1000.0
LTE,216,19.0246,47.4978,1316,0,1000.0
LTE,216,18.9245,47.3742,1038,0,1000.0
LTE,216,18.9231,47.3809,630,0,630.0
LTE,216,18.9391,47.3788,2004,0,1000.0
LTE,216,18.9627,47.3819,1679,0,1000.0
LTE,216,18.9958,47.3932,537,0,537.0
LTE,216,19.0306,47.4453,583,0,583.0
LTE,216,19.0239,47.4501,1142,0,1000.0
LTE,216,19.024,47.4559,1000,0,1000.0
LTE,216,19.0226,47.4527,500,0,500.0
LTE,216,19.0565,47.4724,1000,0,1000.0
LTE,216,19.0556,47.4691,500,0,500.0
LTE,216,19.1082,47.4886,1145,0,1000.0
LTE,216,19.1093,47.4999,987,0,987.0
LTE,216,19.1055,47.5055,2397,0,1000.0
LTE,216,19.1031,47.5077,500,0,500.0
LTE,216,19.089,47.5196,1000,0,1000.0
LTE,216,19.0817,47.5226,817,0,817.0
LTE,216,19.0831,47.5211,1351,0,1000.0
LTE,216,19.0775,47.526,500,0,500.0
LTE,216,19.0731,47.5287,1000,0,1000.0
LTE,216,19.0655,47.5331,2075,0,1000.0
LTE,216,19.0663,47.5327,1000,0,1000.0
LTE,216,19.0624,47.5337,645,0,645.0
LTE,216,19.059,47.5342,1000,0,1000.0
LTE,216,19.0572,47.5366,1000,0,1000.0
LTE,216,19.0535,47.5371,1000,0,1000.0
LTE,216,19.0499,47.5397,1088,0,1000.0
LTE,216,19.0469,47.5391,546,0,546.0
LTE,216,19.0436,47.5403,500,0,500.0
LTE,216,19.0425,47.5434,752,0,752.0
LTE,216,19.0412,47.5404,1000,0,1000.0
LTE,216,19.043,47.5407,1000,0,1000.0
LTE,216,19.0401,47.5409,1000,0,1000.0
LTE,216,19.0424,47.5444,1000,0,1000.0
LTE,216,19.0365,47.5458,3022,0,300.0
LTE,216,19.0409,47.5405,1000,0,1000.0
LTE,216,19.0416,47.5395,1000,0,1000.0
LTE,216,19.0404,47.5394,1000,0,1000.0
LTE,216,19.0354,47.5323,1344,0,1000.0
LTE,216,19.059,47.5366,1000,0,1000.0
LTE,216,19.0561,47.5339,1000,0,1000.0
LTE,216,19.0838,47.5216,500,0,500.0
LTE,216,19.0889,47.5197,1000,0,1000.0
LTE,216,19.0911,47.517,500,0,500.0
LTE,216,19.0967,47.5136,1000,0,1000.0
LTE,216,19.1003,47.5126,1000,0,1000.0
LTE,216,19.1028,47.5083,500,0,500.0
LTE,216,19.0503,47.4679,1000,0,1000.0
LTE,216,19.0494,47.4654,1000,0,1000.0
LTE,216,18.9411,47.395,1664,0,1000.0
LTE,216,18.9413,47.3792,1201,0,1000.0
LTE,216,18.906,47.359,1050,0,1000.0
LTE,216,18.8926,47.4156,9247,0,300.0
LTE,216,19.2032,47.5452,695,0,695.0
LTE,216,19.1808,47.5494,2750,0,1000.0
LTE,216,19.1698,47.5424,1000,0,1000.0
LTE,216,19.1628,47.5382,500,0,500.0
LTE,216,19.1516,47.5341,1001,0,1000.0
LTE,216,19.1429,47.5417,1000,0,1000.0
LTE,216,19.1409,47.5428,1000,0,1000.0
LTE,216,19.1637,47.5386,1000,0,1000.0
LTE,216,19.2179,47.5369,803,0,803.0
LTE,216,19.2627,47.4869,1000,0,1000.0
LTE,216,19.2019,47.5454,674,0,674.0
LTE,216,19.1055,47.5368,1000,0,1000.0
LTE,216,19.0427,47.5392,815,0,815.0
LTE,216,19.0385,47.5349,1000,0,1000.0
LTE,216,19.0395,47.5333,500,0,500.0
LTE,216,19.0401,47.5299,1000,0,1000.0
LTE,216,19.0382,47.5282,1000,0,1000.0
LTE,216,19.0359,47.5279,501,0,501.0
LTE,216,19.0373,47.5275,1000,0,1000.0
LTE,216,19.1319,47.5077,1000,0,1000.0
LTE,216,19.1149,47.4697,1000,0,1000.0
LTE,216,19.1099,47.4584,1000,0,1000.0
LTE,216,19.105,47.4559,646,0,646.0
LTE,216,19.0882,47.4687,1000,0,1000.0
LTE,216,19.0256,47.4616,1000,0,1000.0
LTE,216,19.0294,47.4805,17485,0,300.0
LTE,216,19.029,47.4811,1196,0,1000.0
LTE,216,19.023,47.4906,1000,0,1000.0
LTE,216,19.041,47.4966,1000,0,1000.0
LTE,216,19.0427,47.4962,636,0,636.0
LTE,216,19.0475,47.4913,1000,0,1000.0
LTE,216,19.0441,47.5016,1000,0,1000.0
LTE,216,19.0397,47.5021,1136,0,1000.0
LTE,216,19.0387,47.5079,1000,0,1000.0
LTE,216,19.0394,47.5109,1302,0,1000.0
LTE,216,19.0406,47.5217,1712,0,1000.0
LTE,216,19.0432,47.5142,1000,0,1000.0
LTE,216,19.0453,47.5186,1000,0,1000.0
LTE,216,19.0605,47.5215,1684,0,1000.0
LTE,216,19.0626,47.5221,500,0,500.0
LTE,216,19.0609,47.512,1000,0,1000.0
LTE,216,19.062,47.511,1000,0,1000.0
LTE,216,19.0802,47.4982,1000,0,1000.0
LTE,216,19.0826,47.4982,500,0,500.0
LTE,216,19.0864,47.4916,1000,0,1000.0
LTE,216,19.0794,47.483,500,0,500.0
LTE,216,19.0854,47.4932,1000,0,1000.0
LTE,216,19.1199,47.5264,623,0,623.0
GSM,216,19.1426,47.589,1539,0,1000.0
LTE,216,19.0294,47.444,513,0,513.0
LTE,216,19.0208,47.4501,1098,0,1000.0
LTE,216,19.0242,47.4555,1000,0,1000.0
LTE,216,19.0235,47.4542,1000,0,1000.0
LTE,216,19.0214,47.458,1000,0,1000.0
LTE,216,19.0542,47.4727,1000,0,1000.0
LTE,216,19.0582,47.4738,1257,0,1000.0
LTE,216,19.1226,47.5018,2003,0,1000.0
LTE,216,19.1313,47.5027,1450,0,1000.0
LTE,216,19.1373,47.5034,1000,0,1000.0
LTE,216,19.0636,47.4829,4378,0,300.0
LTE,216,19.0683,47.4825,4088,0,300.0
LTE,216,19.0611,47.4797,4714,0,300.0
LTE,216,19.0407,47.4756,732,0,732.0
LTE,216,19.0344,47.4763,500,0,500.0
LTE,216,19.0354,47.4768,1000,0,1000.0
LTE,216,19.0294,47.4754,500,0,500.0
LTE,216,18.9439,47.3976,5297,0,300.0
LTE,216,19.125,47.4856,666,0,666.0
LTE,216,19.061,47.5177,1000,0,1000.0
LTE,216,19.067,47.4938,1000,0,1000.0
LTE,216,19.0862,47.498,1000,0,1000.0
LTE,216,19.2718,47.4201,1178,0,1000.0
LTE,216,19.257,47.4226,5562,0,300.0
LTE,216,19.231,47.4313,1000,0,1000.0
LTE,216,19.2317,47.4401,1563,0,1000.0
LTE,216,19.2243,47.4371,1000,0,1000.0
LTE,216,19.2206,47.4393,1000,0,1000.0
LTE,216,19.2173,47.4419,3352,0,300.0
LTE,216,19.2105,47.4455,1000,0,1000.0
LTE,216,19.2017,47.4505,1000,0,1000.0
LTE,216,19.1899,47.4548,5185,0,300.0
LTE,216,19.1736,47.4586,651,0,651.0
LTE,216,19.1331,47.4731,922,0,922.0
LTE,216,19.0869,47.4805,1000,0,1000.0
LTE,216,19.078,47.4829,1000,0,1000.0
LTE,216,19.0702,47.4863,2251,0,1000.0
LTE,216,19.068,47.4815,1000,0,1000.0
LTE,216,19.0322,47.4766,1000,0,1000.0
LTE,216,19.016,47.488,1276,0,1000.0
LTE,216,19.0114,47.4957,1000,0,1000.0
LTE,216,19.0794,47.4991,1515,0,1000.0
LTE,216,19.0893,47.4988,2223,0,1000.0
LTE,216,19.0237,47.4936,1000,0,1000.0
LTE,216,18.9538,47.4165,1000,0,1000.0
LTE,216,18.9228,47.4384,2190,0,1000.0
LTE,216,19.062,47.4888,1000,0,1000.0
LTE,216,19.0601,47.492,1000,0,1000.0
LTE,216,19.0591,47.4909,1000,0,1000.0
LTE,216,19.057,47.4935,1000,0,1000.0
LTE,216,19.0558,47.4948,1000,0,1000.0
GSM,216,18.9434,47.415,2939,0,1000.0
GSM,216,18.9474,47.4191,1000,0,1000.0
GSM,216,19.016,47.3852,1929,0,1000.0
LTE,216,18.8609,47.3954,1000,0,1000.0
LTE,216,18.8785,47.4117,1158,0,1000.0
LTE,216,18.8982,47.4191,1340,0,1000.0
LTE,216,18.8831,47.4185,1000,0,1000.0
LTE,216,18.9118,47.4461,1150,0,1000.0
LTE,216,18.9255,47.4475,820,0,820.0
LTE,216,18.9338,47.4472,1000,0,1000.0
LTE,216,18.9156,47.4481,1562,0,1000.0
LTE,216,18.936,47.452,910,0,910.0
LTE,216,18.9466,47.4522,965,0,965.0
LTE,216,18.9601,47.4544,8792,0,300.0
LTE,216,18.9698,47.4542,1129,0,1000.0
LTE,216,18.9777,47.442,857,0,857.0
LTE,216,18.975,47.4527,593,0,593.0
LTE,216,19.0113,47.4557,1866,0,1000.0
LTE,216,19.0185,47.4694,5034,0,300.0
LTE,216,19.0524,47.4965,1000,0,1000.0
GSM,216,19.0583,47.4954,1000,0,1000.0
LTE,216,19.0553,47.4951,1000,0,1000.0
LTE,216,19.054,47.4942,1000,0,1000.0
LTE,216,19.052,47.4932,1000,0,1000.0
LTE,216,19.0489,47.4957,1000,0,1000.0
LTE,216,19.0494,47.4958,1000,0,1000.0
LTE,216,19.0487,47.4952,1000,0,1000.0
GSM,216,19.0419,47.4972,1055,0,1000.0
LTE,216,19.0507,47.4963,1000,0,1000.0
LTE,216,19.0521,47.4967,1000,0,1000.0
LTE,216,19.0834,47.5006,2410,0,1000.0
LTE,216,19.054,47.4974,1000,0,1000.0
LTE,216,19.073,47.5448,1000,0,1000.0
LTE,216,19.0733,47.5456,1000,0,1000.0
LTE,216,19.0691,47.5464,1000,0,1000.0
LTE,216,18.9442,47.4387,1125,0,1000.0
GSM,216,18.9079,47.3587,949,0,949.0
GSM,216,18.8799,47.4128,2189,0,1000.0
GSM,216,19.022,47.4719,1131,0,1000.0
GSM,216,19.0243,47.4918,1000,0,1000.0
GSM,216,19.013,47.4671,2445,0,1000.0
LTE,216,19.0643,47.546,2832,0,1000.0
LTE,216,19.0622,47.5406,1000,0,1000.0
LTE,216,19.0687,47.5458,1000,0,1000.0
LTE,216,19.0297,47.4833,1000,0,1000.0
LTE,216,18.9444,47.4526,500,0,500.0
LTE,216,18.9259,47.4522,735,0,735.0
LTE,216,18.8951,47.4315,1000,0,1000.0
LTE,216,18.9071,47.4223,579,0,579.0
LTE,216,18.9194,47.4201,969,0,969.0
LTE,216,18.9333,47.419,718,0,718.0
LTE,216,18.9427,47.4195,939,0,939.0
LTE,216,18.9467,47.4196,711,0,711.0
LTE,216,18.9805,47.3996,3104,0,300.0
LTE,216,19.0211,47.383,500,0,500.0
LTE,216,19.0256,47.3795,607,0,607.0
LTE,216,19.0384,47.3817,1073,0,1000.0
LTE,216,19.0526,47.3796,773,0,773.0
LTE,216,19.0542,47.3813,1130,0,1000.0
LTE,216,19.0887,47.3726,1185,0,1000.0
LTE,216,19.1027,47.3686,1150,0,1000.0
LTE,216,19.1095,47.3681,1000,0,1000.0
LTE,216,19.1244,47.3666,1598,0,1000.0
LTE,216,19.1201,47.3681,1000,0,1000.0
LTE,216,19.1388,47.3615,3334,0,300.0
LTE,216,19.1486,47.3662,1116,0,1000.0
LTE,216,19.1677,47.3656,1318,0,1000.0
LTE,216,19.2074,47.3517,1756,0,1000.0
LTE,216,19.1825,47.3598,1258,0,1000.0
LTE,216,19.2299,47.3651,2257,0,1000.0
LTE,216,19.2318,47.3661,1261,0,1000.0
LTE,216,19.2495,47.3723,1487,0,1000.0
LTE,216,19.2762,47.3817,1300,0,1000.0
LTE,216,19.2834,47.3846,1862,0,1000.0
LTE,216,19.3367,47.3938,6489,0,300.0
LTE,216,18.9811,47.5308,1164,0,1000.0
LTE,216,18.9772,47.5279,1000,0,1000.0
LTE,216,18.9791,47.5274,1000,0,1000.0
LTE,216,18.982,47.5274,6659,0,300.0
LTE,216,18.9303,47.3682,990,0,990.0
LTE,216,18.902,47.3506,2292,0,1000.0
LTE,216,19.0438,47.548,1575,0,1000.0
LTE,216,19.0381,47.5226,550,0,550.0
LTE,216,19.064,47.5462,2763,0,1000.0
LTE,216,19.0616,47.5593,1344,0,1000.0
LTE,216,19.0729,47.5506,1000,0,1000.0
LTE,216,19.0574,47.5367,541,0,541.0
LTE,216,19.0622,47.5385,1000,0,1000.0
LTE,216,19.0691,47.5437,500,0,500.0
GSM,216,19.08,47.5695,1368,0,1000.0
LTE,216,19.1973,47.3559,1739,0,1000.0
LTE,216,19.2037,47.3555,4506,0,300.0
LTE,216,18.9173,47.4218,2079,0,1000.0
LTE,216,18.902,47.4251,500,0,500.0
LTE,216,18.8823,47.4539,1432,0,1000.0
LTE,216,18.8656,47.4649,3190,0,300.0
LTE,216,18.8758,47.4664,1000,0,1000.0
LTE,216,18.87,47.4644,1074,0,1000.0
LTE,216,18.8593,47.4715,500,0,500.0
LTE,216,19.0766,47.5533,1000,0,1000.0
GSM,216,19.0205,47.4724,1596,0,1000.0
LTE,216,19.0449,47.5593,1970,0,1000.0
LTE,216,19.085,47.5562,4937,0,300.0
LTE,216,18.9576,47.384,1000,0,1000.0
LTE,216,18.9406,47.38,841,0,841.0
GSM,216,19.0249,47.4929,1000,0,1000.0
GSM,216,19.0132,47.5119,3233,0,1000.0
GSM,216,19.0304,47.528,2084,0,1000.0
GSM,216,18.9361,47.549,2324,0,1000.0
GSM,216,18.9318,47.5498,2882,0,1000.0
GSM,216,18.9286,47.5538,1682,0,1000.0
GSM,216,18.9418,47.546,1298,0,1000.0
GSM,216,18.9493,47.5427,1085,0,1000.0
LTE,216,18.9004,47.5698,3982,0,300.0
LTE,216,18.9758,47.5291,3358,0,300.0
LTE,216,19.0092,47.5083,13659,0,300.0
LTE,216,19.001,47.5124,12894,0,300.0
LTE,216,18.9927,47.5273,1000,0,1000.0
LTE,216,18.9692,47.5337,1552,0,1000.0
LTE,216,18.9762,47.5289,1000,0,1000.0
LTE,216,18.9778,47.529,1000,0,1000.0
LTE,216,18.9781,47.5284,1000,0,1000.0
LTE,216,19.0609,47.5593,1338,0,1000.0
LTE,216,19.0454,47.5511,741,0,741.0
LTE,216,19.2295,47.4327,1063,0,1000.0
LTE,216,19.2253,47.436,959,0,959.0
LTE,216,19.2087,47.4465,1182,0,1000.0
LTE,216,19.2045,47.4468,1152,0,1000.0
LTE,216,19.1687,47.4592,1000,0,1000.0
LTE,216,19.0773,47.4705,1000,0,1000.0
GSM,216,19.043,47.5073,2225,0,1000.0
GSM,216,19.051,47.485,1219,0,1000.0
LTE,216,19.0499,47.5771,625,0,625.0
LTE,216,19.0516,47.5933,1000,0,1000.0
LTE,216,19.0495,47.5837,1000,0,1000.0
LTE,216,19.0576,47.4821,1000,0,1000.0
LTE,216,19.0602,47.5006,1000,0,1000.0
LTE,216,19.0454,47.453,1000,0,1000.0
LTE,216,19.0438,47.4441,1000,0,1000.0
LTE,216,19.0446,47.4417,1000,0,1000.0
LTE,216,19.0436,47.4406,1000,0,1000.0
LTE,216,19.0433,47.4369,1000,0,1000.0
LTE,216,19.0427,47.4347,1000,0,1000.0
LTE,216,19.0418,47.4316,1000,0,1000.0
LTE,216,19.042,47.4259,1000,0,1000.0
LTE,216,19.042,47.4241,1000,0,1000.0
LTE,216,19.042,47.422,1000,0,1000.0
LTE,216,19.0417,47.4174,500,0,500.0
LTE,216,19.0393,47.4137,1000,0,1000.0
LTE,216,19.0361,47.412,500,0,500.0
LTE,216,19.0324,47.4102,1000,0,1000.0
LTE,216,19.0258,47.4071,1000,0,1000.0
LTE,216,18.9889,47.3886,4704,0,300.0
LTE,216,19.0296,47.5471,1000,0,1000.0
LTE,216,19.0386,47.5506,1000,0,1000.0
LTE,216,19.0455,47.551,4992,0,300.0
LTE,216,19.0471,47.5555,4478,0,300.0
LTE,216,19.0488,47.5749,500,0,500.0
LTE,216,19.051,47.5903,614,0,614.0
LTE,216,19.0978,47.606,1282,0,1000.0
LTE,216,19.1791,47.5485,1966,0,1000.0
LTE,216,19.1905,47.5434,1083,0,1000.0
LTE,216,19.3269,47.4747,1085,0,1000.0
LTE,216,19.3107,47.398,1738,0,1000.0
LTE,216,19.1616,47.3669,2680,0,1000.0
LTE,216,19.1279,47.3659,4079,0,300.0
LTE,216,19.0289,47.3674,2091,0,1000.0
LTE,216,18.9806,47.4007,5244,0,300.0
LTE,216,19.035,47.3713,1210,0,1000.0
LTE,216,19.0156,47.3691,2329,0,1000.0
LTE,216,19.0003,47.3549,2011,0,1000.0
LTE,216,19.0076,47.3547,1678,0,1000.0
LTE,216,19.0136,47.3623,1907,0,1000.0
LTE,216,19.0087,47.3618,3127,0,300.0
LTE,216,18.9774,47.3929,5547,0,300.0
LTE,216,19.0114,47.3699,2308,0,1000.0
LTE,216,19.1392,47.3655,1113,0,1000.0
LTE,216,19.1598,47.3671,2176,0,1000.0
LTE,216,19.1631,47.3669,2070,0,1000.0
LTE,216,18.9905,47.5215,1000,0,1000.0
LTE,216,19.0213,47.4663,943,0,943.0
LTE,216,19.0155,47.4676,5294,0,300.0
LTE,216,19.0228,47.4735,4499,0,300.0
LTE,216,19.0256,47.4773,4032,0,300.0
LTE,216,19.0264,47.4743,537,0,537.0
LTE,216,19.0285,47.4754,517,0,517.0
LTE,216,19.0277,47.482,1000,0,1000.0
LTE,216,19.0331,47.4913,2389,0,1000.0
LTE,216,19.0372,47.4912,2360,0,1000.0
LTE,216,19.0426,47.4909,1000,0,1000.0
LTE,216,19.0468,47.4918,500,0,500.0
LTE,216,19.0509,47.4921,1000,0,1000.0
LTE,216,19.0524,47.4921,1000,0,1000.0
LTE,216,19.0542,47.4926,1000,0,1000.0
LTE,216,19.0573,47.5012,1000,0,1000.0
LTE,216,19.0672,47.5078,1000,0,1000.0
LTE,216,19.0721,47.5111,1000,0,1000.0
LTE,216,19.0747,47.5123,1000,0,1000.0
LTE,216,19.0776,47.5142,1000,0,1000.0
LTE,216,19.0809,47.5165,1000,0,1000.0
LTE,216,19.0766,47.5175,1000,0,1000.0
LTE,216,19.0811,47.52,1000,0,1000.0
LTE,216,19.1574,47.5756,956,0,956.0
LTE,216,19.1728,47.5831,1215,0,1000.0
LTE,216,19.1695,47.5809,4080,0,300.0
LTE,216,19.1828,47.5887,706,0,706.0
LTE,216,19.1926,47.5923,597,0,597.0
LTE,216,19.2051,47.5936,575,0,575.0
LTE,216,19.2342,47.5932,1010,0,1000.0
LTE,216,19.2365,47.5938,1215,0,1000.0
LTE,216,19.2519,47.5988,1044,0,1000.0
LTE,216,19.2971,47.6078,1357,0,1000.0
LTE,216,19.2937,47.6065,1102,0,1000.0
LTE,216,19.3138,47.612,739,0,739.0
LTE,216,19.3277,47.6141,797,0,797.0
LTE,216,19.327,47.6143,907,0,907.0
LTE,216,19.1202,47.5481,1000,0,1000.0
LTE,216,19.1156,47.5447,1000,0,1000.0
LTE,216,19.113,47.5428,1000,0,1000.0
LTE,216,19.0803,47.5164,1000,0,1000.0
LTE,216,19.0579,47.5014,1000,0,1000.0
LTE,216,19.0606,47.4924,1000,0,1000.0
LTE,216,19.0504,47.4769,1000,0,1000.0
LTE,216,19.0805,47.4725,1000,0,1000.0
LTE,216,19.0117,47.4656,5605,0,300.0
LTE,216,19.0806,47.5188,1876,0,1000.0
LTE,216,19.1026,47.5341,1000,0,1000.0
LTE,216,19.1093,47.54,1000,0,1000.0
LTE,216,19.1127,47.5426,1000,0,1000.0
LTE,216,19.1222,47.544,1000,0,1000.0
LTE,216,19.1748,47.584,1402,0,1000.0
LTE,216,19.1451,47.6015,5682,0,300.0
LTE,216,19.1048,47.5364,1000,0,1000.0
LTE,216,19.0804,47.5118,1000,0,1000.0
LTE,216,19.0833,47.5112,1000,0,1000.0
LTE,216,19.0712,47.5007,1000,0,1000.0
LTE,216,19.0614,47.4946,1000,0,1000.0
LTE,216,18.8721,47.3677,3530,0,300.0
LTE,216,18.8899,47.3728,713,0,713.0
LTE,216,18.9502,47.381,3172,0,300.0
LTE,216,18.9538,47.3807,2660,0,1000.0
LTE,216,18.968,47.3871,1000,0,1000.0
LTE,216,18.9711,47.3922,797,0,797.0
LTE,216,18.9951,47.393,1000,0,1000.0
LTE,216,18.9964,47.3985,837,0,837.0
LTE,216,19.0099,47.3959,1162,0,1000.0
LTE,216,19.0018,47.3951,7441,0,300.0
LTE,216,19.0115,47.3976,1043,0,1000.0
LTE,216,19.0188,47.4056,887,0,887.0
LTE,216,19.0397,47.4139,1000,0,1000.0
LTE,216,19.0414,47.4156,1000,0,1000.0
LTE,216,19.0418,47.4218,1000,0,1000.0
LTE,216,19.0416,47.4261,1000,0,1000.0
LTE,216,19.0397,47.4318,1000,0,1000.0
LTE,216,19.0373,47.4358,1000,0,1000.0
LTE,216,19.0342,47.4404,500,0,500.0
LTE,216,19.0319,47.4442,1000,0,1000.0
LTE,216,19.0288,47.4481,500,0,500.0
LTE,216,19.0277,47.4525,1000,0,1000.0
LTE,216,19.0222,47.4551,1000,0,1000.0
LTE,216,19.0203,47.4607,610,0,610.0
LTE,216,19.0232,47.4643,1000,0,1000.0
LTE,216,18.8938,47.4479,1134,0,1000.0
LTE,216,18.982,47.4517,1060,0,1000.0
LTE,216,18.8764,47.4628,4949,0,300.0
LTE,216,18.8528,47.4732,2125,0,1000.0
LTE,216,18.8667,47.4673,1004,0,1000.0
LTE,216,18.8784,47.4629,830,0,830.0
LTE,216,18.8718,47.4636,1512,0,1000.0
LTE,216,18.8826,47.4528,556,0,556.0
LTE,216,18.8893,47.4475,929,0,929.0
LTE,216,18.8938,47.4457,639,0,639.0
LTE,216,18.8977,47.4529,1098,0,1000.0
LTE,216,18.915,47.4502,1331,0,1000.0
LTE,216,18.9345,47.452,809,0,809.0
LTE,216,18.948,47.4515,1011,0,1000.0
LTE,216,18.9582,47.4508,612,0,612.0
LTE,216,18.9784,47.4471,500,0,500.0
LTE,216,18.9679,47.4404,2024,0,1000.0
LTE,216,19.0129,47.5075,1000,0,1000.0
LTE,216,19.0148,47.5117,1000,0,1000.0
LTE,216,18.9897,47.5256,739,0,739.0
LTE,216,19.1145,47.6075,1000,0,1000.0
LTE,216,19.0356,47.6458,563,0,563.0
LTE,216,19.0485,47.6462,916,0,916.0
LTE,216,19.0064,47.4615,1000,0,1000.0
LTE,216,18.9979,47.4606,1111,0,1000.0
LTE,216,18.9856,47.4579,724,0,724.0
LTE,216,18.9105,47.4513,751,0,751.0
LTE,216,18.8965,47.4588,500,0,500.0
LTE,216,18.8746,47.4663,993,0,993.0
LTE,216,18.8668,47.4654,1371,0,1000.0
GSM,216,19.0597,47.4468,3925,0,1000.0
LTE,216,18.8804,47.5766,1000,0,1000.0
LTE,216,19.291,47.4814,1000,0,1000.0
LTE,216,19.31,47.4836,1865,0,1000.0
LTE,216,19.2621,47.5118,1861,0,1000.0
LTE,216,19.2297,47.5172,1049,0,1000.0
LTE,216,19.2494,47.5098,1660,0,1000.0
LTE,216,19.2217,47.5182,704,0,704.0
LTE,216,19.2566,47.5174,1463,0,1000.0
LTE,216,19.2752,47.5164,2932,0,1000.0
LTE,216,19.2556,47.518,1000,0,1000.0
LTE,216,19.2383,47.5088,937,0,937.0
LTE,216,19.2186,47.5187,6739,0,300.0
LTE,216,19.2377,47.5073,1581,0,1000.0
LTE,216,19.2401,47.5118,1301,0,1000.0
LTE,216,19.2311,47.4976,4961,0,300.0
LTE,216,18.9781,47.5286,1000,0,1000.0
LTE,216,19.1447,47.5864,1284,0,1000.0
LTE,216,19.0959,47.6067,2159,0,1000.0
LTE,216,19.0726,47.6132,1464,0,1000.0
LTE,216,19.0666,47.6219,995,0,995.0
LTE,216,19.0747,47.6234,2326,0,1000.0
LTE,216,19.0674,47.6246,1500,0,1000.0
LTE,216,19.0512,47.6457,1132,0,1000.0
LTE,216,19.0681,47.6255,1230,0,1000.0
LTE,216,19.0657,47.646,766,0,766.0
LTE,216,19.0637,47.6403,1381,0,1000.0
LTE,216,19.1268,47.5985,1000,0,1000.0
LTE,216,19.1354,47.5964,1000,0,1000.0
LTE,216,19.2814,47.5101,2614,0,1000.0
LTE,216,19.3001,47.4823,1818,0,1000.0
GSM,216,18.9591,47.4556,780,0,780.0
LTE,216,19.0439,47.5131,1000,0,1000.0
LTE,216,19.0557,47.5138,1000,0,1000.0
LTE,216,19.0233,47.4905,1000,0,1000.0
LTE,216,19.0218,47.4904,1000,0,1000.0
LTE,216,19.0262,47.4887,500,0,500.0
LTE,216,19.0533,47.4978,1000,0,1000.0
LTE,216,19.0571,47.496,1499,0,1000.0
LTE,216,19.0624,47.5046,1000,0,1000.0
GSM,216,19.047,47.5195,821,0,821.0
GSM,216,19.0406,47.5221,628,0,628.0
LTE,216,19.05,47.5376,519,0,519.0
LTE,216,19.0457,47.5322,500,0,500.0
LTE,216,19.0468,47.5382,632,0,632.0
LTE,216,19.039,47.5195,654,0,654.0
LTE,216,19.0384,47.5108,3217,0,300.0
LTE,216,19.0327,47.5106,1000,0,1000.0
LTE,216,19.0294,47.509,1000,0,1000.0
LTE,216,19.0282,47.5091,1000,0,1000.0
LTE,216,19.0266,47.5084,1000,0,1000.0
LTE,216,19.0384,47.5015,3723,0,300.0
LTE,216,19.0218,47.5089,1000,0,1000.0
LTE,216,18.9857,47.523,500,0,500.0
LTE,216,18.9795,47.5272,1000,0,1000.0
LTE,216,19.0664,47.5433,1000,0,1000.0
GSM,216,19.039,47.4917,785,0,785.0
LTE,216,18.9971,47.5174,1000,0,1000.0
LTE,216,19.0001,47.5156,500,0,500.0
LTE,216,19.0831,47.4691,1000,0,1000.0
GSM,216,19.1066,47.465,1000,0,1000.0
GSM,216,19.0427,47.5157,3541,0,1000.0
LTE,216,19.1581,47.4109,1000,0,1000.0
LTE,216,19.1555,47.4162,553,0,553.0
LTE,216,19.152,47.424,1000,0,1000.0
LTE,216,19.1332,47.4428,1263,0,1000.0
LTE,216,19.097,47.4729,1000,0,1000.0
LTE,216,19.0403,47.5159,1000,0,1000.0
LTE,216,19.0367,47.5161,1000,0,1000.0
LTE,216,19.0283,47.5071,2747,0,1000.0
LTE,216,19.032,47.511,1000,0,1000.0
LTE,216,19.0314,47.5107,500,0,500.0
LTE,216,19.0395,47.5117,3332,0,300.0
LTE,216,19.0655,47.4868,2132,0,1000.0
LTE,216,19.0444,47.4733,1000,0,1000.0
LTE,216,19.0502,47.5124,1000,0,1000.0
LTE,216,19.0964,47.4248,1000,0,1000.0
LTE,216,19.0938,47.4286,1000,0,1000.0
LTE,216,19.0984,47.4249,800,0,800.0
LTE,216,19.1117,47.4101,1000,0,1000.0
LTE,216,19.1129,47.4083,1000,0,1000.0
LTE,216,19.1141,47.406,1000,0,1000.0
LTE,216,19.1244,47.4055,1083,0,1000.0
LTE,216,19.0928,47.423,1000,0,1000.0
LTE,216,18.9787,47.5282,500,0,500.0
LTE,216,19.0397,47.5261,1107,0,1000.0
LTE,216,19.0761,47.5554,1000,0,1000.0
LTE,216,19.0718,47.5553,5057,0,300.0
LTE,216,19.0831,47.5596,1000,0,1000.0
LTE,216,19.0627,47.5809,1000,0,1000.0
GSM,216,19.0804,47.5845,1701,0,1000.0
LTE,216,19.2204,47.3593,1726,0,1000.0
GSM,216,19.0427,47.5276,1000,0,1000.0
GSM,216,19.0413,47.538,1195,0,1000.0
GSM,216,19.0379,47.5341,530,0,530.0
GSM,216,19.0494,47.5255,1290,0,1000.0
GSM,216,19.0491,47.5405,922,0,922.0
GSM,216,19.0576,47.5349,1146,0,1000.0
GSM,216,19.0434,47.54,694,0,694.0
GSM,216,19.0514,47.529,983,0,983.0
GSM,216,19.0505,47.5266,1182,0,1000.0
GSM,216,19.0554,47.5346,888,0,888.0
GSM,216,19.0641,47.5324,1000,0,1000.0
GSM,216,19.0596,47.534,3646,0,1000.0
GSM,216,19.0645,47.5275,1002,0,1000.0
GSM,216,19.0641,47.5337,904,0,904.0
LTE,216,19.0041,47.5294,1000,0,1000.0
LTE,216,19.0655,47.4921,1000,0,1000.0
LTE,216,19.0618,47.4912,1000,0,1000.0
LTE,216,19.0595,47.4922,1000,0,1000.0
LTE,216,19.0597,47.492,1000,0,1000.0
LTE,216,19.0555,47.4933,1000,0,1000.0
LTE,216,19.0592,47.4935,1000,0,1000.0
LTE,216,19.0733,47.5111,1000,0,1000.0
LTE,216,19.0895,47.5034,1000,0,1000.0
LTE,216,19.1629,47.4953,1182,0,1000.0
LTE,216,19.2315,47.4843,608,0,608.0
LTE,216,19.0262,47.489,1000,0,1000.0
LTE,216,19.0269,47.4908,2580,0,1000.0
LTE,216,19.0258,47.4928,1000,0,1000.0
GSM,216,19.102,47.5358,1347,0,1000.0
LTE,216,19.1586,47.4954,1000,0,1000.0
LTE,216,19.3412,47.4712,1074,0,1000.0
LTE,216,19.2812,47.5063,4554,0,300.0
LTE,216,19.1116,47.5418,1000,0,1000.0
LTE,216,19.0826,47.5173,1000,0,1000.0
LTE,216,19.0779,47.5144,1000,0,1000.0
LTE,216,19.0778,47.514,1000,0,1000.0
LTE,216,19.0751,47.5123,1000,0,1000.0
LTE,216,19.047,47.4906,608,0,608.0
LTE,216,19.1088,47.5,1000,0,1000.0
LTE,216,19.1714,47.5073,570,0,570.0
LTE,216,19.1735,47.5079,1000,0,1000.0
LTE,216,19.1751,47.5101,791,0,791.0
LTE,216,19.1809,47.5072,626,0,626.0
LTE,216,19.1844,47.5103,1000,0,1000.0
LTE,216,19.1978,47.5135,5087,0,300.0
LTE,216,19.2101,47.5159,764,0,764.0
LTE,216,19.2045,47.5156,5630,0,300.0
LTE,216,19.2269,47.5184,1000,0,1000.0
LTE,216,19.3321,47.4742,1329,0,1000.0
LTE,216,19.338,47.4753,1360,0,1000.0
LTE,216,19.052,47.4928,1000,0,1000.0
GSM,216,19.0286,47.4739,1000,0,1000.0
GSM,216,19.0519,47.4962,1000,0,1000.0
LTE,216,19.0205,47.5618,1093,0,1000.0
LTE,216,19.0707,47.549,1000,0,1000.0
LTE,216,18.978,47.5284,1000,0,1000.0
LTE,216,18.9811,47.5269,500,0,500.0
LTE,216,18.988,47.5233,1000,0,1000.0
LTE,216,18.9921,47.5204,1000,0,1000.0
LTE,216,18.9961,47.5196,1000,0,1000.0
LTE,216,18.9975,47.5171,1000,0,1000.0
LTE,216,19.0007,47.5153,1000,0,1000.0
LTE,216,19.005,47.5147,3515,0,300.0
LTE,216,19.015,47.5071,2457,0,1000.0
LTE,216,19.0181,47.5087,1000,0,1000.0
LTE,216,18.9684,47.4538,895,0,895.0
LTE,216,18.953,47.4546,846,0,846.0
LTE,216,18.9579,47.4254,9254,0,300.0
LTE,216,19.0034,47.4619,1561,0,1000.0
LTE,216,18.9821,47.4802,2374,0,1000.0
LTE,216,19.0016,47.5036,1000,0,1000.0
LTE,216,19.2879,47.3911,2749,0,1000.0
LTE,216,19.2543,47.4102,1675,0,1000.0
LTE,216,19.2527,47.4247,9431,0,300.0
LTE,216,19.2263,47.4355,500,0,500.0
LTE,216,19.218,47.4409,1000,0,1000.0
LTE,216,19.206,47.4479,1000,0,1000.0
LTE,216,19.1923,47.4538,1000,0,1000.0
LTE,216,19.1827,47.4552,1000,0,1000.0
LTE,216,19.1773,47.4566,574,0,574.0
LTE,216,19.1689,47.4607,708,0,708.0
LTE,216,19.1624,47.4605,572,0,572.0
LTE,216,19.1289,47.4814,1000,0,1000.0
LTE,216,19.1303,47.4841,1000,0,1000.0
LTE,216,19.1194,47.4909,1000,0,1000.0
LTE,216,19.1162,47.4981,1000,0,1000.0
LTE,216,19.0998,47.5125,1000,0,1000.0
LTE,216,19.0964,47.5148,1000,0,1000.0
LTE,216,19.0822,47.5222,1000,0,1000.0
LTE,216,19.0593,47.5117,1000,0,1000.0
LTE,216,19.0565,47.5101,1000,0,1000.0
LTE,216,19.0584,47.5083,1000,0,1000.0
LTE,216,19.0613,47.5067,1000,0,1000.0
LTE,216,19.0569,47.5097,6631,0,300.0
LTE,216,19.0703,47.4951,1000,0,1000.0
LTE,216,19.0683,47.4962,1000,0,1000.0
LTE,216,19.3324,47.4706,979,0,979.0
LTE,216,19.295,47.5107,1063,0,1000.0
LTE,216,19.2788,47.5095,786,0,786.0
LTE,216,19.2781,47.5097,976,0,976.0
LTE,216,19.2624,47.5156,1354,0,1000.0
LTE,216,19.2643,47.5173,3172,0,300.0
LTE,216,19.0587,47.5355,752,0,752.0
LTE,216,19.0382,47.5279,1000,0,1000.0
LTE,216,19.0372,47.5277,1000,0,1000.0
LTE,216,19.0361,47.5278,1000,0,1000.0
LTE,216,19.0319,47.5288,1000,0,1000.0
LTE,216,19.0299,47.528,1000,0,1000.0
LTE,216,19.0279,47.5287,519,0,519.0
LTE,216,19.0199,47.5233,1000,0,1000.0
LTE,216,19.0111,47.5243,2982,0,1000.0
LTE,216,19.0119,47.5202,1000,0,1000.0
LTE,216,18.9983,47.5166,1000,0,1000.0
LTE,216,19.0245,47.5048,1000,0,1000.0
LTE,216,19.0287,47.5004,1000,0,1000.0
LTE,216,19.0565,47.4934,1000,0,1000.0
LTE,216,19.0649,47.4941,1000,0,1000.0
LTE,216,19.1343,47.4904,1000,0,1000.0
LTE,216,19.1407,47.4913,1020,0,1000.0
LTE,216,19.1582,47.4921,913,0,913.0
LTE,216,19.0491,47.5651,3403,0,300.0
LTE,216,19.0486,47.5604,3927,0,300.0
LTE,216,19.0454,47.5485,1123,0,1000.0
GSM,216,19.0482,47.5514,1300,0,1000.0
GSM,216,19.0478,47.5551,1398,0,1000.0
GSM,216,19.0471,47.5513,848,0,848.0
LTE,216,19.0531,47.561,1000,0,1000.0
LTE,216,19.0648,47.5614,1000,0,1000.0
LTE,216,19.0545,47.563,1000,0,1000.0
LTE,216,19.0557,47.5648,1000,0,1000.0
LTE,216,19.0486,47.5659,1000,0,1000.0
LTE,216,19.0483,47.563,638,0,638.0
LTE,216,19.0471,47.5593,1000,0,1000.0
LTE,216,18.9859,47.3983,1782,0,1000.0
LTE,216,18.931,47.3709,1000,0,1000.0
LTE,216,18.9224,47.3645,1000,0,1000.0
LTE,216,19.0259,47.3798,827,0,827.0
LTE,216,19.0406,47.4712,1000,0,1000.0
LTE,216,19.0416,47.468,1000,0,1000.0
LTE,216,19.0504,47.4696,1000,0,1000.0
LTE,216,19.0489,47.4674,1000,0,1000.0
LTE,216,19.0594,47.4689,1000,0,1000.0
LTE,216,19.0619,47.4685,1000,0,1000.0
LTE,216,19.0647,47.469,634,0,634.0
LTE,216,19.0775,47.4687,1000,0,1000.0
LTE,216,19.0965,47.4717,1000,0,1000.0
LTE,216,19.1122,47.4574,1000,0,1000.0
LTE,216,19.1183,47.4528,732,0,732.0
LTE,216,19.126,47.4457,500,0,500.0
LTE,216,19.1801,47.3728,1239,0,1000.0
LTE,216,19.1919,47.3658,877,0,877.0
LTE,216,19.0266,47.528,1000,0,1000.0
LTE,216,19.0292,47.5264,1000,0,1000.0
LTE,216,19.0604,47.4774,1000,0,1000.0
LTE,216,19.0682,47.4782,1000,0,1000.0
LTE,216,19.0644,47.4793,1000,0,1000.0
LTE,216,19.0603,47.4801,1000,0,1000.0
LTE,216,19.0575,47.4825,1000,0,1000.0
LTE,216,19.0538,47.484,1000,0,1000.0
LTE,216,19.0523,47.4857,536,0,536.0
LTE,216,19.0341,47.497,1000,0,1000.0
LTE,216,19.031,47.5004,1000,0,1000.0
LTE,216,19.029,47.4993,1000,0,1000.0
LTE,216,19.0228,47.5066,1000,0,1000.0
LTE,216,19.0226,47.5086,1000,0,1000.0
LTE,216,19.0182,47.5134,1000,0,1000.0
LTE,216,19.0205,47.5155,1000,0,1000.0
LTE,216,19.0128,47.5204,1000,0,1000.0
LTE,216,19.0142,47.522,1000,0,1000.0
LTE,216,19.0157,47.5234,1000,0,1000.0
LTE,216,19.0123,47.5241,1000,0,1000.0
LTE,216,18.9785,47.528,500,0,500.0
LTE,216,19.0312,47.5291,1000,0,1000.0
LTE,216,19.0352,47.5277,1000,0,1000.0
LTE,216,19.0372,47.5284,1000,0,1000.0
LTE,216,19.037,47.5306,1000,0,1000.0
LTE,216,19.0396,47.5336,1000,0,1000.0
LTE,216,19.0375,47.5324,1000,0,1000.0
LTE,216,19.0366,47.5243,500,0,500.0
LTE,216,19.0364,47.5187,1000,0,1000.0
LTE,216,19.0596,47.4827,515,0,515.0
LTE,216,19.0455,47.4551,1000,0,1000.0
LTE,216,19.0398,47.4558,1000,0,1000.0
LTE,216,19.041,47.4531,1000,0,1000.0
LTE,216,19.0514,47.4553,1000,0,1000.0
LTE,216,19.0509,47.4554,1000,0,1000.0
GSM,216,19.0579,47.4759,1000,0,1000.0
GSM,216,18.9768,47.5294,806,0,806.0
LTE,216,18.8901,47.4456,1000,0,1000.0
LTE,216,19.0118,47.5079,1000,0,1000.0
LTE,216,19.0107,47.5095,1000,0,1000.0
LTE,216,19.0076,47.5107,1000,0,1000.0
LTE,216,19.0263,47.4905,1063,0,1000.0
LTE,216,19.0227,47.5003,1608,0,1000.0
LTE,216,19.0033,47.5083,1000,0,1000.0
LTE,216,18.9986,47.5112,1000,0,1000.0
LTE,216,19.0033,47.5134,1000,0,1000.0
LTE,216,19.021,47.5081,1000,0,1000.0
LTE,216,19.0385,47.5213,500,0,500.0
LTE,216,19.3499,47.616,1949,0,1000.0
LTE,216,19.3309,47.6154,826,0,826.0
LTE,216,19.3203,47.6136,914,0,914.0
GSM,216,19.0615,47.6021,3160,0,1000.0
GSM,216,19.0471,47.5919,1000,0,1000.0
LTE,216,19.0475,47.5885,683,0,683.0
LTE,216,19.3183,47.6106,3074,0,300.0
LTE,216,19.3293,47.6143,931,0,931.0
LTE,216,19.3159,47.613,1000,0,1000.0
LTE,216,19.2709,47.6007,1000,0,1000.0
LTE,216,19.2604,47.599,1702,0,1000.0
LTE,216,19.2318,47.5925,1000,0,1000.0
LTE,216,19.2119,47.5934,1000,0,1000.0
LTE,216,19.1985,47.5935,1000,0,1000.0
LTE,216,19.1884,47.5911,735,0,735.0
LTE,216,19.1783,47.5863,1000,0,1000.0
LTE,216,19.1534,47.58,605,0,605.0
LTE,216,19.1419,47.59,936,0,936.0
LTE,216,18.9978,47.5285,1000,0,1000.0
LTE,216,18.9919,47.5272,1000,0,1000.0
LTE,216,18.9949,47.5237,1000,0,1000.0
LTE,216,18.8706,47.4663,1585,0,1000.0
LTE,216,18.926,47.4438,1146,0,1000.0
LTE,216,18.9608,47.4483,736,0,736.0
LTE,216,19.0159,47.4519,500,0,500.0
LTE,216,19.021,47.4546,1000,0,1000.0
LTE,216,19.12,47.4924,1000,0,1000.0
LTE,216,19.1367,47.5042,500,0,500.0
LTE,216,19.1376,47.5054,1000,0,1000.0
LTE,216,19.1451,47.4951,1000,0,1000.0
GSM,216,18.9876,47.3968,2476,0,1000.0
GSM,216,18.9869,47.3945,1053,0,1000.0
GSM,216,19.0046,47.3999,3072,0,1000.0
GSM,216,19.0017,47.3981,1001,0,1000.0
GSM,216,19.0014,47.3989,761,0,761.0
GSM,216,19.0426,47.4504,5121,0,1000.0
GSM,216,19.0499,47.4677,1000,0,1000.0
GSM,216,19.0508,47.4694,869,0,869.0
GSM,216,19.055,47.4699,608,0,608.0
GSM,216,19.0597,47.4789,1000,0,1000.0
GSM,216,19.059,47.4828,762,0,762.0
GSM,216,19.056,47.482,1000,0,1000.0
GSM,216,19.0347,47.5363,1000,0,1000.0
GSM,216,19.0323,47.5399,1000,0,1000.0
GSM,216,19.0309,47.547,1117,0,1000.0
GSM,216,19.0299,47.5475,938,0,938.0
LTE,216,19.0206,47.5588,1000,0,1000.0
LTE,216,19.0163,47.5063,1000,0,1000.0
GSM,216,18.9665,47.5389,1000,0,1000.0
GSM,216,18.9377,47.5212,3117,0,1000.0
LTE,216,18.9527,47.543,1128,0,1000.0
LTE,216,18.9531,47.5438,678,0,678.0
LTE,216,18.9531,47.5461,1000,0,1000.0
LTE,216,18.9633,47.5388,500,0,500.0
LTE,216,18.964,47.5383,1000,0,1000.0
LTE,216,18.9687,47.5367,1000,0,1000.0
LTE,216,18.9711,47.5359,1000,0,1000.0
LTE,216,18.9739,47.5346,1000,0,1000.0
LTE,216,18.9752,47.5339,1000,0,1000.0
LTE,216,18.9767,47.5324,1000,0,1000.0
LTE,216,18.9782,47.5306,500,0,500.0
GSM,216,18.9627,47.5386,2888,0,1000.0
LTE,216,18.9712,47.5324,1000,0,1000.0
LTE,216,19.0796,47.4868,1000,0,1000.0
GSM,216,19.0784,47.4889,530,0,530.0
GSM,216,19.0797,47.4881,1000,0,1000.0
GSM,216,19.0536,47.4921,1000,0,1000.0
GSM,216,19.0522,47.4969,1000,0,1000.0
LTE,216,18.9714,47.532,1000,0,1000.0
LTE,216,19.0303,47.5104,1000,0,1000.0
LTE,216,19.0301,47.5104,1000,0,1000.0
GSM,216,19.0123,47.4683,2615,0,1000.0
LTE,216,18.9944,47.4809,1000,0,1000.0
LTE,216,18.9901,47.4808,1000,0,1000.0
LTE,216,19.0128,47.4641,602,0,602.0
LTE,216,19.0878,47.4452,8653,0,300.0
LTE,216,18.9644,47.4584,3938,0,300.0
LTE,216,19.0353,47.4691,3883,0,300.0
LTE,216,19.0137,47.4912,2723,0,1000.0
LTE,216,19.0246,47.4705,3867,0,300.0
LTE,216,18.9759,47.5042,1116,0,1000.0
LTE,216,18.9873,47.507,1000,0,1000.0
LTE,216,18.998,47.514,1540,0,1000.0
LTE,216,18.9936,47.5179,1000,0,1000.0
LTE,216,18.9955,47.5092,1095,0,1000.0
LTE,216,18.9936,47.5108,1000,0,1000.0
LTE,216,18.9908,47.5151,1000,0,1000.0
LTE,216,18.9868,47.5179,1000,0,1000.0
LTE,216,19.0052,47.4819,2583,0,1000.0
LTE,216,18.9901,47.4988,1000,0,1000.0
LTE,216,18.9894,47.5216,1000,0,1000.0
LTE,216,18.9927,47.5199,1000,0,1000.0
LTE,216,18.9926,47.5229,1000,0,1000.0
LTE,216,18.9904,47.5212,1000,0,1000.0
LTE,216,18.9826,47.5254,500,0,500.0
LTE,216,18.982,47.5293,2791,0,1000.0
LTE,216,18.9855,47.5259,1000,0,1000.0
LTE,216,19.045,47.4771,1000,0,1000.0
LTE,216,19.3193,47.6078,641,0,641.0
LTE,216,19.3193,47.5829,1842,0,1000.0
LTE,216,19.3222,47.5889,2927,0,1000.0
LTE,216,19.3196,47.5609,951,0,951.0
LTE,216,19.3182,47.5593,1116,0,1000.0
LTE,216,19.3103,47.54,2417,0,1000.0
LTE,216,19.3048,47.525,2449,0,1000.0
LTE,216,19.3105,47.5262,1706,0,1000.0
LTE,216,19.2941,47.5125,1060,0,1000.0
LTE,216,19.133,47.366,882,0,882.0
LTE,216,18.9797,47.3946,1000,0,1000.0
LTE,216,18.8904,47.427,1117,0,1000.0
LTE,216,18.881,47.4169,705,0,705.0
LTE,216,18.8804,47.4141,965,0,965.0
LTE,216,18.8717,47.4028,1000,0,1000.0
LTE,216,18.8652,47.3978,1000,0,1000.0
LTE,216,18.859,47.3946,1000,0,1000.0
LTE,216,19.0335,47.5267,1000,0,1000.0
LTE,216,19.0381,47.5274,1000,0,1000.0
LTE,216,19.0377,47.5286,1000,0,1000.0
LTE,216,19.0367,47.5318,1000,0,1000.0
LTE,216,19.0381,47.5317,1000,0,1000.0
LTE,216,19.0362,47.5329,1000,0,1000.0
LTE,216,19.0358,47.5348,1000,0,1000.0
LTE,216,19.0367,47.5357,1000,0,1000.0
LTE,216,19.036,47.5379,1000,0,1000.0
LTE,216,19.0327,47.5382,1000,0,1000.0
LTE,216,19.0299,47.5419,697,0,697.0
LTE,216,19.0264,47.5417,1000,0,1000.0
LTE,216,19.0298,47.5456,1000,0,1000.0
LTE,216,19.0276,47.5487,1000,0,1000.0
LTE,216,19.0292,47.5485,500,0,500.0
LTE,216,19.0012,47.5288,1000,0,1000.0
LTE,216,19.0052,47.5295,1000,0,1000.0
LTE,216,19.0115,47.5296,1000,0,1000.0
LTE,216,19.1019,47.5293,6499,0,300.0
LTE,216,19.0594,47.5271,3035,0,300.0
LTE,216,19.0396,47.5266,947,0,947.0
LTE,216,19.0373,47.5322,500,0,500.0
LTE,216,19.0459,47.5352,763,0,763.0
LTE,216,19.0385,47.5389,1000,0,1000.0
LTE,216,19.0376,47.5369,1000,0,1000.0
LTE,216,19.043,47.5416,500,0,500.0
LTE,216,19.0464,47.5383,1000,0,1000.0
LTE,216,19.0414,47.5299,1465,0,1000.0
LTE,216,19.0584,47.5337,1000,0,1000.0
LTE,216,19.0613,47.5385,932,0,932.0
LTE,216,19.063,47.5408,1000,0,1000.0
LTE,216,19.0187,47.4864,1568,0,1000.0
LTE,216,19.0165,47.4914,1000,0,1000.0
LTE,216,19.0158,47.4975,1000,0,1000.0
LTE,216,18.9877,47.5222,671,0,671.0
LTE,216,18.9777,47.5282,1000,0,1000.0
LTE,216,19.0205,47.4942,1203,0,1000.0
LTE,216,19.0176,47.4987,1000,0,1000.0
LTE,216,19.0156,47.503,1000,0,1000.0
LTE,216,19.0152,47.5024,1000,0,1000.0
LTE,216,19.0125,47.5091,1583,0,1000.0
LTE,216,19.0044,47.5131,3373,0,300.0
LTE,216,19.0005,47.5153,1000,0,1000.0
LTE,216,18.9868,47.5229,1000,0,1000.0
LTE,216,19.0593,47.535,1000,0,1000.0
LTE,216,19.0507,47.5378,761,0,761.0
LTE,216,19.0616,47.5384,500,0,500.0
LTE,216,19.0522,47.5385,1000,0,1000.0
LTE,216,19.057,47.5377,1000,0,1000.0
LTE,216,19.0713,47.5749,1000,0,1000.0
LTE,216,19.0796,47.5692,1379,0,1000.0
LTE,216,19.0827,47.5686,1000,0,1000.0
LTE,216,19.0774,47.5674,1000,0,1000.0
LTE,216,19.0791,47.5615,1000,0,1000.0
LTE,216,19.0715,47.5625,1000,0,1000.0
LTE,216,19.0627,47.5648,1000,0,1000.0
LTE,216,19.0566,47.5646,1000,0,1000.0
LTE,216,19.0541,47.5631,1000,0,1000.0
LTE,216,19.0521,47.5601,1000,0,1000.0
LTE,216,19.0489,47.5638,1000,0,1000.0
LTE,216,19.0471,47.5591,1000,0,1000.0
LTE,216,19.0448,47.5542,1000,0,1000.0
LTE,216,19.0461,47.5504,1000,0,1000.0
LTE,216,19.0447,47.5555,500,0,500.0
LTE,216,19.0428,47.5419,1000,0,1000.0
LTE,216,19.0454,47.5396,1000,0,1000.0
LTE,216,19.0445,47.5341,1000,0,1000.0
LTE,216,19.069,47.5422,1000,0,1000.0
LTE,216,19.0552,47.549,1000,0,1000.0
LTE,216,19.0392,47.5262,1000,0,1000.0
LTE,216,18.9542,47.416,1000,0,1000.0
LTE,216,18.9681,47.4046,937,0,937.0
LTE,216,18.9809,47.3982,1024,0,1000.0
LTE,216,18.9969,47.3998,800,0,800.0
LTE,216,19.0045,47.4006,671,0,671.0
LTE,216,18.9995,47.3994,969,0,969.0
LTE,216,19.169,47.3642,3407,0,300.0
LTE,216,19.2713,47.4746,562,0,562.0
LTE,216,19.104,47.5073,1000,0,1000.0
LTE,216,19.0394,47.5304,1000,0,1000.0
LTE,216,19.039,47.5291,1000,0,1000.0
LTE,216,19.0253,47.5292,519,0,519.0
LTE,216,19.0268,47.5299,1000,0,1000.0
LTE,216,19.0217,47.5198,4332,0,300.0
LTE,216,19.0353,47.5147,1000,0,1000.0
LTE,216,19.0396,47.5151,1000,0,1000.0
LTE,216,19.1143,47.5192,1822,0,1000.0
LTE,216,18.9463,47.4552,1000,0,1000.0
LTE,216,19.0121,47.5196,1000,0,1000.0
LTE,216,18.9595,47.453,4080,0,300.0
LTE,216,19.0322,47.4871,2551,0,1000.0
LTE,216,19.0378,47.4898,1000,0,1000.0
LTE,216,19.1014,47.4739,2716,0,1000.0
LTE,216,19.0608,47.5003,1000,0,1000.0
LTE,216,19.0585,47.4987,1000,0,1000.0
LTE,216,19.0583,47.4956,1000,0,1000.0
LTE,216,19.0604,47.4929,1000,0,1000.0
LTE,216,19.0618,47.49,1000,0,1000.0
LTE,216,19.0628,47.4901,1000,0,1000.0
LTE,216,19.052,47.4855,1000,0,1000.0
LTE,216,19.0125,47.5238,1000,0,1000.0
LTE,216,19.0143,47.5221,1000,0,1000.0
LTE,216,19.0664,47.5333,500,0,500.0
LTE,216,19.0679,47.5323,1000,0,1000.0
LTE,216,19.109,47.4925,1000,0,1000.0
LTE,216,19.0948,47.4724,1000,0,1000.0
LTE,216,19.1475,47.4325,1000,0,1000.0
LTE,216,19.147,47.4318,1000,0,1000.0
LTE,216,19.066,47.4305,1000,0,1000.0
LTE,216,19.0612,47.4711,1000,0,1000.0
LTE,216,19.0486,47.4748,500,0,500.0
LTE,216,19.0367,47.4762,500,0,500.0
LTE,216,19.0324,47.476,1000,0,1000.0
LTE,216,19.0323,47.4773,1000,0,1000.0
LTE,216,19.0266,47.4847,3230,0,300.0
LTE,216,19.0014,47.522,1000,0,1000.0
LTE,216,18.9777,47.5284,1000,0,1000.0
LTE,216,18.9862,47.5287,1431,0,1000.0
LTE,216,18.9801,47.5264,1000,0,1000.0
LTE,216,19.0188,47.5067,1000,0,1000.0
LTE,216,19.0321,47.5062,1000,0,1000.0
LTE,216,19.0808,47.4879,1000,0,1000.0
GSM,216,19.0547,47.4939,1000,0,1000.0
GSM,216,19.0439,47.5043,2342,0,1000.0
GSM,216,18.9804,47.5254,998,0,998.0
LTE,216,18.9091,47.6135,4548,0,300.0
LTE,216,18.9536,47.6351,1779,0,1000.0
LTE,216,18.9326,47.603,1000,0,1000.0
LTE,216,18.9148,47.6252,1810,0,1000.0
LTE,216,18.928,47.6277,2099,0,1000.0
LTE,216,18.9166,47.6324,1319,0,1000.0
GSM,216,19.0503,47.5773,1358,0,1000.0
GSM,216,18.9648,47.5425,805,0,805.0
LTE,216,18.9736,47.5302,1000,0,1000.0
LTE,216,18.9881,47.4524,2481,0,1000.0
LTE,216,18.9739,47.4406,1076,0,1000.0
LTE,216,18.9868,47.4474,776,0,776.0
LTE,216,19.3488,47.5964,1000,0,1000.0
LTE,216,19.3434,47.4727,1000,0,1000.0
LTE,216,19.3444,47.4676,1000,0,1000.0
LTE,216,19.014,47.4949,1063,0,1000.0
LTE,216,19.0376,47.4762,1000,0,1000.0
LTE,216,19.0179,47.5088,1000,0,1000.0
LTE,216,19.0136,47.5097,1000,0,1000.0
GSM,216,19.0409,47.4754,1000,0,1000.0
GSM,216,19.0371,47.4761,1000,0,1000.0
GSM,216,19.0562,47.4676,882,0,882.0
GSM,216,19.0638,47.4665,1000,0,1000.0
GSM,216,19.0785,47.469,1000,0,1000.0
GSM,216,19.0796,47.4689,1000,0,1000.0
GSM,216,19.0899,47.4707,1000,0,1000.0
LTE,216,19.1319,47.4429,1000,0,1000.0
LTE,216,19.1081,47.4999,636,0,636.0
LTE,216,19.0438,47.5501,1000,0,1000.0
LTE,216,19.0485,47.5633,3609,0,300.0
LTE,216,19.0626,47.5698,1000,0,1000.0
GSM,216,18.935,47.5167,1483,0,1000.0
GSM,216,18.9219,47.4875,6770,0,1000.0
GSM,216,18.9575,47.5401,1154,0,1000.0
GSM,216,18.9577,47.5411,1051,0,1000.0
GSM,216,18.9538,47.5419,1062,0,1000.0
GSM,216,18.9575,47.5425,2620,0,1000.0
GSM,216,18.9533,47.5483,1390,0,1000.0
GSM,216,18.9711,47.5356,1000,0,1000.0
GSM,216,18.9684,47.5385,1074,0,1000.0
LTE,216,19.0806,47.5555,500,0,500.0
LTE,216,19.0823,47.561,500,0,500.0
GSM,216,19.0794,47.5658,741,0,741.0
LTE,216,19.0751,47.5712,2530,0,1000.0
LTE,216,19.0774,47.5743,1000,0,1000.0
GSM,216,19.081,47.5747,1000,0,1000.0
GSM,216,19.0842,47.5878,1468,0,1000.0
LTE,216,19.0775,47.5902,1000,0,1000.0
GSM,216,19.087,47.5898,1589,0,1000.0
LTE,216,19.071,47.6127,1214,0,1000.0
GSM,216,19.0712,47.6218,2303,0,1000.0
LTE,216,19.0714,47.6105,1000,0,1000.0
LTE,216,19.0721,47.6151,1371,0,1000.0
GSM,216,19.0634,47.6099,548,0,548.0
LTE,216,19.0655,47.6116,1820,0,1000.0
LTE,216,19.0617,47.6095,1000,0,1000.0
GSM,216,19.0622,47.6115,1000,0,1000.0
LTE,216,19.0717,47.6048,953,0,953.0
LTE,216,19.081,47.5584,628,0,628.0
LTE,216,19.0679,47.5318,3169,0,300.0
GSM,216,19.0574,47.5012,724,0,724.0
GSM,216,19.0624,47.505,1000,0,1000.0
GSM,216,19.0576,47.5014,1000,0,1000.0
GSM,216,19.0466,47.4958,1000,0,1000.0
GSM,216,19.1043,47.4779,1346,0,1000.0
GSM,216,19.0983,47.4753,1000,0,1000.0
GSM,216,19.0911,47.5178,891,0,891.0
GSM,216,19.0447,47.5469,654,0,654.0
GSM,216,19.0454,47.5457,1864,0,1000.0
GSM,216,19.0432,47.5616,2814,0,1000.0
LTE,216,19.019,47.454,1000,0,1000.0
LTE,216,19.032,47.4564,500,0,500.0
LTE,216,19.0252,47.4545,1000,0,1000.0
LTE,216,19.0004,47.5154,1000,0,1000.0
LTE,216,18.9978,47.5168,1000,0,1000.0
LTE,216,18.9823,47.5261,500,0,500.0
LTE,216,19.0313,47.4886,1000,0,1000.0
LTE,216,19.021,47.4565,1000,0,1000.0
LTE,216,19.0415,47.4285,1000,0,1000.0
LTE,216,18.9622,47.3832,1156,0,1000.0
LTE,216,18.9392,47.3843,1147,0,1000.0
LTE,216,18.9241,47.3796,1000,0,1000.0
LTE,216,18.9208,47.3795,1000,0,1000.0
LTE,216,18.9336,47.4162,868,0,868.0
GSM,216,19.0335,47.4792,785,0,785.0
GSM,216,19.032,47.4806,1000,0,1000.0
LTE,216,19.0133,47.5229,1000,0,1000.0
LTE,216,18.9969,47.5194,1092,0,1000.0
LTE,216,18.9846,47.5257,1000,0,1000.0
LTE,216,18.9803,47.5277,1000,0,1000.0
GSM,216,19.0229,47.4745,977,0,977.0
GSM,216,19.0182,47.4672,795,0,795.0
GSM,216,19.017,47.4638,1718,0,1000.0
LTE,216,19.0275,47.3836,1000,0,1000.0
LTE,216,19.0383,47.3905,1083,0,1000.0
LTE,216,19.0123,47.3949,1000,0,1000.0
LTE,216,19.0224,47.4407,585,0,585.0
LTE,216,19.0241,47.4731,1000,0,1000.0
LTE,216,19.0258,47.4759,1000,0,1000.0
LTE,216,19.024,47.4986,1000,0,1000.0
LTE,216,18.997,47.5174,1000,0,1000.0
LTE,216,18.986,47.5213,1848,0,1000.0
LTE,216,18.9832,47.5247,1000,0,1000.0
LTE,216,19.0047,47.4269,624,0,624.0
LTE,216,19.07,47.6014,957,0,957.0
LTE,216,19.0657,47.5991,1000,0,1000.0
LTE,216,19.0674,47.5989,1000,0,1000.0
LTE,216,19.0674,47.5933,500,0,500.0
LTE,216,19.0671,47.5874,1000,0,1000.0
LTE,216,19.0658,47.5845,1000,0,1000.0
LTE,216,19.0657,47.5831,1000,0,1000.0
LTE,216,19.064,47.5791,1000,0,1000.0
GSM,216,19.0616,47.5772,539,0,539.0
LTE,216,19.0487,47.57,1000,0,1000.0
LTE,216,19.0489,47.5681,1000,0,1000.0
LTE,216,19.0445,47.5556,500,0,500.0
LTE,216,19.0449,47.5507,500,0,500.0
LTE,216,19.0439,47.5487,1000,0,1000.0
LTE,216,19.0448,47.5456,844,0,844.0
LTE,216,19.0421,47.5439,1216,0,1000.0
LTE,216,19.0451,47.5399,500,0,500.0
LTE,216,19.0509,47.5381,1000,0,1000.0
LTE,216,19.0634,47.5337,1000,0,1000.0
LTE,216,19.0685,47.5318,1000,0,1000.0
LTE,216,19.0671,47.5322,1000,0,1000.0
LTE,216,19.0639,47.5293,542,0,542.0
GSM,216,19.044,47.5507,1000,0,1000.0
GSM,216,19.0625,47.5339,1000,0,1000.0
GSM,216,19.0816,47.5302,1000,0,1000.0
GSM,216,19.0532,47.4988,1000,0,1000.0
LTE,216,19.0675,47.5322,1000,0,1000.0
LTE,216,19.146,47.5128,1000,0,1000.0
LTE,216,19.1442,47.5143,1000,0,1000.0
LTE,216,19.1464,47.5121,1000,0,1000.0
LTE,216,19.1142,47.5216,1000,0,1000.0
LTE,216,19.1209,47.5251,1000,0,1000.0
LTE,216,19.1095,47.5153,1208,0,1000.0
LTE,216,19.106,47.5179,1000,0,1000.0
LTE,216,19.1035,47.5144,1000,0,1000.0
LTE,216,19.1003,47.5129,1000,0,1000.0
LTE,216,19.1029,47.5186,1000,0,1000.0
LTE,216,19.1178,47.5201,1000,0,1000.0
LTE,216,19.1107,47.5201,554,0,554.0
LTE,216,19.111,47.5189,1000,0,1000.0
LTE,216,19.1255,47.5115,1063,0,1000.0
LTE,216,19.1208,47.5139,1000,0,1000.0
LTE,216,19.125,47.5134,1000,0,1000.0
LTE,216,19.1236,47.5124,1000,0,1000.0
LTE,216,19.1286,47.5099,1000,0,1000.0
LTE,216,19.1298,47.509,1000,0,1000.0
LTE,216,19.1354,47.5039,546,0,546.0
LTE,216,19.142,47.5064,1000,0,1000.0
LTE,216,19.1437,47.5066,1000,0,1000.0
LTE,216,19.151,47.5073,1000,0,1000.0
LTE,216,19.149,47.5077,1000,0,1000.0
LTE,216,19.1499,47.5056,1000,0,1000.0
GSM,216,19.2234,47.4295,3101,0,1000.0
GSM,216,19.2633,47.4278,862,0,862.0
GSM,216,19.2633,47.4294,887,0,887.0
GSM,216,19.2253,47.4311,2891,0,1000.0
LTE,216,19.2605,47.4355,1000,0,1000.0
GSM,216,19.3045,47.5305,10979,0,1000.0
LTE,216,19.0803,47.5597,1000,0,1000.0
LTE,216,19.075,47.5692,1000,0,1000.0
GSM,216,19.0856,47.5698,1000,0,1000.0
LTE,216,19.0593,47.6092,1000,0,1000.0
LTE,216,19.0585,47.6032,745,0,745.0
LTE,216,19.0595,47.604,1000,0,1000.0
LTE,216,19.0578,47.5976,1000,0,1000.0
LTE,216,19.0541,47.5962,1000,0,1000.0
LTE,216,19.0548,47.598,500,0,500.0
LTE,216,19.0536,47.5962,1000,0,1000.0
LTE,216,19.0559,47.5975,1000,0,1000.0
GSM,216,19.1666,47.6289,2427,0,1000.0
LTE,216,19.0816,47.589,1000,0,1000.0
GSM,216,19.263,47.425,689,0,689.0
GSM,216,19.2513,47.4256,1496,0,1000.0
GSM,216,19.2612,47.4308,1000,0,1000.0
GSM,216,19.2808,47.4151,3128,0,1000.0
GSM,216,19.2548,47.4213,2558,0,1000.0
GSM,216,19.2773,47.39,4053,0,1000.0
GSM,216,19.2676,47.4208,4149,0,1000.0
GSM,216,19.2558,47.4198,1108,0,1000.0
GSM,216,19.2491,47.4205,1599,0,1000.0
LTE,216,19.0696,47.4862,1000,0,1000.0
LTE,216,19.0637,47.489,1000,0,1000.0
LTE,216,19.06,47.4943,1000,0,1000.0
LTE,216,19.0645,47.491,1448,0,1000.0
LTE,216,19.0621,47.4944,1842,0,1000.0
LTE,216,19.0697,47.4884,1000,0,1000.0
LTE,216,19.0276,47.5486,598,0,598.0
LTE,216,19.0288,47.5497,1000,0,1000.0
LTE,216,19.0287,47.543,835,0,835.0
LTE,216,18.8852,47.457,1000,0,1000.0
LTE,216,18.9328,47.4466,1195,0,1000.0
LTE,216,18.9705,47.4451,2023,0,1000.0
LTE,216,19.0214,47.4656,677,0,677.0
LTE,216,19.017,47.4649,1000,0,1000.0
LTE,216,19.13,47.5547,1000,0,1000.0
LTE,216,19.1089,47.5398,500,0,500.0
LTE,216,19.105,47.5365,1000,0,1000.0
LTE,216,19.101,47.5316,1759,0,1000.0
LTE,216,19.0976,47.5268,500,0,500.0
LTE,216,19.0946,47.5232,1000,0,1000.0
LTE,216,19.1039,47.5199,1000,0,1000.0
LTE,216,19.1169,47.5102,1000,0,1000.0
LTE,216,19.1219,47.5061,1000,0,1000.0
LTE,216,19.1223,47.5064,1000,0,1000.0
LTE,216,19.1173,47.5075,1000,0,1000.0
LTE,216,19.0432,47.4749,1000,0,1000.0
LTE,216,19.0395,47.4758,1000,0,1000.0
LTE,216,19.0368,47.4762,1000,0,1000.0
LTE,216,19.0055,47.4622,1000,0,1000.0
LTE,216,18.9051,47.4398,560,0,560.0
LTE,216,18.8847,47.4207,1000,0,1000.0
LTE,216,18.874,47.4053,1000,0,1000.0
LTE,216,18.8746,47.4061,778,0,778.0
LTE,216,18.8684,47.4,1000,0,1000.0
LTE,216,18.8622,47.3961,577,0,577.0
LTE,216,18.8636,47.3969,1000,0,1000.0
LTE,216,18.8584,47.3942,500,0,500.0
LTE,216,19.0341,47.5065,1000,0,1000.0
LTE,216,19.0405,47.5289,1000,0,1000.0
LTE,216,19.0423,47.531,1000,0,1000.0
LTE,216,19.0438,47.5362,1000,0,1000.0
LTE,216,19.04,47.5384,1000,0,1000.0
LTE,216,19.0391,47.5373,1000,0,1000.0
LTE,216,19.0198,47.5299,1000,0,1000.0
LTE,216,19.0163,47.5295,1000,0,1000.0
LTE,216,19.0119,47.5296,1000,0,1000.0
LTE,216,19.0058,47.5293,1000,0,1000.0
LTE,216,18.9952,47.5267,1000,0,1000.0
LTE,216,18.9941,47.5254,1000,0,1000.0
LTE,216,19.0236,47.5026,1000,0,1000.0
LTE,216,19.0641,47.5641,566,0,566.0
LTE,216,19.0583,47.5718,1468,0,1000.0
LTE,216,19.0623,47.5616,1000,0,1000.0
GSM,216,19.042,47.5216,965,0,965.0
LTE,216,19.0457,47.5193,722,0,722.0
LTE,216,19.0433,47.5235,1000,0,1000.0
LTE,216,19.2334,47.4293,620,0,620.0
LTE,216,19.203,47.4499,611,0,611.0
LTE,216,19.1956,47.4527,1000,0,1000.0
LTE,216,19.0806,47.4685,1000,0,1000.0
LTE,216,19.0848,47.459,1000,0,1000.0
LTE,216,19.0873,47.4542,539,0,539.0
LTE,216,19.0901,47.4489,500,0,500.0
LTE,216,19.0915,47.4461,1000,0,1000.0
LTE,216,19.0931,47.4423,1000,0,1000.0
LTE,216,18.9219,47.3645,1000,0,1000.0
LTE,216,19.3,47.523,1214,0,1000.0
LTE,216,19.311,47.5434,2877,0,1000.0
LTE,216,19.3229,47.5746,1416,0,1000.0
LTE,216,19.3163,47.5881,1308,0,1000.0
LTE,216,19.32,47.6016,894,0,894.0
LTE,216,19.1473,47.583,913,0,913.0
LTE,216,19.1389,47.5925,1025,0,1000.0
LTE,216,19.0209,47.5069,1000,0,1000.0
LTE,216,19.0372,47.5249,1000,0,1000.0
LTE,216,19.0394,47.527,500,0,500.0
LTE,216,19.0266,47.5549,1000,0,1000.0
GSM,216,19.0477,47.4908,6788,0,1000.0
LTE,216,19.0513,47.4957,1000,0,1000.0
LTE,216,18.982,47.5381,1313,0,1000.0
LTE,216,19.1401,47.455,500,0,500.0
LTE,216,19.1353,47.4578,1000,0,1000.0
LTE,216,19.1299,47.4629,1000,0,1000.0
LTE,216,19.1277,47.4645,674,0,674.0
LTE,216,19.1145,47.4698,1000,0,1000.0
LTE,216,19.0958,47.4766,1000,0,1000.0
LTE,216,19.0887,47.4793,1000,0,1000.0
LTE,216,19.084,47.481,1000,0,1000.0
LTE,216,19.0844,47.4869,1000,0,1000.0
LTE,216,19.2631,47.4234,990,0,990.0
LTE,216,18.8853,47.4525,1328,0,1000.0
LTE,216,18.8828,47.4628,742,0,742.0
GSM,216,19.1099,47.3677,1000,0,1000.0
GSM,216,19.1293,47.3666,1000,0,1000.0
GSM,216,19.1514,47.3667,1731,0,1000.0
GSM,216,19.1559,47.3666,2066,0,1000.0
GSM,216,19.207,47.356,3963,0,1000.0
GSM,216,19.2222,47.3625,1586,0,1000.0
GSM,216,19.2471,47.3716,1000,0,1000.0
GSM,216,19.3159,47.485,1254,0,1000.0
GSM,216,19.3013,47.5076,1174,0,1000.0
LTE,216,19.2377,47.425,506,0,506.0
LTE,216,19.1757,47.4583,1000,0,1000.0
LTE,216,19.1245,47.4661,1000,0,1000.0
LTE,216,19.1166,47.4689,3978,0,300.0
LTE,216,19.1102,47.4714,1000,0,1000.0
LTE,216,19.1105,47.4713,1000,0,1000.0
LTE,216,19.1062,47.4728,1000,0,1000.0
LTE,216,19.0817,47.4818,1000,0,1000.0
LTE,216,19.0822,47.4816,1000,0,1000.0
LTE,216,19.0755,47.4839,1000,0,1000.0
LTE,216,19.0689,47.4862,1000,0,1000.0
LTE,216,19.0679,47.4867,1000,0,1000.0
LTE,216,19.0666,47.4873,1000,0,1000.0
LTE,216,19.0636,47.4888,1000,0,1000.0
LTE,216,19.0618,47.4916,1000,0,1000.0
LTE,216,19.0594,47.4943,1000,0,1000.0
LTE,216,19.0567,47.499,1798,0,1000.0
LTE,216,19.055,47.5012,1000,0,1000.0
LTE,216,19.0548,47.5033,1000,0,1000.0
LTE,216,19.055,47.5045,1000,0,1000.0
LTE,216,19.0554,47.5061,1000,0,1000.0
LTE,216,19.0608,47.5066,5499,0,300.0
LTE,216,19.057,47.512,1000,0,1000.0
LTE,216,19.0633,47.525,1000,0,1000.0
LTE,216,19.0654,47.5296,1000,0,1000.0
LTE,216,19.0656,47.5322,1000,0,1000.0
LTE,216,19.0663,47.5336,1000,0,1000.0
LTE,216,19.0688,47.5364,1000,0,1000.0
GSM,216,19.3426,47.6155,1000,0,1000.0
GSM,216,19.1192,47.3676,1000,0,1000.0
GSM,216,19.085,47.374,1000,0,1000.0
LTE,216,19.0726,47.5444,1000,0,1000.0
LTE,216,19.0722,47.5436,1000,0,1000.0
LTE,216,19.06,47.5065,1000,0,1000.0
LTE,216,19.0831,47.5539,1000,0,1000.0
LTE,216,19.0867,47.5522,1000,0,1000.0
LTE,216,19.0592,47.5117,1000,0,1000.0
LTE,216,19.0632,47.5138,1000,0,1000.0
LTE,216,19.0837,47.5366,1000,0,1000.0
LTE,216,19.0799,47.5289,500,0,500.0
LTE,216,19.081,47.5303,1000,0,1000.0
LTE,216,19.0806,47.5308,1000,0,1000.0
LTE,216,19.0815,47.5322,1000,0,1000.0
LTE,216,19.083,47.5305,1000,0,1000.0
LTE,216,19.0808,47.5305,1000,0,1000.0
LTE,216,19.0814,47.4715,1000,0,1000.0
GSM,216,19.2129,47.364,1000,0,1000.0
LTE,216,19.0755,47.4725,1000,0,1000.0
LTE,216,19.0892,47.4425,1000,0,1000.0
LTE,216,19.0809,47.441,1042,0,1000.0
NR,216,19.0586,47.4571,6072,0,150.0
NR,216,19.0657,47.4622,864,0,864.0
NR,216,19.0705,47.4646,572,0,572.0
NR,216,19.0689,47.4673,1000,0,1000.0
NR,216,19.0623,47.4791,840,0,840.0
NR,216,19.0675,47.4753,1000,0,1000.0
NR,216,19.0652,47.4797,619,0,619.0
NR,216,19.0536,47.4847,774,0,774.0
NR,216,19.0526,47.4869,556,0,556.0
NR,216,19.0434,47.4913,840,0,840.0
NR,216,19.0454,47.491,1000,0,1000.0
NR,216,19.042,47.4957,1000,0,1000.0
NR,216,19.0413,47.4974,1000,0,1000.0
NR,216,19.0314,47.4981,500,0,500.0
NR,216,19.02,47.501,1007,0,1000.0
LTE,216,19.1561,47.5059,1382,0,1000.0
LTE,216,19.1604,47.507,1719,0,1000.0
LTE,216,19.1769,47.5073,1000,0,1000.0
NR,216,19.2047,47.357,1633,0,1000.0
LTE,216,19.0684,47.5774,1587,0,1000.0
LTE,216,19.1611,47.3587,1169,0,1000.0
LTE,216,19.1674,47.3665,1000,0,1000.0
LTE,216,19.0813,47.3752,1000,0,1000.0
LTE,216,18.8674,47.4652,3169,0,300.0
LTE,216,18.8689,47.4003,630,0,630.0
LTE,216,19.0339,47.4766,2343,0,1000.0
LTE,216,19.0558,47.4866,1000,0,1000.0
LTE,216,19.0371,47.5123,1000,0,1000.0
LTE,216,19.0418,47.5298,1000,0,1000.0
LTE,216,19.0452,47.5484,1000,0,1000.0
LTE,216,19.0458,47.5496,1000,0,1000.0
LTE,216,19.0488,47.5706,2793,0,1000.0
LTE,216,19.0489,47.5753,2284,0,1000.0
LTE,216,19.0481,47.5827,1488,0,1000.0
LTE,216,19.0496,47.5821,1000,0,1000.0
LTE,216,19.0496,47.5843,1000,0,1000.0
LTE,216,19.0515,47.5921,1000,0,1000.0
LTE,216,19.0544,47.5971,558,0,558.0
LTE,216,19.0639,47.613,1000,0,1000.0
LTE,216,19.0632,47.6114,938,0,938.0
LTE,216,19.0498,47.5806,1000,0,1000.0
LTE,216,19.0491,47.5791,1859,0,1000.0
LTE,216,19.0423,47.5506,1000,0,1000.0
LTE,216,19.0429,47.5475,1000,0,1000.0
LTE,216,19.0456,47.5599,4008,0,300.0
LTE,216,19.0453,47.5549,1445,0,1000.0
LTE,216,19.0211,47.4721,1072,0,1000.0
LTE,216,18.9098,47.4496,800,0,800.0
LTE,216,18.8929,47.4285,963,0,963.0
LTE,216,18.8867,47.423,1000,0,1000.0
LTE,216,19.0934,47.477,2027,0,1000.0
LTE,216,19.115,47.4689,1000,0,1000.0
LTE,216,19.0857,47.4812,2995,0,1000.0
LTE,216,19.0721,47.4687,1000,0,1000.0
LTE,216,19.0638,47.4698,620,0,620.0
LTE,216,19.0624,47.469,1000,0,1000.0
LTE,216,19.0777,47.4646,1074,0,1000.0
LTE,216,19.0515,47.4732,1000,0,1000.0
LTE,216,19.0479,47.4747,1000,0,1000.0
LTE,216,18.8623,47.4724,732,0,732.0
LTE,216,19.0741,47.3767,1149,0,1000.0
LTE,216,19.1228,47.3547,1000,0,1000.0
LTE,216,18.9691,47.6495,1474,0,1000.0
LTE,216,19.0229,47.6479,5144,0,300.0
LTE,216,19.0177,47.6461,855,0,855.0
LTE,216,19.0669,47.6379,1147,0,1000.0
LTE,216,19.0694,47.63,1000,0,1000.0
LTE,216,19.0671,47.6232,1000,0,1000.0
LTE,216,19.0541,47.5976,1000,0,1000.0
LTE,216,19.0514,47.593,1000,0,1000.0
LTE,216,19.0503,47.5915,1000,0,1000.0
LTE,216,19.049,47.5716,779,0,779.0
LTE,216,19.0442,47.5538,500,0,500.0
LTE,216,19.043,47.5481,1000,0,1000.0
LTE,216,19.0427,47.5461,1000,0,1000.0
LTE,216,19.0403,47.5456,1000,0,1000.0
LTE,216,19.042,47.5435,1000,0,1000.0
LTE,216,19.0389,47.5394,1000,0,1000.0
LTE,216,19.0467,47.536,862,0,862.0
LTE,216,19.0442,47.5334,908,0,908.0
LTE,216,19.0415,47.531,1000,0,1000.0
LTE,216,19.0401,47.526,1000,0,1000.0
LTE,216,19.039,47.5186,500,0,500.0
LTE,216,19.0396,47.5144,1000,0,1000.0
LTE,216,19.0394,47.5099,1000,0,1000.0
LTE,216,19.0425,47.4951,1000,0,1000.0
LTE,216,19.0368,47.4899,1000,0,1000.0
LTE,216,19.032,47.4887,1000,0,1000.0
LTE,216,19.0265,47.48,1000,0,1000.0
LTE,216,18.8653,47.3547,3591,0,300.0
LTE,216,18.9127,47.4509,963,0,963.0
LTE,216,18.926,47.4295,2110,0,1000.0
LTE,216,19.0399,47.5138,1000,0,1000.0
LTE,216,19.0469,47.5599,767,0,767.0
LTE,216,19.0493,47.5769,2096,0,1000.0
LTE,216,19.0476,47.5409,1000,0,1000.0
LTE,216,19.0416,47.527,1000,0,1000.0
LTE,216,19.0387,47.5203,1000,0,1000.0
LTE,216,19.0386,47.5222,1000,0,1000.0
LTE,216,18.92,47.4524,904,0,904.0
LTE,216,18.91,47.4326,3097,0,300.0
LTE,216,18.8826,47.4179,1000,0,1000.0
LTE,216,18.8606,47.3951,1000,0,1000.0
LTE,216,18.8664,47.3985,1000,0,1000.0
LTE,216,19.0383,47.5079,2899,0,1000.0
LTE,216,19.0484,47.5543,1000,0,1000.0
LTE,216,19.0403,47.5285,1000,0,1000.0
LTE,216,19.0393,47.5101,1000,0,1000.0
LTE,216,18.9565,47.4523,1000,0,1000.0
LTE,216,18.947,47.5258,1000,0,1000.0
LTE,216,18.9493,47.5285,1000,0,1000.0
NR,216,18.9573,47.5399,1000,0,1000.0
LTE,216,19.0297,47.4734,500,0,500.0
LTE,216,19.0,47.4606,1439,0,1000.0
LTE,216,18.9729,47.4548,1000,0,1000.0
NR,216,18.9173,47.4608,7152,0,150.0
LTE,216,18.8951,47.4571,1506,0,1000.0
LTE,216,18.8801,47.4589,1090,0,1000.0
LTE,216,18.9723,47.5355,1000,0,1000.0
LTE,216,18.9747,47.5343,1000,0,1000.0
GSM,216,19.0125,47.5225,4457,0,1000.0
LTE,216,19.017,47.557,1000,0,1000.0
LTE,216,18.9596,47.4524,1000,0,1000.0
LTE,216,19.0314,47.4761,1000,0,1000.0
LTE,216,19.0688,47.6278,1487,0,1000.0
LTE,216,19.0516,47.5928,1000,0,1000.0
LTE,216,19.0665,47.6451,1039,0,1000.0
LTE,216,19.068,47.6429,1000,0,1000.0
LTE,216,19.0692,47.6335,1355,0,1000.0
LTE,216,19.0668,47.6397,2130,0,1000.0
GSM,216,19.0437,47.5178,719,0,719.0
GSM,216,19.0506,47.5122,690,0,690.0
GSM,216,19.0431,47.5153,944,0,944.0
GSM,216,19.0444,47.5114,1224,0,1000.0
GSM,216,19.0442,47.5148,700,0,700.0
GSM,216,19.0438,47.515,500,0,500.0
LTE,216,19.058,47.4917,500,0,500.0
LTE,216,19.0558,47.4919,1000,0,1000.0
GSM,216,19.0534,47.4979,1000,0,1000.0
LTE,216,19.059,47.6292,1770,0,1000.0
LTE,216,19.0465,47.5627,3695,0,300.0
LTE,216,19.0404,47.5461,1000,0,1000.0
LTE,216,19.0413,47.5476,1000,0,1000.0
LTE,216,19.0413,47.549,1000,0,1000.0
LTE,216,19.0631,47.4689,1000,0,1000.0
LTE,216,19.0615,47.469,1000,0,1000.0
LTE,216,19.0553,47.4701,7560,0,300.0
LTE,216,19.02,47.4646,1000,0,1000.0
LTE,216,19.0245,47.4542,1000,0,1000.0
LTE,216,18.9449,47.4023,971,0,971.0
LTE,216,19.0174,47.5053,3690,0,300.0
NR,216,19.0238,47.4995,843,0,843.0
NR,216,19.0235,47.4934,2654,0,1000.0
GSM,216,19.1327,47.6009,1601,0,1000.0
GSM,216,19.1474,47.61,2777,0,1000.0
GSM,216,19.0754,47.4987,1000,0,1000.0
GSM,216,19.0759,47.4987,1000,0,1000.0
LTE,216,19.1454,47.5852,586,0,586.0
LTE,216,19.1459,47.5845,1000,0,1000.0
NR,216,19.1637,47.6141,2582,0,1000.0
GSM,216,19.1469,47.6465,2762,0,1000.0
GSM,216,19.0723,47.5911,1412,0,1000.0
GSM,216,19.0647,47.5763,1720,0,1000.0
GSM,216,19.0704,47.5412,1000,0,1000.0
GSM,216,19.0695,47.5341,1000,0,1000.0
GSM,216,19.0567,47.5121,1000,0,1000.0
GSM,216,19.0551,47.5104,1000,0,1000.0
GSM,216,19.0552,47.5099,1000,0,1000.0
GSM,216,19.018,47.5163,1750,0,1000.0
GSM,216,19.1087,47.6158,1535,0,1000.0
GSM,216,19.0473,47.5386,1284,0,1000.0
LTE,216,19.0741,47.5282,1000,0,1000.0
LTE,216,19.075,47.5275,1000,0,1000.0
LTE,216,19.0716,47.5303,1000,0,1000.0
LTE,216,19.0638,47.5226,1000,0,1000.0
LTE,216,19.0532,47.5113,1000,0,1000.0
LTE,216,19.0381,47.5154,1000,0,1000.0
LTE,216,19.0357,47.5135,1000,0,1000.0
LTE,216,19.0351,47.513,1000,0,1000.0
LTE,216,19.0337,47.5122,1000,0,1000.0
LTE,216,19.0306,47.5092,563,0,563.0
LTE,216,19.0236,47.4963,2287,0,1000.0
LTE,216,18.9966,47.5195,1000,0,1000.0
LTE,216,18.8952,47.4454,2090,0,1000.0
LTE,216,19.0473,47.4936,16952,0,300.0
LTE,216,18.9615,47.5455,1000,0,1000.0
NR,216,18.9689,47.5344,1415,0,1000.0
NR,216,18.959,47.5587,1042,0,1000.0
LTE,216,19.0522,47.4812,1000,0,1000.0
LTE,216,19.0466,47.4745,1000,0,1000.0
GSM,216,18.9639,47.5441,1000,0,1000.0
GSM,216,18.9615,47.5646,1000,0,1000.0
GSM,216,18.9654,47.5542,1736,0,1000.0
LTE,216,18.9626,47.5616,1000,0,1000.0
GSM,216,18.9619,47.5448,1000,0,1000.0
GSM,216,18.9627,47.5463,1000,0,1000.0
GSM,216,18.9757,47.5313,1000,0,1000.0
LTE,216,18.9786,47.5307,1000,0,1000.0
LTE,216,19.0615,47.5374,500,0,500.0
LTE,216,19.0399,47.542,661,0,661.0
LTE,216,19.0312,47.5372,1000,0,1000.0
LTE,216,19.0311,47.5358,1000,0,1000.0
LTE,216,19.0393,47.5361,1000,0,1000.0
LTE,216,19.048,47.539,1000,0,1000.0
LTE,216,19.0596,47.5361,500,0,500.0
LTE,216,19.0637,47.534,1000,0,1000.0
LTE,216,19.0634,47.5335,500,0,500.0
LTE,216,19.0629,47.5348,1000,0,1000.0
LTE,216,19.0241,47.507,1000,0,1000.0
LTE,216,19.0595,47.4915,1000,0,1000.0
LTE,216,19.0261,47.5086,1000,0,1000.0
LTE,216,19.0725,47.4792,1000,0,1000.0
LTE,216,19.0714,47.4793,1000,0,1000.0
LTE,216,19.0699,47.4782,1000,0,1000.0
NR,216,19.0187,47.5011,1000,0,1000.0
NR,216,18.9915,47.4972,3162,0,150.0
NR,216,19.0031,47.4844,1000,0,1000.0
LTE,216,19.0058,47.4846,1000,0,1000.0
LTE,216,18.879,47.4124,1200,0,1000.0
LTE,216,18.8835,47.4193,1000,0,1000.0
LTE,216,19.0235,47.3836,1048,0,1000.0
LTE,216,19.2079,47.3557,1116,0,1000.0
LTE,216,19.2229,47.3625,1000,0,1000.0
LTE,216,19.2765,47.3817,1000,0,1000.0
LTE,216,19.2706,47.5104,1000,0,1000.0
LTE,216,19.2442,47.5322,1027,0,1000.0
LTE,216,19.2294,47.5332,1015,0,1000.0
LTE,216,19.1962,47.5469,1204,0,1000.0
LTE,216,19.0569,47.6242,2412,0,1000.0
LTE,216,19.05,47.5912,1000,0,1000.0
LTE,216,19.0347,47.5127,1000,0,1000.0
LTE,216,19.0358,47.515,1000,0,1000.0
LTE,216,19.0241,47.5077,1000,0,1000.0
NR,216,19.0278,47.4993,1000,0,1000.0
GSM,216,19.0235,47.5074,585,0,585.0
NR,216,19.0196,47.5071,767,0,767.0
LTE,216,19.0259,47.5087,1000,0,1000.0
GSM,216,19.0407,47.5207,660,0,660.0
NR,216,19.0245,47.5067,1000,0,1000.0
NR,216,18.997,47.5004,3578,0,150.0
NR,216,19.0349,47.5021,1000,0,1000.0
LTE,216,19.1862,47.5079,1095,0,1000.0
LTE,216,19.2188,47.5151,1000,0,1000.0
LTE,216,19.229,47.5186,895,0,895.0
LTE,216,19.2526,47.5397,1000,0,1000.0
LTE,216,19.2995,47.5081,4474,0,300.0
LTE,216,19.0753,47.5476,1000,0,1000.0
LTE,216,19.0312,47.5442,500,0,500.0
LTE,216,19.0348,47.5457,919,0,919.0
LTE,216,19.0307,47.5505,500,0,500.0
LTE,216,19.0301,47.5504,953,0,953.0
LTE,216,19.0288,47.5452,1000,0,1000.0
LTE,216,19.0314,47.5394,1000,0,1000.0
LTE,216,19.0335,47.539,1000,0,1000.0
LTE,216,19.0316,47.5373,1000,0,1000.0
LTE,216,19.0358,47.5366,1000,0,1000.0
LTE,216,19.0358,47.5385,1000,0,1000.0
LTE,216,18.9875,47.5252,1000,0,1000.0
LTE,216,18.9939,47.525,1000,0,1000.0
LTE,216,18.9949,47.5268,1000,0,1000.0
LTE,216,18.9958,47.5288,1318,0,1000.0
LTE,216,19.0009,47.5288,1000,0,1000.0
LTE,216,18.9997,47.5298,1737,0,1000.0
LTE,216,19.0096,47.5322,1000,0,1000.0
NR,216,19.0097,47.5296,1000,0,1000.0
NR,216,19.0193,47.5299,794,0,794.0
NR,216,19.0448,47.5269,1340,0,1000.0
NR,216,19.0269,47.5386,1712,0,1000.0
NR,216,19.0406,47.5362,2705,0,1000.0
NR,216,18.988,47.5255,4104,0,150.0
NR,216,19.029,47.5394,1000,0,1000.0
NR,216,19.0166,47.5527,1397,0,1000.0
GSM,216,19.0301,47.5765,3308,0,1000.0
LTE,216,19.0303,47.5305,1000,0,1000.0
LTE,216,19.0285,47.5335,1000,0,1000.0
LTE,216,19.0269,47.5361,1000,0,1000.0
LTE,216,19.0394,47.5351,1769,0,1000.0
LTE,216,19.0227,47.5406,1000,0,1000.0
LTE,216,19.0239,47.5411,1000,0,1000.0
LTE,216,19.02,47.5497,1000,0,1000.0
LTE,216,19.0156,47.5548,1000,0,1000.0
LTE,216,19.0407,47.5414,1000,0,1000.0
LTE,216,19.0296,47.5415,1000,0,1000.0
LTE,216,19.2152,47.4441,1077,0,1000.0
LTE,216,19.1725,47.4593,1530,0,1000.0
LTE,216,19.1608,47.4612,1000,0,1000.0
LTE,216,19.1546,47.463,1000,0,1000.0
LTE,216,19.1254,47.4841,515,0,515.0
LTE,216,19.0715,47.5171,1000,0,1000.0
LTE,216,19.068,47.5013,1000,0,1000.0
LTE,216,19.0601,47.493,1216,0,1000.0
LTE,216,19.1481,47.4636,959,0,959.0
NR,216,19.0248,47.5026,1000,0,1000.0
LTE,216,18.9974,47.5171,1000,0,1000.0
LTE,216,18.9966,47.5176,1000,0,1000.0
LTE,216,18.9911,47.5225,1000,0,1000.0
LTE,216,18.8876,47.4601,1000,0,1000.0
LTE,216,18.8944,47.4586,1000,0,1000.0
LTE,216,18.9696,47.454,757,0,757.0
LTE,216,19.0447,47.4935,1000,0,1000.0
LTE,216,19.0177,47.5166,1000,0,1000.0
LTE,216,19.0121,47.5193,1000,0,1000.0
LTE,216,19.0203,47.5091,1000,0,1000.0
LTE,216,19.0237,47.5079,1000,0,1000.0
LTE,216,19.0041,47.5129,1687,0,1000.0
LTE,216,19.011,47.5252,1000,0,1000.0
LTE,216,19.0033,47.529,1000,0,1000.0
LTE,216,19.0011,47.5286,1000,0,1000.0
LTE,216,18.9936,47.5229,1000,0,1000.0
LTE,216,18.9546,47.5396,1000,0,1000.0
LTE,216,18.9354,47.549,536,0,536.0
LTE,216,18.9153,47.5628,1433,0,1000.0
LTE,216,18.8925,47.5742,1000,0,1000.0
LTE,216,18.8808,47.5765,1000,0,1000.0
GSM,216,18.9446,47.5459,4180,0,1000.0
LTE,216,18.9745,47.5343,1000,0,1000.0
LTE,216,18.9376,47.5479,1000,0,1000.0
LTE,216,18.9167,47.562,1386,0,1000.0
LTE,216,18.9075,47.5675,1412,0,1000.0
LTE,216,18.893,47.5745,1042,0,1000.0
LTE,216,18.8837,47.5764,500,0,500.0
LTE,216,19.0486,47.4705,7186,0,300.0
LTE,216,19.0317,47.4711,2216,0,1000.0
LTE,216,19.0486,47.4742,1000,0,1000.0
LTE,216,19.0488,47.475,1000,0,1000.0
GSM,216,19.0627,47.472,1000,0,1000.0
NR,216,19.0578,47.4802,1000,0,1000.0
NR,216,19.0431,47.4967,1000,0,1000.0
NR,216,19.0146,47.5087,1000,0,1000.0
NR,216,19.0053,47.5155,4193,0,150.0
LTE,216,18.9998,47.5157,1000,0,1000.0
LTE,216,19.0366,47.5201,1000,0,1000.0
LTE,216,19.0371,47.5157,1000,0,1000.0
LTE,216,19.0558,47.4918,547,0,547.0
LTE,216,19.0571,47.4937,1000,0,1000.0
LTE,216,19.1184,47.5011,1000,0,1000.0
LTE,216,19.1202,47.5016,1000,0,1000.0
LTE,216,19.1183,47.5029,1000,0,1000.0
LTE,216,19.1189,47.5036,1000,0,1000.0
LTE,216,19.1228,47.5059,1000,0,1000.0
LTE,216,19.0388,47.5105,1000,0,1000.0
LTE,216,19.0332,47.5358,1000,0,1000.0
NR,216,19.0195,47.4906,1000,0,1000.0
LTE,216,19.0687,47.4928,500,0,500.0
LTE,216,19.0905,47.4901,1000,0,1000.0
LTE,216,19.0929,47.4877,1000,0,1000.0
LTE,216,19.1095,47.4871,630,0,630.0
LTE,216,19.1174,47.484,1000,0,1000.0
LTE,216,19.1266,47.4813,1000,0,1000.0
LTE,216,19.1134,47.5006,1000,0,1000.0
LTE,216,19.1155,47.5003,1000,0,1000.0
LTE,216,19.1153,47.5003,1000,0,1000.0
LTE,216,19.1096,47.5003,1000,0,1000.0
LTE,216,19.1151,47.5002,1000,0,1000.0
LTE,216,19.111,47.5003,1000,0,1000.0
LTE,216,19.0997,47.5009,3407,0,300.0
LTE,216,19.0958,47.501,3111,0,300.0
LTE,216,19.1002,47.4991,2260,0,1000.0
LTE,216,19.0651,47.4937,3795,0,300.0
LTE,216,19.0774,47.4998,2978,0,1000.0
LTE,216,19.0742,47.5009,3051,0,300.0
LTE,216,19.077,47.5033,2908,0,1000.0
LTE,216,19.0919,47.5018,4009,0,300.0
LTE,216,19.0646,47.5043,3843,0,300.0
LTE,216,19.0398,47.5117,1000,0,1000.0
LTE,216,19.0365,47.5169,1000,0,1000.0
LTE,216,19.0378,47.5288,1000,0,1000.0
GSM,216,19.0444,47.5236,1055,0,1000.0
GSM,216,19.0452,47.5494,1000,0,1000.0
GSM,216,19.0494,47.5247,1431,0,1000.0
GSM,216,19.0465,47.521,1000,0,1000.0
GSM,216,19.0489,47.5236,1000,0,1000.0
GSM,216,19.0466,47.5209,682,0,682.0
GSM,216,19.0453,47.5202,1031,0,1000.0
GSM,216,19.0451,47.5184,1000,0,1000.0
GSM,216,19.0771,47.4892,1000,0,1000.0
GSM,216,19.0795,47.4888,1000,0,1000.0
GSM,216,19.0418,47.5178,920,0,920.0
GSM,216,19.0405,47.5171,903,0,903.0
GSM,216,19.0418,47.5244,1692,0,1000.0
GSM,216,19.042,47.5238,906,0,906.0
GSM,216,19.0389,47.5236,1000,0,1000.0
GSM,216,19.0488,47.4983,1000,0,1000.0
GSM,216,19.0533,47.4905,1000,0,1000.0
GSM,216,19.0657,47.4892,1000,0,1000.0
NR,216,19.0197,47.3837,1181,0,1000.0
NR,216,19.0464,47.4748,1000,0,1000.0
NR,216,19.0484,47.4755,1000,0,1000.0
LTE,216,19.0441,47.5182,1000,0,1000.0
LTE,216,18.9797,47.5296,1000,0,1000.0
LTE,216,18.9789,47.5304,1000,0,1000.0
LTE,216,18.9768,47.5355,1000,0,1000.0
LTE,216,18.9774,47.5334,1000,0,1000.0
LTE,216,18.974,47.5375,1000,0,1000.0
LTE,216,18.9638,47.5462,1000,0,1000.0
LTE,216,18.9618,47.5462,1000,0,1000.0
LTE,216,18.945,47.5564,1000,0,1000.0
LTE,216,18.9441,47.5537,1000,0,1000.0
LTE,216,18.8822,47.5799,1000,0,1000.0
LTE,216,18.8814,47.5809,1000,0,1000.0
LTE,216,18.8544,47.6274,1303,0,1000.0
NR,216,18.8814,47.581,1141,0,1000.0
LTE,216,19.0301,47.4908,1000,0,1000.0
LTE,216,19.0298,47.493,1000,0,1000.0
LTE,216,19.031,47.4888,1000,0,1000.0
LTE,216,19.0219,47.4656,652,0,652.0
LTE,216,19.0418,47.4171,1000,0,1000.0
LTE,216,19.0325,47.4108,699,0,699.0
LTE,216,19.0412,47.4286,1000,0,1000.0
LTE,216,19.0284,47.4438,500,0,500.0
LTE,216,19.0193,47.453,730,0,730.0
LTE,216,19.0198,47.4636,1000,0,1000.0
LTE,216,18.9469,47.5452,1000,0,1000.0
LTE,216,18.9645,47.5421,1000,0,1000.0
NR,216,18.9485,47.5323,905,0,905.0
LTE,216,19.0201,47.4595,1000,0,1000.0
LTE,216,19.0173,47.4955,1000,0,1000.0
LTE,216,19.3389,47.604,4631,0,300.0
LTE,216,19.3199,47.6064,1000,0,1000.0
LTE,216,19.081,47.4888,1000,0,1000.0
LTE,216,19.1211,47.4882,1000,0,1000.0
LTE,216,19.0277,47.5357,1000,0,1000.0
LTE,216,19.0189,47.5301,1000,0,1000.0
LTE,216,19.0295,47.537,1000,0,1000.0
LTE,216,18.9874,47.5225,500,0,500.0
LTE,216,19.0059,47.5296,1000,0,1000.0
LTE,216,19.0102,47.5298,1000,0,1000.0
LTE,216,19.0133,47.5295,1000,0,1000.0
LTE,216,19.0185,47.5303,500,0,500.0
LTE,216,19.0288,47.5327,1000,0,1000.0
LTE,216,19.0275,47.549,678,0,678.0
LTE,216,19.0177,47.5229,1000,0,1000.0
LTE,216,19.0117,47.5206,1000,0,1000.0
LTE,216,19.0177,47.5064,1000,0,1000.0
LTE,216,19.0081,47.4712,1948,0,1000.0
LTE,216,18.9985,47.5281,1000,0,1000.0
LTE,216,19.0191,47.5558,1000,0,1000.0
LTE,216,18.995,47.5266,1000,0,1000.0
LTE,216,19.0054,47.5134,1000,0,1000.0
LTE,216,19.0083,47.5101,1000,0,1000.0
LTE,216,19.0202,47.5041,1000,0,1000.0
LTE,216,19.0328,47.5455,1000,0,1000.0
LTE,216,19.0329,47.5474,1000,0,1000.0
LTE,216,19.0323,47.5461,1000,0,1000.0
LTE,216,19.0455,47.5415,1000,0,1000.0
LTE,216,19.0283,47.5468,1000,0,1000.0
LTE,216,19.0689,47.5332,1000,0,1000.0
LTE,216,19.0709,47.5332,1000,0,1000.0
LTE,216,19.0729,47.5326,1000,0,1000.0
LTE,216,19.0772,47.5328,500,0,500.0
LTE,216,19.0867,47.5323,1000,0,1000.0
LTE,216,19.0842,47.5305,1000,0,1000.0
LTE,216,19.0842,47.5294,1000,0,1000.0
LTE,216,19.0727,47.5328,1000,0,1000.0
LTE,216,19.0634,47.535,1000,0,1000.0
LTE,216,19.0322,47.5415,1000,0,1000.0
LTE,216,18.9792,47.5264,4714,0,300.0
LTE,216,18.8664,47.4668,1000,0,1000.0
LTE,216,19.3319,47.622,1642,0,1000.0
LTE,216,19.3265,47.6194,2767,0,1000.0
LTE,216,19.3332,47.6159,1000,0,1000.0
LTE,216,19.3226,47.5765,1237,0,1000.0
LTE,216,19.3113,47.4651,1183,0,1000.0
LTE,216,19.0419,47.5344,1000,0,1000.0
LTE,216,19.0424,47.5401,1000,0,1000.0
LTE,216,19.0732,47.5321,1000,0,1000.0
LTE,216,19.0757,47.5302,1000,0,1000.0
LTE,216,19.0737,47.5287,1000,0,1000.0
LTE,216,19.0745,47.5286,1000,0,1000.0
NR,216,19.0711,47.53,1000,0,1000.0
NR,216,19.0689,47.5314,1000,0,1000.0
NR,216,19.0637,47.5346,1000,0,1000.0
NR,216,19.0532,47.5378,1000,0,1000.0
NR,216,19.0322,47.5451,1244,0,1000.0
NR,216,19.0404,47.5321,1000,0,1000.0
NR,216,19.0378,47.5296,546,0,546.0
NR,216,19.0293,47.5314,1000,0,1000.0
NR,216,19.0233,47.5439,1877,0,1000.0
LTE,216,19.0109,47.5202,1000,0,1000.0
LTE,216,19.0052,47.5168,1000,0,1000.0
LTE,216,19.0221,47.5016,1000,0,1000.0
LTE,216,19.0134,47.4939,1000,0,1000.0
LTE,216,19.0119,47.4929,1000,0,1000.0
LTE,216,19.0094,47.4898,1000,0,1000.0
LTE,216,18.996,47.4839,1000,0,1000.0
LTE,216,18.996,47.484,1000,0,1000.0
LTE,216,18.9952,47.4842,1000,0,1000.0
NR,216,19.0018,47.479,1000,0,1000.0
NR,216,18.998,47.4842,1000,0,1000.0
NR,216,19.0271,47.484,2187,0,1000.0
NR,216,19.0064,47.4744,1000,0,1000.0
NR,216,19.0033,47.4764,1000,0,1000.0
NR,216,19.0054,47.475,1000,0,1000.0
NR,216,19.0101,47.4718,1000,0,1000.0
NR,216,19.0236,47.4759,1000,0,1000.0
NR,216,19.0144,47.4678,1000,0,1000.0
NR,216,19.0187,47.4691,1000,0,1000.0
NR,216,19.0252,47.4742,1000,0,1000.0
NR,216,19.0256,47.4763,500,0,500.0
NR,216,19.0281,47.4751,1000,0,1000.0
NR,216,19.031,47.4757,1000,0,1000.0
NR,216,19.0479,47.4752,1165,0,1000.0
NR,216,19.0481,47.4752,1095,0,1000.0
NR,216,19.0712,47.4852,1000,0,1000.0
NR,216,19.0706,47.4834,643,0,643.0
NR,216,19.0812,47.4821,1000,0,1000.0
NR,216,19.0854,47.4818,1000,0,1000.0
NR,216,19.0979,47.4758,638,0,638.0
NR,216,19.0806,47.4657,2230,0,1000.0
NR,216,19.134,47.4654,965,0,965.0
NR,216,19.1708,47.4657,1505,0,1000.0
NR,216,19.1738,47.459,1000,0,1000.0
NR,216,19.1784,47.4666,1000,0,1000.0
NR,216,19.1833,47.4706,1000,0,1000.0
NR,216,19.1654,47.4777,1000,0,1000.0
NR,216,19.1585,47.4828,1000,0,1000.0
NR,216,19.1497,47.4893,1000,0,1000.0
NR,216,19.1453,47.4916,1000,0,1000.0
NR,216,19.1418,47.4923,1000,0,1000.0
NR,216,19.1358,47.4892,1000,0,1000.0
NR,216,19.1307,47.4841,1000,0,1000.0
NR,216,19.1247,47.483,1000,0,1000.0
NR,216,19.1115,47.4855,1000,0,1000.0
NR,216,19.0983,47.4885,1000,0,1000.0
NR,216,19.0783,47.4895,1221,0,1000.0
NR,216,19.09,47.4907,1000,0,1000.0
NR,216,19.0862,47.494,1000,0,1000.0
NR,216,19.0827,47.4971,1000,0,1000.0
NR,216,19.0794,47.5,1000,0,1000.0
NR,216,19.0769,47.5026,1000,0,1000.0
NR,216,19.0755,47.504,1000,0,1000.0
NR,216,19.0744,47.5038,1000,0,1000.0
NR,216,19.0741,47.5037,1000,0,1000.0
NR,216,19.072,47.5044,1000,0,1000.0
NR,216,19.067,47.508,1000,0,1000.0
NR,216,19.0624,47.5097,1000,0,1000.0
NR,216,19.0587,47.509,1000,0,1000.0
NR,216,19.053,47.5117,1000,0,1000.0
NR,216,19.0443,47.5148,577,0,577.0
NR,216,19.0393,47.5146,1000,0,1000.0
NR,216,19.0339,47.5148,1000,0,1000.0
LTE,216,19.0264,47.5177,1000,0,1000.0
LTE,216,19.0148,47.5237,1000,0,1000.0
LTE,216,19.0634,47.4899,1000,0,1000.0
LTE,216,19.0659,47.4897,1000,0,1000.0
LTE,216,19.066,47.4899,1000,0,1000.0
LTE,216,19.0677,47.4904,1000,0,1000.0
LTE,216,19.0691,47.4904,1000,0,1000.0
LTE,216,19.0706,47.4905,1000,0,1000.0
LTE,216,19.0768,47.4879,1000,0,1000.0
LTE,216,18.8518,47.4752,997,0,997.0
LTE,216,18.8695,47.4668,1067,0,1000.0
LTE,216,18.8645,47.4674,12019,0,300.0
LTE,216,18.8882,47.46,1000,0,1000.0
LTE,216,18.9951,47.4564,785,0,785.0
LTE,216,18.9989,47.4502,1090,0,1000.0
LTE,216,19.0072,47.4522,1000,0,1000.0
LTE,216,19.0086,47.452,708,0,708.0
LTE,216,19.0091,47.4534,1000,0,1000.0
LTE,216,19.023,47.447,1000,0,1000.0
LTE,216,19.0276,47.4424,1000,0,1000.0
LTE,216,19.0137,47.4538,1327,0,1000.0
LTE,216,19.0182,47.4476,1000,0,1000.0
LTE,216,19.0074,47.4541,932,0,932.0
LTE,216,19.0139,47.4521,500,0,500.0
LTE,216,18.9972,47.4558,608,0,608.0
LTE,216,18.8572,47.627,1000,0,1000.0
LTE,216,18.8761,47.6196,866,0,866.0
LTE,216,18.8689,47.6208,1000,0,1000.0
LTE,216,18.8805,47.6185,1000,0,1000.0
LTE,216,18.8827,47.618,1000,0,1000.0
LTE,216,18.8851,47.617,1000,0,1000.0
LTE,216,18.8894,47.6165,1000,0,1000.0
LTE,216,18.895,47.6157,1000,0,1000.0
LTE,216,18.8951,47.6153,1000,0,1000.0
LTE,216,18.9003,47.6159,1000,0,1000.0
LTE,216,18.8973,47.615,1000,0,1000.0
LTE,216,18.9058,47.619,1000,0,1000.0
LTE,216,18.914,47.6209,2164,0,1000.0
LTE,216,18.9069,47.619,1000,0,1000.0
LTE,216,18.9351,47.6281,1230,0,1000.0
LTE,216,18.9352,47.6267,1771,0,1000.0
LTE,216,18.9355,47.6251,2197,0,1000.0
LTE,216,19.0201,47.6486,4888,0,300.0
LTE,216,19.0251,47.6447,693,0,693.0
LTE,216,19.0302,47.6436,618,0,618.0
LTE,216,19.024,47.6398,1000,0,1000.0
LTE,216,19.0246,47.6396,1000,0,1000.0
LTE,216,19.0287,47.6429,1000,0,1000.0
LTE,216,19.046,47.6457,1000,0,1000.0
LTE,216,19.067,47.6219,545,0,545.0
LTE,216,19.0647,47.6127,1000,0,1000.0
LTE,216,19.1141,47.6045,500,0,500.0
LTE,216,19.118,47.6036,530,0,530.0
LTE,216,19.1189,47.6028,1000,0,1000.0
LTE,216,19.133,47.5975,1000,0,1000.0
LTE,216,19.1697,47.5637,1411,0,1000.0
LTE,216,19.1871,47.5505,1541,0,1000.0
LTE,216,19.1492,47.5283,3507,0,300.0
LTE,216,19.1758,47.5457,1000,0,1000.0
LTE,216,19.1725,47.5439,876,0,876.0
LTE,216,19.1626,47.5376,1000,0,1000.0
LTE,216,19.1629,47.5385,1000,0,1000.0
LTE,216,19.1575,47.5333,1000,0,1000.0
LTE,216,19.1576,47.5337,1153,0,1000.0
LTE,216,19.1534,47.5304,1000,0,1000.0
LTE,216,19.1495,47.5305,1000,0,1000.0
LTE,216,19.1497,47.5281,1000,0,1000.0
LTE,216,19.1466,47.5266,1000,0,1000.0
LTE,216,19.144,47.5262,1000,0,1000.0
LTE,216,19.1411,47.5246,1000,0,1000.0
LTE,216,19.1408,47.5242,1000,0,1000.0
LTE,216,19.1396,47.5216,500,0,500.0
LTE,216,19.1398,47.522,1000,0,1000.0
LTE,216,19.1397,47.5215,1000,0,1000.0
LTE,216,19.1397,47.5216,1000,0,1000.0
LTE,216,19.1398,47.5216,1000,0,1000.0
LTE,216,19.1351,47.5183,1000,0,1000.0
GSM,216,19.1397,47.5215,1000,0,1000.0
LTE,216,19.1405,47.5213,1000,0,1000.0
LTE,216,19.1103,47.6039,1000,0,1000.0
LTE,216,19.0573,47.6213,1000,0,1000.0
LTE,216,19.0523,47.6219,1000,0,1000.0
LTE,216,19.0462,47.6227,1000,0,1000.0
LTE,216,19.0467,47.6218,1000,0,1000.0
LTE,216,19.0455,47.623,1000,0,1000.0
LTE,216,19.0407,47.633,1151,0,1000.0
LTE,216,19.0421,47.6306,1000,0,1000.0
LTE,216,19.0535,47.6454,983,0,983.0
LTE,216,19.0693,47.638,1000,0,1000.0
LTE,216,19.0479,47.5887,1000,0,1000.0
LTE,216,19.0465,47.5443,1000,0,1000.0
LTE,216,19.0468,47.541,1000,0,1000.0
LTE,216,19.0454,47.5336,843,0,843.0
LTE,216,19.0408,47.5273,1000,0,1000.0
LTE,216,19.0474,47.4934,1000,0,1000.0
LTE,216,19.051,47.487,1000,0,1000.0
LTE,216,19.0499,47.483,1000,0,1000.0
LTE,216,19.05,47.4848,1000,0,1000.0
LTE,216,19.0514,47.4799,1000,0,1000.0
LTE,216,19.0502,47.4782,1000,0,1000.0
LTE,216,19.0407,47.4751,500,0,500.0
LTE,216,19.0387,47.4754,1000,0,1000.0
LTE,216,18.9996,47.462,6354,0,300.0
LTE,216,18.9983,47.4717,5485,0,300.0
LTE,216,18.9679,47.4535,1000,0,1000.0
LTE,216,18.957,47.4525,1000,0,1000.0
LTE,216,18.9496,47.4525,622,0,622.0
LTE,216,18.9427,47.4522,1000,0,1000.0
LTE,216,18.9352,47.4523,500,0,500.0
LTE,216,18.8998,47.4528,1000,0,1000.0
LTE,216,18.8946,47.4579,1000,0,1000.0
LTE,216,19.1516,47.5102,1000,0,1000.0
LTE,216,19.1508,47.5103,1000,0,1000.0
LTE,216,19.1517,47.5104,1000,0,1000.0
LTE,216,19.1373,47.51,1000,0,1000.0
LTE,216,19.1293,47.5022,1000,0,1000.0
LTE,216,19.1261,47.5019,1000,0,1000.0
LTE,216,19.123,47.5015,1000,0,1000.0
LTE,216,19.0644,47.5043,3814,0,300.0
LTE,216,19.0279,47.54,1000,0,1000.0
LTE,216,19.1098,47.5004,1000,0,1000.0
LTE,216,19.1095,47.5008,644,0,644.0
LTE,216,19.1069,47.5008,1000,0,1000.0
LTE,216,19.1056,47.5054,1000,0,1000.0
LTE,216,19.1068,47.5066,1000,0,1000.0
LTE,216,19.1033,47.5086,1000,0,1000.0
LTE,216,19.0913,47.5155,1000,0,1000.0
LTE,216,19.0866,47.5199,1000,0,1000.0
LTE,216,19.0632,47.4932,1000,0,1000.0
LTE,216,19.0618,47.4947,1000,0,1000.0
GSM,216,18.9956,47.4845,1000,0,1000.0
GSM,216,19.0078,47.4649,2313,0,1000.0
GSM,216,19.041,47.4993,1000,0,1000.0
GSM,216,19.0927,47.4714,1000,0,1000.0
GSM,216,19.0976,47.4742,1000,0,1000.0
GSM,216,19.1213,47.4701,1000,0,1000.0
GSM,216,19.1213,47.4672,1000,0,1000.0
GSM,216,19.1206,47.4675,1000,0,1000.0
GSM,216,19.1289,47.4645,501,0,501.0
GSM,216,19.1322,47.4633,1000,0,1000.0
GSM,216,19.1287,47.466,1000,0,1000.0
GSM,216,19.1313,47.4671,1000,0,1000.0
GSM,216,19.1518,47.4626,904,0,904.0
GSM,216,19.17,47.4606,635,0,635.0
GSM,216,19.1711,47.4602,1000,0,1000.0
GSM,216,19.1844,47.456,1201,0,1000.0
GSM,216,19.1803,47.457,1000,0,1000.0
GSM,216,19.1757,47.4583,1000,0,1000.0
GSM,216,19.1771,47.4578,1000,0,1000.0
GSM,216,19.1784,47.4574,1000,0,1000.0
GSM,216,19.1896,47.4546,1000,0,1000.0
GSM,216,19.1938,47.4535,679,0,679.0
GSM,216,19.1931,47.4538,1000,0,1000.0
GSM,216,19.2023,47.4502,1000,0,1000.0
GSM,216,19.2154,47.4406,1919,0,1000.0
GSM,216,19.2005,47.4514,1000,0,1000.0
GSM,216,19.2051,47.4488,1000,0,1000.0
GSM,216,19.2071,47.4477,1000,0,1000.0
GSM,216,19.2068,47.4479,1000,0,1000.0
GSM,216,19.2153,47.4326,1638,0,1000.0
LTE,216,19.1776,47.4576,1000,0,1000.0
LTE,216,19.1644,47.462,1000,0,1000.0
LTE,216,19.2007,47.4502,654,0,654.0
LTE,216,19.1897,47.4446,1000,0,1000.0
LTE,216,19.1875,47.4404,1000,0,1000.0
LTE,216,19.1904,47.4386,1000,0,1000.0
LTE,216,19.1954,47.4368,1000,0,1000.0
LTE,216,19.2008,47.4351,1000,0,1000.0
GSM,216,19.2059,47.4333,1000,0,1000.0
GSM,216,19.2074,47.4327,1000,0,1000.0
GSM,216,19.2067,47.4331,1000,0,1000.0
GSM,216,19.2034,47.4341,1000,0,1000.0
GSM,216,19.2058,47.4333,1000,0,1000.0
GSM,216,19.2049,47.4336,1000,0,1000.0
GSM,216,19.2196,47.4299,631,0,631.0
GSM,216,19.2276,47.4313,1000,0,1000.0
GSM,216,19.2341,47.4244,1481,0,1000.0
GSM,216,19.2326,47.4256,1315,0,1000.0
GSM,216,19.2441,47.4223,1759,0,1000.0
GSM,216,19.2351,47.4238,1543,0,1000.0
GSM,216,19.229,47.426,1000,0,1000.0
GSM,216,19.2369,47.4156,1000,0,1000.0
GSM,216,19.2633,47.4217,1000,0,1000.0
GSM,216,19.2646,47.4246,1000,0,1000.0
LTE,216,19.2348,47.4233,1000,0,1000.0
LTE,216,19.2283,47.4254,1000,0,1000.0
LTE,216,19.2248,47.4267,1000,0,1000.0
LTE,216,19.2225,47.4275,1000,0,1000.0
LTE,216,19.2181,47.4291,1000,0,1000.0
LTE,216,19.2131,47.4309,1000,0,1000.0
LTE,216,19.2105,47.4318,1000,0,1000.0
LTE,216,19.2084,47.4325,1000,0,1000.0
LTE,216,19.2059,47.4333,1000,0,1000.0
GSM,216,19.198,47.436,1000,0,1000.0
LTE,216,19.1864,47.4485,1000,0,1000.0
LTE,216,19.1838,47.4491,1000,0,1000.0
LTE,216,19.1812,47.4498,1000,0,1000.0
LTE,216,19.1773,47.451,1000,0,1000.0
LTE,216,19.1747,47.452,1000,0,1000.0
LTE,216,19.1723,47.4531,1000,0,1000.0
LTE,216,19.1718,47.4562,1000,0,1000.0
LTE,216,19.1633,47.4569,1000,0,1000.0
LTE,216,19.1472,47.462,1000,0,1000.0
LTE,216,19.1436,47.4615,1000,0,1000.0
LTE,216,19.1397,47.4627,1000,0,1000.0
LTE,216,19.1396,47.4627,1000,0,1000.0
LTE,216,19.1351,47.4637,1000,0,1000.0
LTE,216,19.1318,47.4649,1000,0,1000.0
LTE,216,19.1274,47.4689,1000,0,1000.0
LTE,216,19.1247,47.4719,1000,0,1000.0
LTE,216,19.1223,47.4737,1000,0,1000.0
LTE,216,19.1196,47.4755,1000,0,1000.0
LTE,216,19.1072,47.4809,1000,0,1000.0
GSM,216,19.1056,47.4815,1000,0,1000.0
LTE,216,19.0998,47.4835,1000,0,1000.0
LTE,216,19.097,47.4844,1000,0,1000.0
LTE,216,19.0953,47.4852,1000,0,1000.0
LTE,216,19.095,47.4851,1000,0,1000.0
LTE,216,19.0925,47.4872,1000,0,1000.0
LTE,216,19.0906,47.4872,1000,0,1000.0
LTE,216,19.0876,47.4871,1000,0,1000.0
LTE,216,19.0812,47.4874,1000,0,1000.0
LTE,216,19.0796,47.4891,1000,0,1000.0
LTE,216,19.0757,47.4896,1000,0,1000.0
LTE,216,19.0776,47.4895,1000,0,1000.0
LTE,216,19.0709,47.4895,1000,0,1000.0
LTE,216,19.068,47.4894,1000,0,1000.0
LTE,216,19.0673,47.4892,1000,0,1000.0
LTE,216,19.0653,47.4899,1000,0,1000.0
LTE,216,19.0643,47.4899,1000,0,1000.0
GSM,216,19.0449,47.491,1000,0,1000.0
LTE,216,19.0243,47.5014,1000,0,1000.0
LTE,216,19.0249,47.5012,1000,0,1000.0
LTE,216,19.0222,47.5041,1000,0,1000.0
LTE,216,19.0221,47.5055,1000,0,1000.0
GSM,216,19.0229,47.5066,1000,0,1000.0
NR,216,19.0277,47.51,1000,0,1000.0
NR,216,19.036,47.513,1000,0,1000.0
NR,216,19.0419,47.5153,1000,0,1000.0
NR,216,19.0519,47.5118,1000,0,1000.0
NR,216,19.058,47.5135,1000,0,1000.0
NR,216,19.0603,47.514,1000,0,1000.0
NR,216,19.0612,47.514,1000,0,1000.0
NR,216,19.0611,47.5139,1000,0,1000.0
NR,216,19.0607,47.514,1000,0,1000.0
LTE,216,18.9088,47.45,1000,0,1000.0
LTE,216,18.9733,47.4472,617,0,617.0
LTE,216,18.9825,47.4451,1000,0,1000.0
LTE,216,19.1176,47.5826,541,0,541.0
LTE,216,19.1195,47.5914,1000,0,1000.0
GSM,216,19.0804,47.4862,1000,0,1000.0
LTE,216,19.0807,47.4875,1000,0,1000.0
LTE,216,19.0542,47.503,1000,0,1000.0
LTE,216,19.0538,47.505,1000,0,1000.0
LTE,216,19.0532,47.5062,1000,0,1000.0
LTE,216,19.0526,47.5061,1000,0,1000.0
LTE,216,19.0525,47.5052,1000,0,1000.0
LTE,216,19.0512,47.501,1000,0,1000.0
LTE,216,19.0523,47.5052,1000,0,1000.0
LTE,216,19.0531,47.5031,1000,0,1000.0
LTE,216,19.0526,47.5032,1000,0,1000.0
LTE,216,19.0528,47.5026,1000,0,1000.0
LTE,216,19.054,47.5029,1000,0,1000.0
LTE,216,19.0749,47.4932,3692,0,300.0
LTE,216,19.0567,47.5043,1000,0,1000.0
LTE,216,19.0877,47.5633,1000,0,1000.0
NR,216,19.0241,47.4934,958,0,958.0
LTE,216,19.0236,47.4944,1000,0,1000.0
LTE,216,19.0937,47.5186,1000,0,1000.0
LTE,216,19.102,47.523,1000,0,1000.0
LTE,216,19.1045,47.5257,1000,0,1000.0
LTE,216,19.1055,47.5269,1000,0,1000.0
LTE,216,19.1105,47.5323,1000,0,1000.0
LTE,216,19.1131,47.5351,1000,0,1000.0
LTE,216,19.1159,47.5375,1000,0,1000.0
LTE,216,19.1201,47.5392,1000,0,1000.0
LTE,216,19.1192,47.5399,1000,0,1000.0
LTE,216,19.1239,47.5439,1000,0,1000.0
LTE,216,19.1225,47.5433,1000,0,1000.0
LTE,216,19.1288,47.5452,577,0,577.0
LTE,216,19.1248,47.5489,846,0,846.0
LTE,216,19.133,47.5485,1000,0,1000.0
LTE,216,19.1332,47.551,1000,0,1000.0
LTE,216,19.1387,47.5472,1000,0,1000.0
LTE,216,19.13,47.5536,1000,0,1000.0
LTE,216,19.1341,47.5496,1000,0,1000.0
LTE,216,19.1141,47.536,1000,0,1000.0
LTE,216,19.108,47.5296,1000,0,1000.0
LTE,216,19.1037,47.5248,1000,0,1000.0
LTE,216,19.0652,47.5336,500,0,500.0
LTE,216,19.0609,47.5345,651,0,651.0
NR,216,18.9276,47.5102,1200,0,1000.0
NR,216,18.948,47.5207,1000,0,1000.0
LTE,216,18.9949,47.4539,898,0,898.0
LTE,216,18.8772,47.458,1000,0,1000.0
GSM,216,18.9553,47.5378,1030,0,1000.0
NR,216,19.0297,47.5269,1000,0,1000.0
NR,216,19.0421,47.5426,1000,0,1000.0
NR,216,19.0426,47.5447,1000,0,1000.0
NR,216,19.0433,47.5477,1000,0,1000.0
NR,216,19.0443,47.5518,1000,0,1000.0
NR,216,19.0476,47.5632,1116,0,1000.0
NR,216,19.0491,47.5779,1000,0,1000.0
NR,216,19.0374,47.5816,1083,0,1000.0
NR,216,19.0516,47.5951,1000,0,1000.0
NR,216,19.0568,47.6003,1000,0,1000.0
NR,216,19.0608,47.6065,1000,0,1000.0
NR,216,19.068,47.604,1697,0,1000.0
NR,216,19.0956,47.6057,1000,0,1000.0
NR,216,19.1128,47.6033,1000,0,1000.0
NR,216,19.1184,47.6031,1000,0,1000.0
NR,216,19.1263,47.5993,1000,0,1000.0
NR,216,19.1681,47.6348,879,0,879.0
LTE,216,19.165,47.6351,2132,0,1000.0
LTE,216,19.1603,47.6492,1000,0,1000.0
LTE,216,19.0506,47.5978,6099,0,300.0
NR,216,19.028,47.5704,1000,0,1000.0
NR,216,19.0243,47.5586,1000,0,1000.0
LTE,216,19.2654,47.4433,1306,0,1000.0
LTE,216,19.2597,47.4322,1000,0,1000.0
LTE,216,19.2754,47.4256,3221,0,300.0
LTE,216,19.274,47.4254,1300,0,1000.0
LTE,216,18.9388,47.5472,1000,0,1000.0
NR,216,18.9803,47.5035,5402,0,150.0
LTE,216,19.1623,47.6476,1630,0,1000.0
LTE,216,19.1679,47.6268,821,0,821.0
LTE,216,19.1661,47.6148,1000,0,1000.0
LTE,216,19.1665,47.616,1000,0,1000.0
LTE,216,19.1553,47.6039,727,0,727.0
LTE,216,19.1364,47.5974,1000,0,1000.0
LTE,216,19.091,47.6081,1000,0,1000.0
LTE,216,19.0606,47.6063,1000,0,1000.0
GSM,216,19.0596,47.6047,1000,0,1000.0
LTE,216,19.0471,47.5914,1000,0,1000.0
LTE,216,19.0438,47.5884,1000,0,1000.0
LTE,216,19.043,47.587,1000,0,1000.0
GSM,216,19.0482,47.5878,1000,0,1000.0
GSM,216,19.0424,47.5843,1000,0,1000.0
GSM,216,19.0502,47.577,1000,0,1000.0
GSM,216,19.0464,47.5768,1091,0,1000.0
GSM,216,19.0398,47.5831,1000,0,1000.0
LTE,216,19.0251,47.5673,1000,0,1000.0
LTE,216,19.0243,47.56,1000,0,1000.0
LTE,216,19.0095,47.5243,1000,0,1000.0
LTE,216,19.0147,47.5234,1000,0,1000.0
LTE,216,19.0084,47.5264,1000,0,1000.0
LTE,216,19.0053,47.5278,1000,0,1000.0
LTE,216,19.0116,47.5291,1000,0,1000.0
LTE,216,19.0054,47.5272,1000,0,1000.0
LTE,216,19.0074,47.5274,1000,0,1000.0
LTE,216,19.0081,47.5268,1000,0,1000.0
LTE,216,19.0125,47.5255,1000,0,1000.0
LTE,216,18.9465,47.5534,1000,0,1000.0
LTE,216,18.9412,47.5575,1000,0,1000.0
LTE,216,18.943,47.5598,1000,0,1000.0
LTE,216,18.9399,47.5592,1000,0,1000.0
LTE,216,18.9412,47.5605,1000,0,1000.0
LTE,216,18.9467,47.56,1000,0,1000.0
LTE,216,19.0031,47.5265,1000,0,1000.0
LTE,216,18.9777,47.5355,2637,0,1000.0
LTE,216,18.9705,47.5384,1000,0,1000.0
LTE,216,18.9646,47.5371,723,0,723.0
LTE,216,18.951,47.5458,1000,0,1000.0
LTE,216,18.9487,47.552,1000,0,1000.0
LTE,216,18.9459,47.5592,500,0,500.0
LTE,216,18.9397,47.5591,1000,0,1000.0
LTE,216,18.9418,47.5601,1000,0,1000.0
LTE,216,18.944,47.5617,1000,0,1000.0
LTE,216,18.9478,47.5616,1000,0,1000.0
LTE,216,18.9589,47.5467,1000,0,1000.0
LTE,216,19.0284,47.5465,1000,0,1000.0
LTE,216,19.0285,47.5467,1000,0,1000.0
NR,216,19.0306,47.5411,1000,0,1000.0
NR,216,19.0228,47.5526,1000,0,1000.0
LTE,216,19.0015,47.5247,2391,0,1000.0
LTE,216,19.0258,47.4843,1000,0,1000.0
GSM,216,18.9446,47.5611,1000,0,1000.0
LTE,216,18.9464,47.5604,1000,0,1000.0
LTE,216,18.9478,47.5617,1000,0,1000.0
LTE,216,18.9429,47.5613,1000,0,1000.0
LTE,216,18.9439,47.5613,1000,0,1000.0
GSM,216,18.9478,47.5566,862,0,862.0
GSM,216,19.0542,47.5299,6474,0,1000.0
GSM,216,19.0517,47.5296,1000,0,1000.0
GSM,216,19.0441,47.5253,1560,0,1000.0
LTE,216,19.0367,47.5163,1000,0,1000.0
LTE,216,19.0184,47.5089,1000,0,1000.0
LTE,216,19.1044,47.5008,1000,0,1000.0
GSM,216,19.0468,47.5196,1000,0,1000.0
GSM,216,19.0491,47.5234,1000,0,1000.0
GSM,216,19.0514,47.5271,1000,0,1000.0
LTE,216,18.9997,47.5158,1000,0,1000.0
LTE,216,18.9965,47.5177,1000,0,1000.0
LTE,216,18.8789,47.5758,1000,0,1000.0
NR,216,19.3488,47.5975,1000,0,1000.0
NR,216,18.9988,47.517,1813,0,1000.0
LTE,216,19.0346,47.4977,1670,0,1000.0
LTE,216,19.0354,47.4806,1000,0,1000.0
LTE,216,19.0399,47.479,1000,0,1000.0
LTE,216,19.0438,47.4778,1000,0,1000.0
NR,216,19.0432,47.4768,1000,0,1000.0
NR,216,19.0432,47.4759,1000,0,1000.0
LTE,216,19.0208,47.5541,1000,0,1000.0
LTE,216,19.0305,47.5386,1000,0,1000.0
LTE,216,19.0273,47.5379,1000,0,1000.0
LTE,216,19.0271,47.5361,1000,0,1000.0
LTE,216,19.0287,47.5328,1000,0,1000.0
LTE,216,19.0266,47.5305,1000,0,1000.0
GSM,216,19.0384,47.5194,1000,0,1000.0
GSM,216,19.0513,47.5657,2671,0,1000.0
LTE,216,19.0281,47.5482,1000,0,1000.0
LTE,216,19.0297,47.5444,1000,0,1000.0
LTE,216,19.0307,47.5409,1000,0,1000.0
LTE,216,19.0304,47.5417,1000,0,1000.0
LTE,216,19.0316,47.5386,1000,0,1000.0
LTE,216,19.03,47.5383,1000,0,1000.0
LTE,216,19.0272,47.5373,1000,0,1000.0
LTE,216,19.0276,47.535,1000,0,1000.0
LTE,216,19.0289,47.5326,1000,0,1000.0
LTE,216,19.0301,47.5304,1000,0,1000.0
LTE,216,19.0238,47.5305,1000,0,1000.0
LTE,216,19.0566,47.4932,1000,0,1000.0
LTE,216,19.0556,47.4917,1000,0,1000.0
LTE,216,19.0559,47.4914,1000,0,1000.0
LTE,216,19.0603,47.4944,1000,0,1000.0
LTE,216,19.0661,47.4892,1000,0,1000.0
LTE,216,19.0673,47.4893,1000,0,1000.0
LTE,216,19.0685,47.4894,1000,0,1000.0
LTE,216,19.0696,47.4895,1000,0,1000.0
LTE,216,19.0704,47.4888,1000,0,1000.0
LTE,216,19.0808,47.4875,1000,0,1000.0
LTE,216,19.0546,47.4913,1000,0,1000.0
LTE,216,19.0594,47.4944,1000,0,1000.0
LTE,216,19.0619,47.4933,1000,0,1000.0
LTE,216,19.0649,47.4957,1000,0,1000.0
LTE,216,19.0676,47.4962,1000,0,1000.0
LTE,216,19.0704,47.4961,1000,0,1000.0
LTE,216,19.0703,47.4968,1000,0,1000.0
LTE,216,19.0711,47.4946,1000,0,1000.0
LTE,216,19.0712,47.4927,1000,0,1000.0
LTE,216,19.0708,47.49,1000,0,1000.0
LTE,216,19.0705,47.4873,1000,0,1000.0
LTE,216,19.0838,47.4809,2352,0,1000.0
LTE,216,19.0795,47.4826,1647,0,1000.0
LTE,216,19.0796,47.4825,1636,0,1000.0
LTE,216,19.07,47.486,1000,0,1000.0
LTE,216,19.0585,47.4993,1000,0,1000.0
NR,216,18.9397,47.454,694,0,694.0
NR,216,18.9681,47.4536,1000,0,1000.0
NR,216,18.9402,47.4538,1000,0,1000.0
NR,216,18.9137,47.449,1191,0,1000.0
LTE,216,18.9434,47.4546,1000,0,1000.0
LTE,216,18.9444,47.455,1000,0,1000.0
NR,216,18.9454,47.4561,1000,0,1000.0
NR,216,18.9459,47.4544,1284,0,1000.0
NR,216,18.9121,47.4931,1112,0,1000.0
LTE,216,18.9445,47.4551,1000,0,1000.0
NR,216,19.0596,47.4852,1000,0,1000.0
NR,216,19.0624,47.4839,1000,0,1000.0
LTE,216,19.0798,47.4879,1000,0,1000.0
LTE,216,18.8604,47.3953,1000,0,1000.0
LTE,216,19.0252,47.5066,1000,0,1000.0
LTE,216,19.038,47.5118,1000,0,1000.0
LTE,216,19.0378,47.5241,1000,0,1000.0
LTE,216,19.029,47.5333,1000,0,1000.0
LTE,216,19.0288,47.5333,1000,0,1000.0
LTE,216,19.0321,47.511,1000,0,1000.0
LTE,216,19.0252,47.5077,1000,0,1000.0
LTE,216,19.0267,47.4813,1000,0,1000.0
LTE,216,18.9513,47.4523,1000,0,1000.0
LTE,216,18.8772,47.4611,1000,0,1000.0
LTE,216,18.8874,47.4539,1000,0,1000.0
LTE,216,18.8924,47.4378,500,0,500.0
LTE,216,18.9825,47.3993,1000,0,1000.0
LTE,216,19.1753,47.3626,1411,0,1000.0
LTE,216,19.1836,47.3592,857,0,857.0
LTE,216,19.255,47.5624,1000,0,1000.0
LTE,216,19.0287,47.5061,1000,0,1000.0
LTE,216,19.0284,47.5065,1000,0,1000.0
LTE,216,19.0297,47.5056,1000,0,1000.0
LTE,216,19.0305,47.5039,1000,0,1000.0
LTE,216,19.0302,47.5041,1000,0,1000.0
LTE,216,19.0313,47.5024,1000,0,1000.0
LTE,216,19.0304,47.5032,1000,0,1000.0
LTE,216,19.0314,47.5024,1000,0,1000.0
LTE,216,19.0312,47.5017,1000,0,1000.0
LTE,216,19.0299,47.5026,1000,0,1000.0
LTE,216,19.0295,47.5014,1000,0,1000.0
LTE,216,19.0321,47.5013,1000,0,1000.0
LTE,216,19.0355,47.4986,1000,0,1000.0
LTE,216,19.0414,47.5003,1000,0,1000.0
LTE,216,19.0385,47.5026,1000,0,1000.0
LTE,216,19.0508,47.5048,1000,0,1000.0
LTE,216,19.0517,47.5056,1000,0,1000.0
LTE,216,19.0531,47.5047,1000,0,1000.0
LTE,216,19.0548,47.5043,1000,0,1000.0
LTE,216,19.0545,47.5032,1000,0,1000.0
LTE,216,19.0551,47.4955,1000,0,1000.0
LTE,216,19.0486,47.4817,2433,0,1000.0
LTE,216,19.0504,47.4885,1692,0,1000.0
LTE,216,19.0419,47.5527,1000,0,1000.0
LTE,216,19.0395,47.5326,1000,0,1000.0
LTE,216,19.0308,47.529,1000,0,1000.0
LTE,216,19.0636,47.5316,1000,0,1000.0
LTE,216,19.0511,47.5326,1000,0,1000.0
LTE,216,19.0539,47.5341,1000,0,1000.0
LTE,216,19.052,47.5352,1000,0,1000.0
LTE,216,19.043,47.532,1000,0,1000.0
LTE,216,19.0455,47.5189,1000,0,1000.0
NR,216,19.0444,47.48,1000,0,1000.0
NR,216,19.0468,47.4798,1000,0,1000.0
NR,216,19.0452,47.4817,1000,0,1000.0
NR,216,19.0411,47.4893,4246,0,150.0
NR,216,19.0434,47.4834,1000,0,1000.0
NR,216,19.0436,47.4833,1000,0,1000.0
NR,216,19.0428,47.4845,1000,0,1000.0
NR,216,19.0425,47.4838,1000,0,1000.0
NR,216,19.0472,47.4853,1000,0,1000.0
NR,216,19.0668,47.4748,2077,0,1000.0
NR,216,19.0515,47.484,1000,0,1000.0
NR,216,19.0481,47.4863,1000,0,1000.0
NR,216,19.0492,47.4865,1000,0,1000.0
NR,216,19.049,47.4861,1000,0,1000.0
NR,216,19.0508,47.4868,1000,0,1000.0
LTE,216,19.0485,47.4867,1000,0,1000.0
GSM,216,19.0574,47.4806,1000,0,1000.0
NR,216,19.0495,47.4863,1000,0,1000.0
LTE,216,19.0477,47.4811,1000,0,1000.0
LTE,216,19.0479,47.4785,1000,0,1000.0
GSM,216,19.0476,47.4799,1000,0,1000.0
NR,216,19.0435,47.4767,1000,0,1000.0
NR,216,19.0436,47.4772,1000,0,1000.0
NR,216,19.037,47.4763,1000,0,1000.0
NR,216,19.0323,47.4777,1000,0,1000.0
NR,216,19.0309,47.4804,1000,0,1000.0
NR,216,19.0299,47.4826,1000,0,1000.0
NR,216,19.0269,47.4846,1000,0,1000.0
GSM,216,19.0506,47.5578,1000,0,1000.0
GSM,216,19.0711,47.633,1543,0,1000.0
LTE,216,19.3201,47.5988,1000,0,1000.0
LTE,216,19.3106,47.5873,1105,0,1000.0
LTE,216,19.3229,47.5656,1000,0,1000.0
LTE,216,19.051,47.5126,1000,0,1000.0
LTE,216,19.051,47.5111,1000,0,1000.0
LTE,216,18.9498,47.5424,1000,0,1000.0
GSM,216,19.0485,47.5681,1000,0,1000.0
GSM,216,19.0481,47.5728,1000,0,1000.0
GSM,216,19.0482,47.5735,1000,0,1000.0
LTE,216,19.0724,47.485,1000,0,1000.0
LTE,216,19.0697,47.4854,1000,0,1000.0
LTE,216,19.0659,47.4806,500,0,500.0
GSM,216,19.0213,47.5082,1000,0,1000.0
GSM,216,19.0176,47.5089,1000,0,1000.0
LTE,216,18.982,47.3885,1000,0,1000.0
LTE,216,18.9866,47.3896,1000,0,1000.0
LTE,216,19.0043,47.3971,1000,0,1000.0
LTE,216,19.0436,47.4469,1000,0,1000.0
LTE,216,19.0448,47.4505,1000,0,1000.0
LTE,216,19.0473,47.4581,1000,0,1000.0
LTE,216,19.0456,47.458,1000,0,1000.0
LTE,216,19.0526,47.4687,1000,0,1000.0
LTE,216,19.1025,47.481,1000,0,1000.0
LTE,216,19.1062,47.49,1000,0,1000.0
LTE,216,19.1166,47.5451,1000,0,1000.0
LTE,216,19.1176,47.5459,1000,0,1000.0
LTE,216,19.1477,47.5827,689,0,689.0
LTE,216,19.1672,47.6161,1000,0,1000.0
LTE,216,19.1645,47.6178,2153,0,1000.0
LTE,216,19.1678,47.6245,1000,0,1000.0
LTE,216,19.1686,47.6327,1000,0,1000.0
LTE,216,19.1697,47.6347,1000,0,1000.0
LTE,216,19.1615,47.6489,1190,0,1000.0
LTE,216,19.1668,47.6403,1000,0,1000.0
GSM,216,19.1284,47.3668,1000,0,1000.0
GSM,216,19.1605,47.3641,2433,0,1000.0
LTE,216,19.0075,47.4833,1000,0,1000.0
NR,216,19.0663,47.4806,1000,0,1000.0
NR,216,19.0432,47.492,1000,0,1000.0
NR,216,19.0426,47.4922,1000,0,1000.0
LTE,216,19.0495,47.4976,1000,0,1000.0
LTE,216,19.0566,47.4929,1000,0,1000.0
LTE,216,19.0589,47.4916,1000,0,1000.0
LTE,216,19.0586,47.4908,1000,0,1000.0
LTE,216,19.2834,47.4212,1917,0,1000.0
LTE,216,19.2846,47.4181,1000,0,1000.0
LTE,216,19.2913,47.4192,3347,0,300.0
LTE,216,19.3103,47.403,1453,0,1000.0
LTE,216,19.2968,47.4145,1000,0,1000.0
LTE,216,19.2964,47.4147,1000,0,1000.0
LTE,216,19.2935,47.4164,1000,0,1000.0
LTE,216,19.2884,47.4195,1000,0,1000.0
LTE,216,19.2852,47.4186,1000,0,1000.0
LTE,216,19.2809,47.4167,1000,0,1000.0
LTE,216,19.2913,47.4239,2203,0,1000.0
LTE,216,19.2964,47.4158,1000,0,1000.0
LTE,216,19.2934,47.4065,1082,0,1000.0
LTE,216,19.2757,47.419,2120,0,1000.0
LTE,216,19.2984,47.4143,1000,0,1000.0
LTE,216,19.3099,47.4154,1000,0,1000.0
LTE,216,19.3009,47.4101,1803,0,1000.0
LTE,216,19.3041,47.4031,1480,0,1000.0
LTE,216,19.069,47.6388,1000,0,1000.0
LTE,216,18.8699,47.4662,1000,0,1000.0
LTE,216,18.8837,47.4547,1421,0,1000.0
LTE,216,18.8932,47.4366,934,0,934.0
LTE,216,18.9453,47.3749,1000,0,1000.0
LTE,216,18.9362,47.3708,1011,0,1000.0
LTE,216,18.9236,47.3652,598,0,598.0
LTE,216,18.9157,47.3623,1000,0,1000.0
LTE,216,19.321,47.4348,1787,0,1000.0
LTE,216,19.3359,47.4454,1474,0,1000.0
LTE,216,19.3351,47.4449,1327,0,1000.0
LTE,216,19.331,47.4708,1391,0,1000.0
LTE,216,19.3191,47.4813,1000,0,1000.0
LTE,216,19.3164,47.4833,1000,0,1000.0
LTE,216,19.3117,47.4909,1459,0,1000.0
LTE,216,19.2961,47.5088,500,0,500.0
LTE,216,19.2752,47.5097,1000,0,1000.0
LTE,216,19.2633,47.5153,1240,0,1000.0
LTE,216,19.2481,47.5326,1000,0,1000.0
LTE,216,19.1918,47.5481,1000,0,1000.0
LTE,216,19.119,47.6032,656,0,656.0
LTE,216,19.1127,47.6086,1000,0,1000.0
LTE,216,19.0227,47.6477,1000,0,1000.0
LTE,216,19.0209,47.6482,1000,0,1000.0
LTE,216,18.8859,47.4525,1199,0,1000.0
LTE,216,18.9281,47.4193,1389,0,1000.0
LTE,216,18.9141,47.3619,1000,0,1000.0
LTE,216,18.9073,47.3564,3031,0,300.0
LTE,216,19.021,47.5624,1000,0,1000.0
LTE,216,19.0409,47.5518,1000,0,1000.0
LTE,216,19.0399,47.5518,1000,0,1000.0
LTE,216,19.042,47.5513,1000,0,1000.0
LTE,216,19.0376,47.5516,1000,0,1000.0
LTE,216,19.0387,47.5485,1000,0,1000.0
LTE,216,19.0389,47.5479,1000,0,1000.0
LTE,216,19.0406,47.5455,908,0,908.0
LTE,216,19.0442,47.5395,586,0,586.0
LTE,216,18.9719,47.4991,1000,0,1000.0
LTE,216,18.9754,47.4966,1000,0,1000.0
LTE,216,18.9801,47.495,1000,0,1000.0
LTE,216,18.9818,47.4947,1000,0,1000.0
LTE,216,18.9832,47.4955,1000,0,1000.0
LTE,216,18.9867,47.4963,1000,0,1000.0
LTE,216,18.9863,47.4961,1000,0,1000.0
LTE,216,18.9882,47.4967,1000,0,1000.0
NR,216,19.0498,47.4989,1000,0,1000.0
NR,216,19.0545,47.4981,1000,0,1000.0
NR,216,19.0466,47.4998,1000,0,1000.0
NR,216,19.0418,47.4987,1000,0,1000.0
NR,216,19.0382,47.5052,1000,0,1000.0
NR,216,19.0324,47.5084,1000,0,1000.0
NR,216,19.0274,47.508,1000,0,1000.0
LTE,216,19.09,47.4787,1826,0,1000.0
LTE,216,19.0821,47.4816,2498,0,1000.0
LTE,216,19.0748,47.4843,1000,0,1000.0
LTE,216,19.0562,47.5101,1000,0,1000.0
LTE,216,19.0586,47.5139,1000,0,1000.0
LTE,216,19.0583,47.5135,1000,0,1000.0
LTE,216,19.0573,47.5151,1000,0,1000.0
LTE,216,19.0535,47.5163,1000,0,1000.0
LTE,216,19.0528,47.5165,1000,0,1000.0
LTE,216,19.0502,47.5163,1000,0,1000.0
LTE,216,19.0492,47.515,1000,0,1000.0
LTE,216,19.0454,47.5143,1000,0,1000.0
LTE,216,19.0437,47.512,1000,0,1000.0
LTE,216,19.0377,47.5102,1000,0,1000.0
LTE,216,19.0354,47.5099,1000,0,1000.0
LTE,216,19.0282,47.5087,1000,0,1000.0
LTE,216,19.0273,47.5082,1000,0,1000.0
LTE,216,19.0243,47.5079,1000,0,1000.0
GSM,216,19.0423,47.3796,1241,0,1000.0
GSM,216,18.9723,47.3986,1000,0,1000.0
LTE,216,18.9852,47.5214,1000,0,1000.0
LTE,216,18.9782,47.5196,1000,0,1000.0
LTE,216,18.979,47.5194,1000,0,1000.0
LTE,216,18.9708,47.521,1000,0,1000.0
LTE,216,18.9623,47.5235,1000,0,1000.0
LTE,216,18.9362,47.5171,1000,0,1000.0
LTE,216,18.9199,47.5012,1000,0,1000.0
LTE,216,18.9196,47.5012,1000,0,1000.0
NR,216,18.9057,47.4669,1408,0,1000.0
NR,216,18.9048,47.4578,1033,0,1000.0
NR,216,19.0006,47.461,1655,0,1000.0
NR,216,19.0175,47.4681,1000,0,1000.0
NR,216,19.0258,47.4848,714,0,714.0
NR,216,19.0252,47.4862,1045,0,1000.0
NR,216,19.0233,47.4755,1082,0,1000.0
NR,216,19.005,47.4612,1024,0,1000.0
NR,216,18.9769,47.4559,606,0,606.0
NR,216,18.9726,47.4546,1000,0,1000.0
NR,216,18.9592,47.4528,832,0,832.0
NR,216,18.9388,47.4525,1962,0,1000.0
LTE,216,19.0347,47.5133,1000,0,1000.0
LTE,216,19.0423,47.4981,529,0,529.0
LTE,216,19.0528,47.492,1000,0,1000.0
LTE,216,19.0537,47.4958,1000,0,1000.0
NR,216,18.9014,47.4659,1000,0,1000.0
LTE,216,18.8943,47.4095,7570,0,300.0
LTE,216,18.9781,47.4029,2277,0,1000.0
LTE,216,18.9947,47.3997,1061,0,1000.0
LTE,216,19.0277,47.3797,891,0,891.0
LTE,216,19.0312,47.3795,1000,0,1000.0
LTE,216,19.0332,47.3795,1000,0,1000.0
LTE,216,19.0374,47.3818,1025,0,1000.0
LTE,216,19.0467,47.3923,905,0,905.0
LTE,216,19.0589,47.4024,657,0,657.0
LTE,216,19.0574,47.4046,930,0,930.0
LTE,216,19.0806,47.4122,1631,0,1000.0
LTE,216,19.0672,47.4076,621,0,621.0
LTE,216,19.0671,47.408,1000,0,1000.0
LTE,216,19.0664,47.4082,500,0,500.0
LTE,216,19.0699,47.4093,1000,0,1000.0
LTE,216,19.0717,47.4104,1000,0,1000.0
LTE,216,19.0728,47.4088,1000,0,1000.0
LTE,216,19.0757,47.4107,503,0,503.0
LTE,216,19.0789,47.4057,1000,0,1000.0
LTE,216,19.078,47.4062,1000,0,1000.0
LTE,216,19.0831,47.4056,542,0,542.0
LTE,216,19.0792,47.4045,1000,0,1000.0
LTE,216,19.0885,47.4003,608,0,608.0
LTE,216,19.0909,47.3974,1000,0,1000.0
LTE,216,19.1009,47.3904,979,0,979.0
LTE,216,19.0974,47.3906,1000,0,1000.0
LTE,216,19.1071,47.3916,500,0,500.0
LTE,216,19.1003,47.3891,1000,0,1000.0
LTE,216,19.1061,47.3913,1000,0,1000.0
LTE,216,19.107,47.3944,1000,0,1000.0
LTE,216,19.1072,47.3946,655,0,655.0
LTE,216,19.1033,47.4041,1000,0,1000.0
LTE,216,19.1016,47.4043,1000,0,1000.0
LTE,216,19.1075,47.3931,1000,0,1000.0
LTE,216,19.0986,47.4117,1024,0,1000.0
LTE,216,19.0988,47.4102,1000,0,1000.0
LTE,216,19.0973,47.4149,516,0,516.0
LTE,216,19.0884,47.4172,1000,0,1000.0
LTE,216,19.088,47.4178,1000,0,1000.0
LTE,216,19.0814,47.4162,1000,0,1000.0
LTE,216,19.0776,47.4175,1000,0,1000.0
LTE,216,19.0767,47.4173,1000,0,1000.0
LTE,216,19.0724,47.4204,1000,0,1000.0
LTE,216,19.0712,47.4213,1000,0,1000.0
LTE,216,19.0687,47.4212,1000,0,1000.0
LTE,216,19.0814,47.4113,2911,0,1000.0
LTE,216,19.0635,47.4183,1000,0,1000.0
LTE,216,19.0626,47.4167,1000,0,1000.0
LTE,216,19.0621,47.4163,1000,0,1000.0
LTE,216,19.0595,47.4142,1000,0,1000.0
LTE,216,19.0595,47.4145,1000,0,1000.0
LTE,216,19.058,47.4128,1000,0,1000.0
LTE,216,19.0561,47.4102,1000,0,1000.0
LTE,216,19.0566,47.411,1000,0,1000.0
LTE,216,19.0542,47.4071,1000,0,1000.0
LTE,216,19.0558,47.4011,1000,0,1000.0
LTE,216,19.0497,47.3995,629,0,629.0
LTE,216,18.9664,47.407,1446,0,1000.0
LTE,216,19.0788,47.4865,1000,0,1000.0
LTE,216,19.0768,47.486,1000,0,1000.0
LTE,216,19.0762,47.4859,1000,0,1000.0
NR,216,19.0772,47.4866,1000,0,1000.0
LTE,216,19.0747,47.4859,1000,0,1000.0
NR,216,19.0791,47.4859,1000,0,1000.0
NR,216,19.0688,47.4884,1000,0,1000.0
LTE,216,19.0549,47.5002,1000,0,1000.0
LTE,216,19.055,47.5019,1000,0,1000.0
LTE,216,19.055,47.5037,1000,0,1000.0
LTE,216,19.0547,47.5048,1000,0,1000.0
LTE,216,19.0549,47.5065,1000,0,1000.0
LTE,216,19.0532,47.5077,1000,0,1000.0
LTE,216,19.0512,47.5076,1000,0,1000.0
LTE,216,19.0514,47.5102,1000,0,1000.0
LTE,216,19.0514,47.5109,1000,0,1000.0
LTE,216,19.0513,47.5118,1000,0,1000.0
LTE,216,19.03,47.51,1000,0,1000.0
GSM,216,19.2103,47.3637,1000,0,1000.0
LTE,216,18.9542,47.3964,2569,0,1000.0
LTE,216,18.9858,47.3893,1000,0,1000.0
LTE,216,19.0082,47.3957,721,0,721.0
LTE,216,19.0375,47.3778,779,0,779.0
LTE,216,19.0542,47.3803,1242,0,1000.0
LTE,216,19.0624,47.4038,1000,0,1000.0
LTE,216,19.0613,47.4047,1000,0,1000.0
LTE,216,19.0717,47.411,1000,0,1000.0
LTE,216,19.0779,47.4113,500,0,500.0
LTE,216,19.0805,47.4099,1000,0,1000.0
LTE,216,19.0823,47.4081,1000,0,1000.0
LTE,216,19.0813,47.4091,1000,0,1000.0
LTE,216,19.092,47.3959,1000,0,1000.0
LTE,216,19.0932,47.3945,1000,0,1000.0
LTE,216,19.0978,47.3904,1000,0,1000.0
LTE,216,19.0992,47.3898,1000,0,1000.0
LTE,216,19.1042,47.3898,709,0,709.0
LTE,216,19.1059,47.3908,1000,0,1000.0
LTE,216,19.1066,47.3915,1000,0,1000.0
LTE,216,19.1067,47.3916,1000,0,1000.0
LTE,216,19.0782,47.4109,1000,0,1000.0
LTE,216,18.9029,47.3528,1000,0,1000.0
LTE,216,18.9304,47.3787,1000,0,1000.0
LTE,216,19.0117,47.3951,1000,0,1000.0
LTE,216,19.0574,47.4012,1000,0,1000.0
LTE,216,19.0684,47.4079,1000,0,1000.0
LTE,216,19.0692,47.4082,1000,0,1000.0
LTE,216,19.0702,47.4067,1000,0,1000.0
LTE,216,19.0711,47.4057,1000,0,1000.0
LTE,216,19.0749,47.4039,1000,0,1000.0
LTE,216,19.0949,47.4184,1000,0,1000.0
LTE,216,19.0927,47.4219,1000,0,1000.0
LTE,216,19.0979,47.4143,815,0,815.0
LTE,216,19.107,47.3975,1000,0,1000.0
LTE,216,19.072,47.4098,1000,0,1000.0
LTE,216,19.0467,47.396,1000,0,1000.0
LTE,216,18.9479,47.3767,1000,0,1000.0
LTE,216,19.0707,47.4786,1000,0,1000.0
GSM,216,19.0294,47.5102,1000,0,1000.0
LTE,216,19.0546,47.5278,1506,0,1000.0
LTE,216,19.0492,47.5234,1000,0,1000.0
LTE,216,19.0489,47.5229,1000,0,1000.0
LTE,216,18.9228,47.3785,1000,0,1000.0
LTE,216,18.9245,47.386,1000,0,1000.0
LTE,216,18.9232,47.3916,1000,0,1000.0
LTE,216,18.9187,47.3908,1000,0,1000.0
LTE,216,18.9153,47.3931,1000,0,1000.0
LTE,216,18.9121,47.3952,1000,0,1000.0
LTE,216,18.906,47.3985,1000,0,1000.0
LTE,216,18.9073,47.3976,1000,0,1000.0
LTE,216,18.904,47.3993,1000,0,1000.0
LTE,216,18.9013,47.4009,1000,0,1000.0
LTE,216,18.9105,47.3973,1000,0,1000.0
LTE,216,18.9002,47.4014,1000,0,1000.0
LTE,216,18.8963,47.4048,1774,0,1000.0
LTE,216,18.8931,47.4061,1000,0,1000.0
LTE,216,18.9128,47.4089,5059,0,300.0
LTE,216,18.8772,47.408,1000,0,1000.0
LTE,216,18.8798,47.4129,1000,0,1000.0
LTE,216,18.9956,47.3842,4098,0,300.0
LTE,216,19.028,47.3853,873,0,873.0
LTE,216,19.063,47.4198,679,0,679.0
LTE,216,19.0643,47.4242,1000,0,1000.0
LTE,216,19.0642,47.425,1000,0,1000.0
LTE,216,19.0647,47.4263,1000,0,1000.0
LTE,216,19.066,47.4322,1000,0,1000.0
LTE,216,19.0657,47.4302,1000,0,1000.0
LTE,216,19.066,47.4331,1000,0,1000.0
LTE,216,19.0729,47.4401,1000,0,1000.0
LTE,216,19.0795,47.442,500,0,500.0
LTE,216,19.0796,47.4416,1000,0,1000.0
LTE,216,19.0788,47.442,1000,0,1000.0
LTE,216,19.0799,47.4419,1000,0,1000.0
LTE,216,19.024,47.4901,1000,0,1000.0
LTE,216,19.0732,47.4419,1000,0,1000.0
LTE,216,19.0702,47.4399,1000,0,1000.0
LTE,216,19.0661,47.4355,1000,0,1000.0
LTE,216,19.0659,47.4315,1000,0,1000.0
LTE,216,19.0661,47.4344,1000,0,1000.0
LTE,216,19.0641,47.4213,1000,0,1000.0
LTE,216,19.0624,47.4222,1000,0,1000.0
LTE,216,19.0599,47.415,1000,0,1000.0
LTE,216,19.0584,47.4133,1000,0,1000.0
LTE,216,19.0436,47.3917,1000,0,1000.0
LTE,216,19.0357,47.3915,1000,0,1000.0
LTE,216,19.0309,47.3803,1000,0,1000.0
LTE,216,18.9933,47.3996,754,0,754.0
LTE,216,18.941,47.3796,881,0,881.0
LTE,216,19.0038,47.3502,1000,0,1000.0
LTE,216,19.0112,47.3686,1033,0,1000.0
LTE,216,19.0289,47.3714,1000,0,1000.0
LTE,216,19.0316,47.3608,2083,0,1000.0
LTE,216,19.0339,47.3711,1000,0,1000.0
LTE,216,19.043,47.3763,1000,0,1000.0
LTE,216,19.2945,47.3896,1511,0,1000.0
LTE,216,19.2941,47.3887,1000,0,1000.0
LTE,216,19.0026,47.3518,2083,0,1000.0
LTE,216,19.0116,47.3558,1000,0,1000.0
LTE,216,19.02,47.3618,1000,0,1000.0
LTE,216,19.0223,47.3634,1000,0,1000.0
LTE,216,19.0228,47.3638,1000,0,1000.0
LTE,216,19.0315,47.3696,1000,0,1000.0
LTE,216,19.0474,47.3794,1677,0,1000.0
LTE,216,19.189,47.3566,802,0,802.0
LTE,216,19.1943,47.3541,1000,0,1000.0
LTE,216,19.2078,47.3553,1143,0,1000.0
LTE,216,19.2023,47.3539,1000,0,1000.0
LTE,216,19.2432,47.37,1887,0,1000.0
LTE,216,19.3019,47.3978,863,0,863.0
LTE,216,19.2903,47.3878,1000,0,1000.0
LTE,216,19.2577,47.3753,1000,0,1000.0
LTE,216,19.1834,47.3593,831,0,831.0
LTE,216,19.055,47.3961,1000,0,1000.0
LTE,216,19.0515,47.3971,1000,0,1000.0
LTE,216,19.0602,47.4036,1000,0,1000.0
LTE,216,19.0578,47.4018,1000,0,1000.0
LTE,216,19.0659,47.4077,1000,0,1000.0
LTE,216,19.0686,47.4077,1000,0,1000.0
NR,216,19.0723,47.4851,1000,0,1000.0
NR,216,19.0541,47.4744,1000,0,1000.0
NR,216,19.051,47.4738,1000,0,1000.0
NR,216,19.0485,47.4748,1000,0,1000.0
NR,216,19.0516,47.4768,1000,0,1000.0
NR,216,19.0538,47.4792,1000,0,1000.0
NR,216,19.0505,47.526,936,0,936.0
NR,216,19.0477,47.5212,1000,0,1000.0
NR,216,19.0524,47.5305,1000,0,1000.0
NR,216,19.0539,47.5364,1000,0,1000.0
LTE,216,19.0461,47.5366,1000,0,1000.0
LTE,216,19.0393,47.5322,1000,0,1000.0
LTE,216,19.0398,47.5322,1000,0,1000.0
LTE,216,19.0383,47.5316,1000,0,1000.0
LTE,216,19.038,47.5301,1000,0,1000.0
LTE,216,18.9464,47.3768,2483,0,1000.0
LTE,216,18.9349,47.3701,1000,0,1000.0
LTE,216,18.9666,47.3872,1000,0,1000.0
LTE,216,18.9702,47.3889,1000,0,1000.0
LTE,216,18.9518,47.4178,1000,0,1000.0
LTE,216,18.9081,47.4217,1000,0,1000.0
LTE,216,18.8813,47.4538,1002,0,1000.0
LTE,216,18.8586,47.4718,1000,0,1000.0
LTE,216,19.1682,47.6317,1000,0,1000.0
LTE,216,19.156,47.6047,952,0,952.0
LTE,216,19.1508,47.6007,1000,0,1000.0
LTE,216,19.1399,47.592,1000,0,1000.0
LTE,216,19.1335,47.5968,1000,0,1000.0
LTE,216,19.1414,47.5897,1000,0,1000.0
LTE,216,19.145,47.5853,1000,0,1000.0
LTE,216,19.2366,47.5331,1000,0,1000.0
LTE,216,19.2586,47.5185,1000,0,1000.0
LTE,216,19.3113,47.4891,1000,0,1000.0
LTE,216,19.3222,47.4788,1000,0,1000.0
LTE,216,19.0239,47.3811,1093,0,1000.0
LTE,216,18.9656,47.4083,1363,0,1000.0
LTE,216,18.9158,47.3623,1000,0,1000.0
LTE,216,18.972,47.4027,1000,0,1000.0
LTE,216,19.2631,47.5135,1000,0,1000.0
LTE,216,19.3,47.5064,1031,0,1000.0
LTE,216,19.2389,47.3687,1603,0,1000.0
LTE,216,18.95,47.4171,3084,0,300.0
LTE,216,18.9789,47.5308,1000,0,1000.0
LTE,216,18.9931,47.5489,2048,0,1000.0
LTE,216,18.9768,47.5356,1000,0,1000.0
LTE,216,18.9665,47.5453,1854,0,1000.0
LTE,216,18.9636,47.5443,1000,0,1000.0
LTE,216,18.9534,47.542,1000,0,1000.0
LTE,216,18.9543,47.5396,1000,0,1000.0
LTE,216,18.9468,47.5379,1000,0,1000.0
LTE,216,18.9633,47.5288,1000,0,1000.0
LTE,216,18.9605,47.5219,1000,0,1000.0
NR,216,18.9741,47.5187,4982,0,150.0
NR,216,18.9586,47.5199,1000,0,1000.0
NR,216,18.96,47.5196,1000,0,1000.0
NR,216,18.9593,47.5153,1000,0,1000.0
NR,216,18.9592,47.5177,1000,0,1000.0
NR,216,18.9599,47.4896,578,0,578.0
NR,216,18.9647,47.4932,1000,0,1000.0
NR,216,18.9646,47.4953,1000,0,1000.0
NR,216,18.9881,47.4976,1000,0,1000.0
NR,216,18.9965,47.5052,1000,0,1000.0
NR,216,19.0009,47.5032,1000,0,1000.0
NR,216,19.0037,47.5032,1000,0,1000.0
NR,216,19.0112,47.4954,1000,0,1000.0
NR,216,19.011,47.4958,1000,0,1000.0
NR,216,19.0148,47.4908,1000,0,1000.0
LTE,216,19.0295,47.5084,1000,0,1000.0
LTE,216,19.0288,47.5071,1000,0,1000.0
LTE,216,19.0312,47.5076,1000,0,1000.0
LTE,216,19.0302,47.5056,1000,0,1000.0
LTE,216,19.0377,47.5041,1000,0,1000.0
LTE,216,19.0491,47.5009,1000,0,1000.0
LTE,216,19.0388,47.4991,1000,0,1000.0
LTE,216,19.0299,47.4961,1000,0,1000.0
LTE,216,19.0362,47.498,1000,0,1000.0
LTE,216,19.029,47.5042,1000,0,1000.0
LTE,216,19.0335,47.5006,1000,0,1000.0
LTE,216,19.033,47.5009,1000,0,1000.0
LTE,216,19.0458,47.5064,1000,0,1000.0
LTE,216,19.0382,47.5078,1000,0,1000.0
LTE,216,19.0346,47.5078,1000,0,1000.0
LTE,216,19.0225,47.5145,1000,0,1000.0
LTE,216,18.9818,47.3529,1000,0,1000.0
LTE,216,18.9864,47.3588,1000,0,1000.0
LTE,216,18.9938,47.3668,1000,0,1000.0
LTE,216,18.9987,47.3708,1000,0,1000.0
LTE,216,19.0052,47.3761,1000,0,1000.0
LTE,216,19.0259,47.3821,1000,0,1000.0
LTE,216,19.0261,47.3823,1000,0,1000.0
LTE,216,19.0252,47.3864,1000,0,1000.0
LTE,216,19.0569,47.4001,1000,0,1000.0
LTE,216,19.0585,47.4028,1000,0,1000.0
LTE,216,18.9931,47.361,1826,0,1000.0
LTE,216,18.9858,47.3504,1000,0,1000.0
LTE,216,18.9823,47.3528,1000,0,1000.0
LTE,216,18.9837,47.3556,1000,0,1000.0
LTE,216,18.9851,47.3572,1000,0,1000.0
LTE,216,18.9888,47.3618,1000,0,1000.0
LTE,216,18.9882,47.3611,1000,0,1000.0
LTE,216,18.9918,47.3651,1000,0,1000.0
LTE,216,18.9926,47.3659,1000,0,1000.0
LTE,216,18.9946,47.3675,1000,0,1000.0
LTE,216,18.997,47.3695,1000,0,1000.0
LTE,216,19.0484,47.4659,894,0,894.0
LTE,216,19.049,47.4683,1000,0,1000.0
LTE,216,19.0472,47.4675,1000,0,1000.0
LTE,216,19.0444,47.4671,1000,0,1000.0
LTE,216,19.0377,47.468,1000,0,1000.0
LTE,216,19.0339,47.4677,1000,0,1000.0
LTE,216,19.0305,47.4663,1000,0,1000.0
LTE,216,19.0289,47.4655,1000,0,1000.0
LTE,216,19.0224,47.465,1000,0,1000.0
LTE,216,19.0099,47.4614,1000,0,1000.0
LTE,216,19.0083,47.4613,1000,0,1000.0
LTE,216,18.9943,47.4559,1000,0,1000.0
LTE,216,18.9965,47.4577,1026,0,1000.0
LTE,216,18.9868,47.4484,1000,0,1000.0
LTE,216,18.979,47.4404,814,0,814.0
LTE,216,18.9713,47.4397,1000,0,1000.0
LTE,216,18.943,47.444,700,0,700.0
LTE,216,18.9474,47.443,701,0,701.0
LTE,216,18.91,47.4502,1000,0,1000.0
LTE,216,18.9099,47.4442,1000,0,1000.0
LTE,216,18.9043,47.4441,1000,0,1000.0
LTE,216,18.893,47.4513,2533,0,1000.0
LTE,216,19.042,47.4904,1000,0,1000.0
LTE,216,19.0645,47.4952,1000,0,1000.0
LTE,216,19.0687,47.4945,1000,0,1000.0
LTE,216,19.0672,47.4962,1000,0,1000.0
LTE,216,19.0725,47.4978,1000,0,1000.0
LTE,216,19.0735,47.498,1000,0,1000.0
LTE,216,19.0774,47.4991,1000,0,1000.0
LTE,216,19.0909,47.4995,1000,0,1000.0
LTE,216,19.0836,47.4987,1801,0,1000.0
LTE,216,19.0994,47.4996,1000,0,1000.0
LTE,216,19.0957,47.4996,1000,0,1000.0
LTE,216,19.1015,47.5032,1000,0,1000.0
LTE,216,19.1189,47.5092,1000,0,1000.0
LTE,216,19.1197,47.509,1000,0,1000.0
LTE,216,19.1273,47.5148,1000,0,1000.0
LTE,216,19.1233,47.514,1000,0,1000.0
LTE,216,19.1294,47.5163,1000,0,1000.0
LTE,216,19.132,47.5194,603,0,603.0
LTE,216,19.1406,47.5202,1000,0,1000.0
LTE,216,19.1397,47.5182,1000,0,1000.0
GSM,216,19.1395,47.5215,1000,0,1000.0
LTE,216,19.0236,47.6424,1000,0,1000.0
LTE,216,19.023,47.645,1000,0,1000.0
GSM,216,18.9689,47.3879,1000,0,1000.0
GSM,216,19.0069,47.3896,2619,0,1000.0
UMTS,216,19.2675,47.4769,1000,0,1000.0
GSM,216,18.9587,47.3853,1000,0,1000.0
NR,216,19.0243,47.4894,1000,0,1000.0
NR,216,19.0254,47.478,1000,0,1000.0
NR,216,19.0194,47.4702,1000,0,1000.0
NR,216,19.0121,47.4645,1000,0,1000.0
NR,216,19.0084,47.4637,1393,0,1000.0
NR,216,18.966,47.4534,811,0,811.0
NR,216,18.916,47.4434,3157,0,150.0
NR,216,18.8875,47.4228,3429,0,150.0
NR,216,18.8933,47.4299,1000,0,1000.0
NR,216,18.8938,47.4308,3616,0,150.0
NR,216,18.9436,47.4518,711,0,711.0
NR,216,18.9753,47.4554,1314,0,1000.0
NR,216,18.9902,47.4548,1000,0,1000.0
NR,216,19.0217,47.4728,1000,0,1000.0
NR,216,19.0244,47.4913,1000,0,1000.0
LTE,216,19.2189,47.5929,1000,0,1000.0
NR,216,19.0633,47.4895,1000,0,1000.0
NR,216,19.0609,47.4902,1000,0,1000.0
NR,216,19.0562,47.4926,1000,0,1000.0
NR,216,19.0585,47.4911,1000,0,1000.0
NR,216,19.0523,47.496,1000,0,1000.0
NR,216,19.0521,47.4962,1000,0,1000.0
NR,216,19.0518,47.4978,1000,0,1000.0
NR,216,19.0482,47.4992,1000,0,1000.0
NR,216,19.0294,47.5132,1000,0,1000.0
NR,216,19.0235,47.5165,500,0,500.0
LTE,216,19.0214,47.5207,1000,0,1000.0
LTE,216,19.0191,47.5221,1000,0,1000.0
LTE,216,19.017,47.5229,1000,0,1000.0
LTE,216,19.0125,47.5158,1000,0,1000.0
LTE,216,19.0133,47.5141,1000,0,1000.0
LTE,216,19.0145,47.5116,1000,0,1000.0
LTE,216,19.005,47.5087,1000,0,1000.0
LTE,216,18.9486,47.53,1000,0,1000.0
LTE,216,18.9474,47.5379,1000,0,1000.0
LTE,216,18.9493,47.5403,1000,0,1000.0
UMTS,216,18.9771,47.5278,1000,0,1000.0
LTE,216,18.9937,47.5199,3984,0,300.0
LTE,216,19.0164,47.5092,1000,0,1000.0
LTE,216,19.2614,47.4303,1000,0,1000.0
LTE,216,19.2589,47.4205,1000,0,1000.0
LTE,216,19.2539,47.4205,4088,0,300.0
LTE,216,19.2375,47.4256,1000,0,1000.0
LTE,216,19.2338,47.43,2158,0,1000.0
LTE,216,19.2097,47.4463,1000,0,1000.0
LTE,216,19.2026,47.4497,1199,0,1000.0
LTE,216,19.1591,47.4615,1000,0,1000.0
LTE,216,19.1532,47.4624,1000,0,1000.0
LTE,216,19.1552,47.4622,853,0,853.0
LTE,216,19.143,47.4644,9603,0,300.0
LTE,216,19.1328,47.4661,1000,0,1000.0
LTE,216,19.127,47.466,1000,0,1000.0
LTE,216,19.125,47.4665,1000,0,1000.0
LTE,216,19.1189,47.4683,1000,0,1000.0
LTE,216,19.1141,47.4701,1000,0,1000.0
LTE,216,19.1157,47.4696,1000,0,1000.0
LTE,216,19.1096,47.4727,1000,0,1000.0
LTE,216,19.0896,47.4789,1000,0,1000.0
LTE,216,19.0601,47.494,1000,0,1000.0
LTE,216,19.0541,47.4968,816,0,816.0
LTE,216,19.0603,47.492,1000,0,1000.0
LTE,216,19.0604,47.492,1000,0,1000.0
LTE,216,19.0605,47.4918,1000,0,1000.0
LTE,216,19.049,47.4992,1000,0,1000.0
LTE,216,19.0464,47.506,1000,0,1000.0
LTE,216,19.0453,47.5054,1000,0,1000.0
LTE,216,19.0551,47.4858,500,0,500.0
LTE,216,19.0557,47.4878,1000,0,1000.0
LTE,216,19.0576,47.4875,1000,0,1000.0
LTE,216,19.0589,47.4888,1000,0,1000.0
LTE,216,19.0592,47.4914,1000,0,1000.0
LTE,216,19.0603,47.4919,1000,0,1000.0
LTE,216,19.0605,47.4929,1000,0,1000.0
LTE,216,19.0646,47.4924,500,0,500.0
LTE,216,19.0653,47.493,1000,0,1000.0
LTE,216,19.0666,47.4929,1000,0,1000.0
LTE,216,19.0698,47.4934,1000,0,1000.0
LTE,216,19.0698,47.4938,1000,0,1000.0
LTE,216,19.0699,47.494,1000,0,1000.0
LTE,216,19.0658,47.4927,1000,0,1000.0
LTE,216,19.0361,47.5013,1000,0,1000.0
LTE,216,19.0353,47.5,1000,0,1000.0
LTE,216,19.0341,47.5017,1000,0,1000.0
LTE,216,19.0564,47.4932,1000,0,1000.0
LTE,216,19.0587,47.4939,1000,0,1000.0
GSM,216,19.0587,47.4939,1000,0,1000.0
LTE,216,19.0589,47.494,1000,0,1000.0
LTE,216,19.0588,47.4938,1000,0,1000.0
LTE,216,19.0669,47.4929,1000,0,1000.0
LTE,216,19.0595,47.4935,1000,0,1000.0
LTE,216,19.0582,47.5114,1000,0,1000.0
LTE,216,19.0735,47.5192,1446,0,1000.0
LTE,216,19.0703,47.5174,1134,0,1000.0
LTE,216,19.0926,47.5325,3493,0,300.0
LTE,216,19.0579,47.5114,1000,0,1000.0
LTE,216,19.0608,47.506,1000,0,1000.0
LTE,216,19.063,47.5039,1000,0,1000.0
LTE,216,19.0642,47.503,1000,0,1000.0
LTE,216,19.0657,47.5016,1000,0,1000.0
LTE,216,19.0639,47.5005,1000,0,1000.0
LTE,216,19.063,47.5001,1000,0,1000.0
LTE,216,19.0599,47.4971,1000,0,1000.0
LTE,216,19.0605,47.4974,1000,0,1000.0
LTE,216,19.0696,47.4937,1000,0,1000.0
LTE,216,19.0587,47.4903,1000,0,1000.0
LTE,216,19.0338,47.508,5834,0,300.0
LTE,216,19.0521,47.485,1000,0,1000.0
LTE,216,19.0502,47.4852,1000,0,1000.0
LTE,216,19.0513,47.4797,1000,0,1000.0
LTE,216,19.0486,47.4765,1121,0,1000.0
LTE,216,19.0497,47.4853,1000,0,1000.0
LTE,216,19.0496,47.4854,1000,0,1000.0
LTE,216,19.0506,47.4852,1000,0,1000.0
LTE,216,19.0545,47.4803,1248,0,1000.0
LTE,216,19.0493,47.4722,1453,0,1000.0
LTE,216,19.0501,47.4852,1000,0,1000.0
LTE,216,19.0532,47.4977,1000,0,1000.0
LTE,216,19.0596,47.5022,1392,0,1000.0
LTE,216,19.0628,47.5045,1042,0,1000.0
LTE,216,19.0675,47.5077,1546,0,1000.0
LTE,216,19.0786,47.5143,500,0,500.0
LTE,216,19.0768,47.5151,1000,0,1000.0
LTE,216,19.0831,47.511,514,0,514.0
LTE,216,19.0756,47.5162,1000,0,1000.0
LTE,216,19.0788,47.5154,1000,0,1000.0
LTE,216,19.0804,47.513,1000,0,1000.0
LTE,216,19.0813,47.5163,1000,0,1000.0
LTE,216,19.0826,47.5148,1000,0,1000.0
LTE,216,19.0834,47.5144,1000,0,1000.0
LTE,216,19.083,47.5149,1000,0,1000.0
LTE,216,19.0814,47.513,1000,0,1000.0
LTE,216,19.0797,47.5135,1000,0,1000.0
LTE,216,19.0807,47.5135,1000,0,1000.0
LTE,216,19.0882,47.5116,1000,0,1000.0
LTE,216,19.0835,47.509,1000,0,1000.0
LTE,216,19.0797,47.5122,1000,0,1000.0
LTE,216,19.0798,47.5123,1000,0,1000.0
LTE,216,19.0788,47.5128,1000,0,1000.0
LTE,216,19.0784,47.5141,1000,0,1000.0
LTE,216,19.0767,47.5128,1000,0,1000.0
LTE,216,19.0634,47.5148,1027,0,1000.0
LTE,216,19.0737,47.5119,1000,0,1000.0
LTE,216,19.0724,47.5112,1000,0,1000.0
LTE,216,19.0547,47.4952,1000,0,1000.0
LTE,216,19.0561,47.4941,1000,0,1000.0
LTE,216,19.0579,47.493,1000,0,1000.0
LTE,216,19.047,47.5062,1000,0,1000.0
LTE,216,19.0472,47.506,1000,0,1000.0
LTE,216,19.0481,47.5055,1000,0,1000.0
LTE,216,19.0449,47.4999,1000,0,1000.0
LTE,216,19.0488,47.5044,1000,0,1000.0
LTE,216,19.049,47.5043,1000,0,1000.0
LTE,216,19.0486,47.5039,1000,0,1000.0
LTE,216,19.0484,47.5032,1000,0,1000.0
LTE,216,19.0484,47.5034,1000,0,1000.0
LTE,216,19.0491,47.502,1000,0,1000.0
LTE,216,19.0495,47.501,1000,0,1000.0
LTE,216,19.0501,47.5006,1000,0,1000.0
LTE,216,19.0519,47.5009,1000,0,1000.0
LTE,216,19.0548,47.4906,1000,0,1000.0
LTE,216,19.0547,47.4906,1000,0,1000.0
LTE,216,19.0577,47.4898,1000,0,1000.0
LTE,216,19.0656,47.4899,1000,0,1000.0
LTE,216,19.0676,47.4903,1000,0,1000.0
LTE,216,19.0705,47.4961,1000,0,1000.0
LTE,216,19.0586,47.4947,1000,0,1000.0
LTE,216,19.0573,47.4955,1000,0,1000.0
LTE,216,19.0528,47.4947,1000,0,1000.0
LTE,216,19.0504,47.498,1000,0,1000.0
LTE,216,19.0501,47.5002,1000,0,1000.0
LTE,216,19.0508,47.503,1000,0,1000.0
LTE,216,19.0506,47.5031,1000,0,1000.0
LTE,216,19.0509,47.5031,1000,0,1000.0
LTE,216,19.0631,47.4921,1000,0,1000.0
LTE,216,19.0695,47.494,1000,0,1000.0
LTE,216,19.068,47.4905,1000,0,1000.0
LTE,216,19.0672,47.4902,1000,0,1000.0
LTE,216,19.0662,47.4897,1000,0,1000.0
LTE,216,19.0665,47.4898,1000,0,1000.0
LTE,216,19.0705,47.494,1165,0,1000.0
LTE,216,19.0894,47.479,1000,0,1000.0
LTE,216,19.1116,47.4709,1000,0,1000.0
LTE,216,19.1238,47.4664,1000,0,1000.0
LTE,216,19.1367,47.4653,1000,0,1000.0
LTE,216,19.1509,47.4634,778,0,778.0
LTE,216,19.239,47.4242,1000,0,1000.0
LTE,216,19.2648,47.434,1000,0,1000.0
LTE,216,19.0795,47.4766,1000,0,1000.0
LTE,216,19.0787,47.4766,1000,0,1000.0
NR,216,19.0778,47.4863,1000,0,1000.0
NR,216,19.0835,47.4772,1000,0,1000.0
NR,216,19.0781,47.4763,1000,0,1000.0
NR,216,19.0743,47.4758,1000,0,1000.0
NR,216,19.0719,47.4686,1000,0,1000.0
GSM,216,19.0694,47.4629,1000,0,1000.0
GSM,216,19.0691,47.4625,1000,0,1000.0
GSM,216,19.07,47.4634,1000,0,1000.0
GSM,216,19.0698,47.4632,1000,0,1000.0
LTE,216,19.0702,47.4631,1000,0,1000.0
LTE,216,19.0698,47.463,1000,0,1000.0
LTE,216,19.0709,47.4631,1000,0,1000.0
LTE,216,19.0705,47.4639,1000,0,1000.0
LTE,216,19.0702,47.4633,1000,0,1000.0
LTE,216,19.0695,47.4632,1000,0,1000.0
LTE,216,19.0689,47.463,1000,0,1000.0
LTE,216,19.07,47.4649,1000,0,1000.0
LTE,216,19.0692,47.4622,1000,0,1000.0
LTE,216,19.0706,47.4626,1000,0,1000.0
LTE,216,19.0705,47.4638,1000,0,1000.0
LTE,216,19.069,47.4635,1000,0,1000.0
LTE,216,19.0691,47.4624,1000,0,1000.0
LTE,216,19.0691,47.4638,1000,0,1000.0
LTE,216,19.0797,47.4881,1000,0,1000.0
GSM,216,19.0801,47.4879,1000,0,1000.0
LTE,216,19.0009,47.5153,2713,0,1000.0
LTE,216,19.0834,47.4762,1000,0,1000.0
LTE,216,19.0784,47.4864,1000,0,1000.0
LTE,216,19.0772,47.4843,1000,0,1000.0
LTE,216,19.0769,47.4838,1000,0,1000.0
LTE,216,19.0735,47.4847,1000,0,1000.0
GSM,216,19.0502,47.4874,1000,0,1000.0
LTE,216,19.0123,47.5078,1000,0,1000.0
LTE,216,19.0459,47.5281,2299,0,1000.0
GSM,216,19.0246,47.5296,500,0,500.0
LTE,216,19.0267,47.531,1000,0,1000.0
LTE,216,19.0278,47.5462,2406,0,1000.0
LTE,216,19.019,47.5557,1000,0,1000.0
GSM,216,18.938,47.5284,1388,0,1000.0
GSM,216,18.9448,47.5244,1000,0,1000.0
GSM,216,18.957,47.5284,1000,0,1000.0
LTE,216,18.9756,47.5268,1000,0,1000.0
GSM,216,18.9731,47.4002,1000,0,1000.0
LTE,216,19.02,47.465,1000,0,1000.0
GSM,216,19.059,47.5783,639,0,639.0
GSM,216,19.0622,47.5774,560,0,560.0
LTE,216,19.0648,47.584,1000,0,1000.0
GSM,216,19.0576,47.5956,1000,0,1000.0
GSM,216,19.0513,47.59,1000,0,1000.0
GSM,216,19.0564,47.5994,500,0,500.0
GSM,216,19.0595,47.6034,1000,0,1000.0
GSM,216,19.0645,47.5821,1000,0,1000.0
LTE,216,19.0546,47.5761,1000,0,1000.0
LTE,216,19.0456,47.5583,1000,0,1000.0
LTE,216,19.045,47.5577,1000,0,1000.0
LTE,216,19.0442,47.5544,1082,0,1000.0
LTE,216,19.0445,47.5581,1000,0,1000.0
GSM,216,19.2797,47.3834,1000,0,1000.0
GSM,216,19.0451,47.5174,1000,0,1000.0
GSM,216,19.0667,47.5313,780,0,780.0
LTE,216,19.0517,47.5369,1000,0,1000.0
LTE,216,19.0505,47.5326,1000,0,1000.0
LTE,216,19.0417,47.5502,1000,0,1000.0
LTE,216,19.0393,47.5461,1000,0,1000.0
LTE,216,19.0449,47.5586,1000,0,1000.0
NR,216,19.1024,47.5038,1000,0,1000.0
LTE,216,19.0453,47.5631,1000,0,1000.0
LTE,216,19.0859,47.553,1000,0,1000.0
LTE,216,19.0906,47.5489,1000,0,1000.0
LTE,216,19.0915,47.5481,1000,0,1000.0
LTE,216,19.0949,47.5455,1000,0,1000.0
LTE,216,19.0944,47.5461,1000,0,1000.0
LTE,216,19.1007,47.5536,1317,0,1000.0
LTE,216,19.0982,47.5421,1000,0,1000.0
LTE,216,19.0937,47.5401,1000,0,1000.0
LTE,216,19.0915,47.5398,1000,0,1000.0
LTE,216,19.0901,47.5387,1000,0,1000.0
LTE,216,19.0872,47.5381,1000,0,1000.0
LTE,216,19.0869,47.5383,1000,0,1000.0
GSM,216,19.0823,47.5342,1000,0,1000.0
LTE,216,19.0818,47.533,1000,0,1000.0
LTE,216,19.0705,47.5302,1000,0,1000.0
LTE,216,19.0698,47.5305,1000,0,1000.0
LTE,216,19.0693,47.531,1000,0,1000.0
LTE,216,19.0549,47.5374,4661,0,300.0
LTE,216,19.0407,47.5411,1000,0,1000.0
LTE,216,19.0454,47.5591,1000,0,1000.0
LTE,216,19.0023,47.5141,1000,0,1000.0
LTE,216,19.0242,47.504,1000,0,1000.0
LTE,216,19.0239,47.5024,1000,0,1000.0
LTE,216,19.0239,47.5014,1000,0,1000.0
LTE,216,19.0243,47.5004,1000,0,1000.0
LTE,216,18.9863,47.4586,1000,0,1000.0
LTE,216,18.9419,47.4525,1000,0,1000.0
LTE,216,18.976,47.4412,1000,0,1000.0
LTE,216,18.9658,47.4453,1000,0,1000.0
LTE,216,18.9678,47.4469,1000,0,1000.0
LTE,216,18.9719,47.4468,1000,0,1000.0
LTE,216,18.9762,47.4472,1000,0,1000.0
LTE,216,18.9843,47.4466,1000,0,1000.0
NR,216,18.9929,47.4547,1000,0,1000.0
NR,216,19.001,47.4611,1000,0,1000.0
NR,216,19.026,47.4843,1000,0,1000.0
NR,216,19.0217,47.5049,1000,0,1000.0
NR,216,18.9641,47.4508,1000,0,1000.0
NR,216,18.9643,47.4515,1000,0,1000.0
NR,216,18.9651,47.4523,1000,0,1000.0
NR,216,18.9745,47.4553,1431,0,1000.0
NR,216,18.8762,47.4086,2363,0,1000.0
NR,216,18.8686,47.4004,1000,0,1000.0
LTE,216,18.9649,47.4515,1000,0,1000.0
LTE,216,18.9892,47.4581,1951,0,1000.0
LTE,216,19.004,47.4615,1000,0,1000.0
GSM,216,19.0243,47.4915,1000,0,1000.0
LTE,216,18.9011,47.6134,1000,0,1000.0
LTE,216,18.908,47.6116,1000,0,1000.0
LTE,216,18.9019,47.6138,1000,0,1000.0
LTE,216,18.9039,47.6132,1000,0,1000.0
LTE,216,18.9192,47.6055,1000,0,1000.0
LTE,216,18.9382,47.599,1000,0,1000.0
LTE,216,18.9526,47.5958,765,0,765.0
LTE,216,18.9648,47.595,1000,0,1000.0
LTE,216,18.9721,47.5951,1000,0,1000.0
LTE,216,18.9875,47.5871,1167,0,1000.0
LTE,216,18.9832,47.5895,807,0,807.0
LTE,216,18.997,47.5824,1000,0,1000.0
LTE,216,18.9988,47.5815,1000,0,1000.0
LTE,216,19.002,47.5805,1000,0,1000.0
LTE,216,19.0112,47.5767,632,0,632.0
LTE,216,19.0212,47.5723,1000,0,1000.0
LTE,216,19.0197,47.5728,1000,0,1000.0
LTE,216,19.0244,47.5714,1000,0,1000.0
LTE,216,19.0278,47.5705,1000,0,1000.0
LTE,216,19.0375,47.5677,1000,0,1000.0
LTE,216,19.0451,47.5345,1000,0,1000.0
LTE,216,19.0373,47.5277,1000,0,1000.0
LTE,216,19.0242,47.5067,1000,0,1000.0
LTE,216,19.0192,47.4977,1000,0,1000.0
LTE,216,19.109,47.4951,1000,0,1000.0
LTE,216,19.109,47.4933,1000,0,1000.0
LTE,216,19.1091,47.4941,1000,0,1000.0
LTE,216,19.109,47.4921,1000,0,1000.0
LTE,216,19.1089,47.4915,1000,0,1000.0
LTE,216,19.108,47.4878,1000,0,1000.0
LTE,216,19.107,47.4856,1000,0,1000.0
LTE,216,19.1028,47.4809,1000,0,1000.0
LTE,216,19.0919,47.4712,1000,0,1000.0
LTE,216,19.0869,47.4702,500,0,500.0
LTE,216,19.0859,47.4701,500,0,500.0
LTE,216,19.0836,47.4695,1000,0,1000.0
LTE,216,19.079,47.4739,1000,0,1000.0
LTE,216,19.0778,47.4735,1000,0,1000.0
LTE,216,19.0773,47.4742,1000,0,1000.0
LTE,216,19.0727,47.4692,1000,0,1000.0
LTE,216,19.0784,47.4723,1000,0,1000.0
LTE,216,19.0793,47.4715,1000,0,1000.0
LTE,216,19.0814,47.4693,1000,0,1000.0
LTE,216,19.084,47.4696,1000,0,1000.0
LTE,216,19.0825,47.4693,1000,0,1000.0
LTE,216,19.0894,47.4704,1000,0,1000.0
LTE,216,19.0936,47.4717,1000,0,1000.0
LTE,216,19.1063,47.4853,1000,0,1000.0
LTE,216,19.1083,47.4878,1000,0,1000.0
LTE,216,19.1089,47.4975,1000,0,1000.0
LTE,216,19.109,47.4969,1000,0,1000.0
LTE,216,19.1083,47.5004,1000,0,1000.0
LTE,216,19.1079,47.5015,1000,0,1000.0
LTE,216,19.0981,47.5134,1000,0,1000.0
LTE,216,19.0827,47.5236,1000,0,1000.0
LTE,216,19.0665,47.5329,1000,0,1000.0
LTE,216,19.0406,47.5387,1000,0,1000.0
GSM,216,19.0308,47.3794,1000,0,1000.0
NR,216,19.0193,47.5558,1000,0,1000.0
LTE,216,19.0163,47.5091,1000,0,1000.0
LTE,216,19.0886,47.5835,1000,0,1000.0
GSM,216,19.0929,47.5853,1000,0,1000.0
LTE,216,19.0893,47.5846,1000,0,1000.0
LTE,216,19.0898,47.5845,1000,0,1000.0
GSM,216,19.0922,47.5845,1000,0,1000.0
GSM,216,19.0947,47.5861,1000,0,1000.0
GSM,216,19.0984,47.589,1000,0,1000.0
GSM,216,19.1056,47.5937,1000,0,1000.0
GSM,216,19.107,47.5959,1000,0,1000.0
GSM,216,19.1122,47.5992,1000,0,1000.0
GSM,216,19.1149,47.6019,1000,0,1000.0
GSM,216,19.1456,47.608,2480,0,1000.0
LTE,216,19.0557,47.5371,1000,0,1000.0
LTE,216,19.0685,47.5314,1000,0,1000.0
LTE,216,19.07,47.5304,1000,0,1000.0
LTE,216,19.0888,47.5298,1000,0,1000.0
LTE,216,19.0877,47.5288,1000,0,1000.0
LTE,216,19.0906,47.5339,1000,0,1000.0
LTE,216,19.0912,47.5352,1000,0,1000.0
NR,216,19.0908,47.5343,1000,0,1000.0
LTE,216,19.0723,47.5399,1291,0,1000.0
LTE,216,19.0921,47.5521,1000,0,1000.0
LTE,216,19.0906,47.5546,1000,0,1000.0
LTE,216,19.0857,47.5565,1000,0,1000.0
NR,216,19.0829,47.574,1000,0,1000.0
NR,216,19.0893,47.5832,1000,0,1000.0
LTE,216,19.0901,47.5836,1000,0,1000.0
LTE,216,19.1124,47.5994,1000,0,1000.0
NR,216,19.0543,47.5967,1000,0,1000.0
LTE,216,19.0504,47.5871,1000,0,1000.0
NR,216,19.0444,47.5529,1000,0,1000.0
LTE,216,19.1205,47.4677,1000,0,1000.0
LTE,216,19.1136,47.4701,1000,0,1000.0
LTE,216,19.1093,47.4717,1000,0,1000.0
LTE,216,19.1091,47.4718,1000,0,1000.0
LTE,216,19.0904,47.4787,1000,0,1000.0
LTE,216,19.0905,47.4788,1000,0,1000.0
GSM,216,19.0639,47.5339,793,0,793.0
LTE,216,19.0724,47.5289,1000,0,1000.0
LTE,216,19.078,47.5255,1000,0,1000.0
LTE,216,19.0413,47.5484,1000,0,1000.0
LTE,216,18.9697,47.5593,1000,0,1000.0
LTE,216,18.9664,47.5645,1000,0,1000.0
LTE,216,18.9756,47.5629,1000,0,1000.0
LTE,216,18.968,47.5647,1000,0,1000.0
LTE,216,18.9726,47.5649,1000,0,1000.0
LTE,216,18.9717,47.5651,1000,0,1000.0
LTE,216,18.9714,47.5653,1000,0,1000.0
LTE,216,18.9672,47.5631,1000,0,1000.0
LTE,216,18.9862,47.5568,1447,0,1000.0
GSM,216,18.9755,47.5629,1000,0,1000.0
GSM,216,18.9748,47.5632,1000,0,1000.0
GSM,216,18.9708,47.5643,1000,0,1000.0
LTE,216,18.9749,47.5622,1000,0,1000.0
LTE,216,18.9639,47.5623,1000,0,1000.0
LTE,216,18.9717,47.5644,1000,0,1000.0
LTE,216,18.9756,47.5635,1000,0,1000.0
LTE,216,18.9763,47.5631,1000,0,1000.0
LTE,216,18.9593,47.5576,1263,0,1000.0
LTE,216,18.9631,47.5584,1276,0,1000.0
LTE,216,18.9772,47.5627,1000,0,1000.0
LTE,216,18.9628,47.5638,1000,0,1000.0
LTE,216,18.9608,47.5515,1000,0,1000.0
LTE,216,18.9588,47.553,1000,0,1000.0
LTE,216,18.9633,47.5491,500,0,500.0
LTE,216,18.9658,47.5483,1000,0,1000.0
LTE,216,18.9661,47.5484,1000,0,1000.0
GSM,216,18.9649,47.5491,1000,0,1000.0
GSM,216,18.9651,47.5491,1000,0,1000.0
GSM,216,18.9664,47.5486,1000,0,1000.0
LTE,216,18.9687,47.5475,1000,0,1000.0
LTE,216,18.9689,47.5476,1000,0,1000.0
LTE,216,18.9688,47.5476,1000,0,1000.0
LTE,216,18.9681,47.5478,1000,0,1000.0
LTE,216,18.9689,47.5477,1000,0,1000.0
LTE,216,18.9699,47.5364,1000,0,1000.0
LTE,216,19.007,47.5112,1000,0,1000.0
LTE,216,19.0223,47.5074,1000,0,1000.0
LTE,216,19.0142,47.5083,1000,0,1000.0
LTE,216,19.3138,47.6125,1069,0,1000.0
LTE,216,19.2943,47.6067,1000,0,1000.0
LTE,216,19.2369,47.5933,1000,0,1000.0
LTE,216,19.1117,47.6049,1000,0,1000.0
LTE,216,19.1132,47.6052,1000,0,1000.0
LTE,216,19.1214,47.6176,1000,0,1000.0
LTE,216,19.1228,47.6209,1000,0,1000.0
LTE,216,19.1237,47.6189,1000,0,1000.0
GSM,216,19.1235,47.619,1000,0,1000.0
LTE,216,19.1235,47.619,1000,0,1000.0
LTE,216,19.1339,47.5988,1000,0,1000.0
LTE,216,19.1369,47.5954,1000,0,1000.0
LTE,216,19.0648,47.5041,1000,0,1000.0
LTE,216,19.0677,47.5014,1000,0,1000.0
LTE,216,19.0694,47.4997,1000,0,1000.0
LTE,216,19.0683,47.4782,1000,0,1000.0
LTE,216,19.0794,47.4691,1000,0,1000.0
LTE,216,19.0092,47.5257,1000,0,1000.0
LTE,216,19.0131,47.5227,1000,0,1000.0
LTE,216,19.0136,47.5191,1000,0,1000.0
LTE,216,19.0154,47.5153,1000,0,1000.0
LTE,216,19.0145,47.5154,1000,0,1000.0
LTE,216,19.014,47.516,1000,0,1000.0
LTE,216,19.0306,47.4808,1000,0,1000.0
LTE,216,19.0315,47.4787,1000,0,1000.0
LTE,216,19.032,47.4778,1000,0,1000.0
LTE,216,19.0326,47.4765,1000,0,1000.0
LTE,216,19.0336,47.4741,1000,0,1000.0
LTE,216,19.0335,47.4697,1000,0,1000.0
LTE,216,19.034,47.4675,1000,0,1000.0
LTE,216,19.0338,47.4651,1000,0,1000.0
LTE,216,19.0338,47.4652,1000,0,1000.0
LTE,216,19.0339,47.4636,1000,0,1000.0
LTE,216,19.0358,47.4633,1000,0,1000.0
LTE,216,19.0401,47.4627,1000,0,1000.0
LTE,216,19.0452,47.462,1000,0,1000.0
LTE,216,19.0476,47.4596,1000,0,1000.0
LTE,216,19.0462,47.4555,1000,0,1000.0
LTE,216,19.0451,47.4519,1000,0,1000.0
LTE,216,19.0447,47.4489,1000,0,1000.0
LTE,216,19.0456,47.4465,1000,0,1000.0
LTE,216,19.0455,47.4453,1000,0,1000.0
NR,216,19.0448,47.4408,1000,0,1000.0
NR,216,19.0384,47.4155,1572,0,1000.0
NR,216,19.0416,47.4333,1000,0,1000.0
NR,216,19.0179,47.4032,1000,0,1000.0
NR,216,19.0488,47.3797,1124,0,1000.0
NR,216,19.0876,47.373,1000,0,1000.0
NR,216,19.0961,47.3701,1000,0,1000.0
NR,216,19.1326,47.3657,1746,0,1000.0
NR,216,19.1474,47.366,1000,0,1000.0
NR,216,19.171,47.3647,1428,0,1000.0
NR,216,19.2477,47.3717,1444,0,1000.0
NR,216,19.3408,47.4156,6662,0,150.0
NR,216,19.337,47.4609,1000,0,1000.0
GSM,216,19.1001,47.5305,1000,0,1000.0
LTE,216,19.0496,47.5316,1000,0,1000.0
LTE,216,19.0494,47.5314,1000,0,1000.0
LTE,216,19.0496,47.5315,1000,0,1000.0
LTE,216,19.0472,47.5274,1000,0,1000.0
LTE,216,19.0487,47.5303,1000,0,1000.0
LTE,216,19.0441,47.5196,1000,0,1000.0
LTE,216,19.0546,47.5017,1000,0,1000.0
LTE,216,19.0809,47.4875,1000,0,1000.0
LTE,216,19.0417,47.5529,1000,0,1000.0
LTE,216,18.99,47.5486,1000,0,1000.0
LTE,216,18.9893,47.5499,1000,0,1000.0
LTE,216,18.9943,47.5523,1000,0,1000.0
LTE,216,18.9898,47.5492,1000,0,1000.0
LTE,216,18.9956,47.5458,1000,0,1000.0
NR,216,18.9979,47.5545,1000,0,1000.0
NR,216,18.9982,47.5546,1000,0,1000.0
NR,216,18.9983,47.5546,1000,0,1000.0
LTE,216,19.0635,47.5328,5467,0,300.0
LTE,216,18.9989,47.5556,1000,0,1000.0
NR,216,18.9989,47.5556,1000,0,1000.0
NR,216,18.9992,47.5555,1000,0,1000.0
GSM,216,18.9929,47.5497,1000,0,1000.0
LTE,216,18.994,47.5528,1000,0,1000.0
LTE,216,18.9779,47.5106,5020,0,300.0
LTE,216,18.9965,47.5538,1000,0,1000.0
LTE,216,18.9971,47.5541,1000,0,1000.0
GSM,216,18.9963,47.5537,1000,0,1000.0
LTE,216,18.997,47.5542,1000,0,1000.0
LTE,216,18.9969,47.5541,1000,0,1000.0
LTE,216,18.9973,47.5542,1000,0,1000.0
LTE,216,18.998,47.5545,1000,0,1000.0
LTE,216,18.9983,47.5546,1000,0,1000.0
LTE,216,18.9979,47.5545,1000,0,1000.0
GSM,216,18.9985,47.555,1000,0,1000.0
GSM,216,18.9989,47.5555,1000,0,1000.0
LTE,216,18.9991,47.5555,1000,0,1000.0
LTE,216,18.999,47.5553,1000,0,1000.0
LTE,216,18.9987,47.5546,1000,0,1000.0
LTE,216,18.9985,47.5546,1000,0,1000.0
LTE,216,18.9975,47.5544,1000,0,1000.0
LTE,216,18.9972,47.5544,1000,0,1000.0
LTE,216,18.9968,47.5541,1000,0,1000.0
LTE,216,18.9971,47.5543,1000,0,1000.0
LTE,216,18.996,47.5536,1000,0,1000.0
LTE,216,18.9913,47.5521,1000,0,1000.0
LTE,216,18.9891,47.5521,1000,0,1000.0
LTE,216,18.9891,47.552,1000,0,1000.0
GSM,216,18.9933,47.5525,1000,0,1000.0
LTE,216,18.9933,47.5448,1000,0,1000.0
LTE,216,19.0019,47.5414,1000,0,1000.0
LTE,216,19.0068,47.5402,1000,0,1000.0
LTE,216,19.0106,47.5392,1000,0,1000.0
LTE,216,19.006,47.5302,3025,0,300.0
LTE,216,19.0165,47.5332,1000,0,1000.0
LTE,216,19.0478,47.5182,2826,0,1000.0
LTE,216,19.0134,47.5302,1000,0,1000.0
LTE,216,19.0258,47.5286,1000,0,1000.0
LTE,216,19.0235,47.5225,1000,0,1000.0
LTE,216,19.0216,47.5191,1000,0,1000.0
LTE,216,19.0258,47.5142,1000,0,1000.0
LTE,216,19.0294,47.5133,1000,0,1000.0
LTE,216,19.0311,47.5117,1000,0,1000.0
LTE,216,19.0328,47.5097,1000,0,1000.0
LTE,216,19.0307,47.5068,1000,0,1000.0
LTE,216,19.0051,47.4498,1000,0,1000.0
LTE,216,19.0072,47.4502,1000,0,1000.0
LTE,216,19.0108,47.4509,1000,0,1000.0
LTE,216,19.0184,47.4528,1000,0,1000.0
LTE,216,19.0205,47.4643,1000,0,1000.0
LTE,216,19.0202,47.4647,1000,0,1000.0
LTE,216,19.0233,47.464,1000,0,1000.0
LTE,216,19.0362,47.4633,1000,0,1000.0
LTE,216,19.0394,47.4628,1000,0,1000.0
LTE,216,19.0396,47.4628,1000,0,1000.0
LTE,216,19.0458,47.462,1000,0,1000.0
LTE,216,19.0446,47.4621,1000,0,1000.0
LTE,216,19.0468,47.4619,1000,0,1000.0
LTE,216,19.0472,47.4588,1000,0,1000.0
LTE,216,19.0547,47.4697,1000,0,1000.0
LTE,216,19.0808,47.4621,1000,0,1000.0
LTE,216,19.0943,47.4376,1000,0,1000.0
LTE,216,19.097,47.4332,1183,0,1000.0
LTE,216,19.1024,47.429,1000,0,1000.0
LTE,216,19.1028,47.428,1000,0,1000.0
LTE,216,19.1054,47.4212,567,0,567.0
LTE,216,19.109,47.4177,549,0,549.0
LTE,216,19.1114,47.4122,1000,0,1000.0
LTE,216,19.1136,47.4026,1000,0,1000.0
LTE,216,19.1157,47.395,1000,0,1000.0
LTE,216,19.1117,47.3879,1000,0,1000.0
LTE,216,19.1138,47.3904,1000,0,1000.0
LTE,216,19.109,47.3846,1000,0,1000.0
LTE,216,19.107,47.3823,1000,0,1000.0
LTE,216,19.105,47.3799,1000,0,1000.0
LTE,216,19.1035,47.3762,1000,0,1000.0
LTE,216,19.1051,47.3739,1000,0,1000.0
LTE,216,19.1053,47.3739,1000,0,1000.0
LTE,216,19.0394,47.5446,1000,0,1000.0
LTE,216,19.0391,47.5432,1000,0,1000.0
UMTS,216,19.2177,47.4391,1000,0,1000.0
UMTS,216,19.2158,47.4427,1000,0,1000.0
NR,216,18.9829,47.5246,1000,0,1000.0
NR,216,18.9907,47.5239,566,0,566.0
NR,216,18.9894,47.5257,1625,0,1000.0
LTE,216,19.0461,47.5484,1000,0,1000.0
LTE,216,19.0409,47.5275,1000,0,1000.0
LTE,216,19.0396,47.5124,1000,0,1000.0
LTE,216,18.9738,47.4587,7748,0,300.0
LTE,216,19.0306,47.4841,1000,0,1000.0
LTE,216,19.0773,47.5304,1000,0,1000.0
LTE,216,19.0751,47.5308,1000,0,1000.0
LTE,216,19.077,47.5582,1000,0,1000.0
LTE,216,19.1342,47.6294,1000,0,1000.0
LTE,216,19.1989,47.5931,1000,0,1000.0
LTE,216,19.204,47.5937,1000,0,1000.0
LTE,216,19.1904,47.5918,1000,0,1000.0
LTE,216,19.151,47.5696,1000,0,1000.0
LTE,216,19.1471,47.5672,1000,0,1000.0
LTE,216,19.0692,47.5092,1000,0,1000.0
LTE,216,18.9799,47.4568,1000,0,1000.0
LTE,216,18.9686,47.4538,1000,0,1000.0
LTE,216,18.9581,47.4524,1000,0,1000.0
GSM,216,18.8842,47.4203,1000,0,1000.0
LTE,216,18.8587,47.3945,1000,0,1000.0
GSM,216,18.9338,47.4519,1000,0,1000.0
GSM,216,18.9556,47.4526,989,0,989.0
GSM,216,18.9469,47.456,1000,0,1000.0
GSM,216,18.9931,47.4595,1326,0,1000.0
GSM,216,19.0031,47.4615,1000,0,1000.0
GSM,216,19.0011,47.461,1000,0,1000.0
GSM,216,19.001,47.4611,1438,0,1000.0
GSM,216,19.0028,47.4612,1000,0,1000.0
GSM,216,19.0046,47.4616,1000,0,1000.0
GSM,216,19.0071,47.4623,1000,0,1000.0
GSM,216,19.0107,47.4633,1000,0,1000.0
LTE,216,19.0545,47.4761,1000,0,1000.0
LTE,216,19.0616,47.4778,1000,0,1000.0
LTE,216,19.078,47.4867,1000,0,1000.0
LTE,216,19.0805,47.4863,1000,0,1000.0
UMTS,216,19.133,47.3665,1000,0,1000.0
UMTS,216,19.0809,47.423,1000,0,1000.0
UMTS,216,19.095,47.4112,1000,0,1000.0
UMTS,216,19.0849,47.4306,1000,0,1000.0
NR,216,19.0305,47.5387,1000,0,1000.0
NR,216,19.0277,47.5479,899,0,899.0
LTE,216,19.027,47.5377,1000,0,1000.0
LTE,216,19.0274,47.5357,1000,0,1000.0
LTE,216,19.0289,47.5323,1000,0,1000.0
LTE,216,19.0295,47.5299,1000,0,1000.0
LTE,216,19.0253,47.5305,1000,0,1000.0
LTE,216,19.021,47.5299,1000,0,1000.0
LTE,216,19.0068,47.5299,1000,0,1000.0
LTE,216,19.0027,47.4941,1000,0,1000.0
LTE,216,19.073,47.5451,1000,0,1000.0
LTE,216,19.0595,47.5362,1000,0,1000.0
LTE,216,19.0057,47.4714,1448,0,1000.0
LTE,216,19.0336,47.4791,1000,0,1000.0
LTE,216,19.0324,47.4774,1000,0,1000.0
LTE,216,19.0123,47.4931,1000,0,1000.0
LTE,216,19.0174,47.4787,1972,0,1000.0
LTE,216,19.0164,47.4847,1000,0,1000.0
LTE,216,19.0341,47.4776,1000,0,1000.0
LTE,216,19.0329,47.4776,1000,0,1000.0
LTE,216,19.0381,47.552,1000,0,1000.0
LTE,216,19.0454,47.5831,1000,0,1000.0
LTE,216,19.0455,47.5868,1000,0,1000.0
LTE,216,19.0532,47.5979,1000,0,1000.0
LTE,216,19.0568,47.5978,1000,0,1000.0
LTE,216,19.0621,47.5972,1000,0,1000.0
LTE,216,19.069,47.5982,1000,0,1000.0
GSM,216,18.8659,47.4003,1912,0,1000.0
GSM,216,18.8739,47.4048,1000,0,1000.0
GSM,216,19.0432,47.4748,1000,0,1000.0
GSM,216,19.0422,47.475,1000,0,1000.0
GSM,216,19.0492,47.4738,1000,0,1000.0
GSM,216,19.052,47.4738,1000,0,1000.0
LTE,216,18.9686,47.5348,1000,0,1000.0
LTE,216,19.0722,47.4873,1000,0,1000.0
LTE,216,19.0739,47.4868,1000,0,1000.0
LTE,216,19.1936,47.457,5304,0,300.0
LTE,216,19.2042,47.4526,6242,0,300.0
LTE,216,19.1309,47.4789,1000,0,1000.0
LTE,216,19.224,47.4528,758,0,758.0
LTE,216,19.2204,47.4536,1000,0,1000.0
LTE,216,19.2537,47.4763,3554,0,300.0
LTE,216,19.2039,47.513,2621,0,1000.0
LTE,216,19.2562,47.5414,4753,0,300.0
LTE,216,19.0526,47.594,1000,0,1000.0
LTE,216,19.0534,47.5956,1000,0,1000.0
LTE,216,19.0738,47.5485,1000,0,1000.0
LTE,216,19.0727,47.5446,1000,0,1000.0
UMTS,216,19.231,47.4247,1000,0,1000.0
NR,216,18.9144,47.458,1000,0,1000.0
NR,216,18.8869,47.4606,844,0,844.0
NR,216,18.8786,47.4626,1000,0,1000.0
NR,216,18.8898,47.4437,1722,0,1000.0
NR,216,18.943,47.452,4423,0,150.0
LTE,216,19.038,47.4619,1000,0,1000.0
LTE,216,19.1858,47.5101,1335,0,1000.0
LTE,216,19.1741,47.5078,620,0,620.0
LTE,216,19.1699,47.5072,1000,0,1000.0
LTE,216,19.1588,47.505,1177,0,1000.0
LTE,216,19.0282,47.483,1058,0,1000.0
LTE,216,19.0119,47.478,1000,0,1000.0
LTE,216,19.0331,47.4788,1000,0,1000.0
LTE,216,19.1724,47.4456,1000,0,1000.0
LTE,216,19.1718,47.4458,1000,0,1000.0
LTE,216,19.1772,47.4437,1000,0,1000.0
LTE,216,19.1781,47.4433,1000,0,1000.0
LTE,216,19.1859,47.4431,1000,0,1000.0
LTE,216,19.184,47.4414,1000,0,1000.0
LTE,216,19.185,47.4414,1000,0,1000.0
LTE,216,19.1893,47.4455,1000,0,1000.0
LTE,216,19.1939,47.4506,1000,0,1000.0
LTE,216,19.1944,47.4513,1000,0,1000.0
LTE,216,19.2326,47.459,1728,0,1000.0
LTE,216,19.2163,47.4554,1000,0,1000.0
LTE,216,19.2425,47.4478,1797,0,1000.0
LTE,216,19.2449,47.4548,1000,0,1000.0
LTE,216,19.2471,47.4637,1000,0,1000.0
LTE,216,19.2494,47.4677,1000,0,1000.0
LTE,216,19.1457,47.5848,1000,0,1000.0
LTE,216,19.1594,47.5724,720,0,720.0
LTE,216,19.1658,47.5589,2460,0,1000.0
LTE,216,19.1714,47.5622,1000,0,1000.0
LTE,216,19.1691,47.5332,2788,0,1000.0
LTE,216,19.2407,47.5332,1412,0,1000.0
LTE,216,19.2736,47.5111,4898,0,300.0
LTE,216,19.2654,47.5131,880,0,880.0
LTE,216,19.2839,47.5093,900,0,900.0
LTE,216,19.2963,47.5122,3198,0,300.0
LTE,216,19.2757,47.5231,2031,0,1000.0
LTE,216,19.2926,47.5264,1000,0,1000.0
LTE,216,19.3117,47.5458,1634,0,1000.0
LTE,216,19.3217,47.5175,1000,0,1000.0
LTE,216,19.3054,47.5457,3154,0,300.0
LTE,216,19.3499,47.5251,1000,0,1000.0
LTE,216,19.3416,47.4717,1237,0,1000.0
LTE,216,19.3419,47.4857,1000,0,1000.0
LTE,216,19.3425,47.4835,1000,0,1000.0
LTE,216,19.3452,47.4572,1215,0,1000.0
LTE,216,19.1736,47.5031,1000,0,1000.0
LTE,216,19.1788,47.5019,1000,0,1000.0
LTE,216,19.1808,47.5031,1000,0,1000.0
LTE,216,19.1892,47.5043,572,0,572.0
LTE,216,19.1887,47.506,1000,0,1000.0
LTE,216,19.1961,47.5052,1000,0,1000.0
LTE,216,19.1992,47.5056,1000,0,1000.0
LTE,216,19.2019,47.506,1000,0,1000.0
LTE,216,19.204,47.5065,1000,0,1000.0
LTE,216,19.2121,47.5044,911,0,911.0
LTE,216,19.2074,47.5079,1000,0,1000.0
LTE,216,19.2094,47.5088,1000,0,1000.0
LTE,216,19.2185,47.5133,1000,0,1000.0
LTE,216,19.2303,47.5203,1472,0,1000.0
LTE,216,19.252,47.5183,779,0,779.0
LTE,216,19.2386,47.5145,1283,0,1000.0
LTE,216,19.2547,47.5181,1000,0,1000.0
LTE,216,19.2644,47.5133,804,0,804.0
LTE,216,19.2677,47.5111,1000,0,1000.0
LTE,216,19.2922,47.5112,878,0,878.0
LTE,216,19.3037,47.5259,1083,0,1000.0
LTE,216,19.3061,47.5369,1000,0,1000.0
LTE,216,19.3132,47.5488,1388,0,1000.0
LTE,216,19.3204,47.5624,612,0,612.0
LTE,216,19.3347,47.5808,2051,0,1000.0
LTE,216,19.3158,47.5869,1242,0,1000.0
LTE,216,19.3203,47.5989,1000,0,1000.0
LTE,216,19.3204,47.6008,1000,0,1000.0
LTE,216,19.346,47.6156,1000,0,1000.0
LTE,216,19.3177,47.5947,1000,0,1000.0
LTE,216,19.312,47.5874,1000,0,1000.0
LTE,216,19.309,47.5857,1000,0,1000.0
LTE,216,19.2935,47.5828,1000,0,1000.0
LTE,216,19.2921,47.5738,937,0,937.0
LTE,216,19.2914,47.5782,1000,0,1000.0
LTE,216,19.2857,47.5646,1770,0,1000.0
LTE,216,19.2905,47.5645,1000,0,1000.0
LTE,216,19.2846,47.5608,1000,0,1000.0
LTE,216,19.2766,47.556,1000,0,1000.0
LTE,216,19.2662,47.5495,1000,0,1000.0
LTE,216,19.2587,47.5449,1000,0,1000.0
LTE,216,19.249,47.5387,1000,0,1000.0
LTE,216,19.2433,47.5353,1000,0,1000.0
LTE,216,19.243,47.5351,1000,0,1000.0
LTE,216,19.2368,47.5312,1000,0,1000.0
LTE,216,19.2322,47.5276,1000,0,1000.0
LTE,216,19.233,47.5288,1000,0,1000.0
LTE,216,19.2363,47.5189,1000,0,1000.0
LTE,216,19.2186,47.5133,1000,0,1000.0
LTE,216,19.199,47.5063,1404,0,1000.0
LTE,216,19.2025,47.5065,1206,0,1000.0
LTE,216,19.2133,47.5106,1000,0,1000.0
LTE,216,19.2017,47.506,1000,0,1000.0
LTE,216,19.1972,47.5054,1000,0,1000.0
LTE,216,19.189,47.5043,1000,0,1000.0
LTE,216,19.1881,47.5072,1000,0,1000.0
LTE,216,19.1816,47.5029,1000,0,1000.0
LTE,216,19.1749,47.5024,1000,0,1000.0
LTE,216,19.1771,47.5012,1000,0,1000.0
LTE,216,19.1737,47.5031,1000,0,1000.0
LTE,216,19.1869,47.5073,1000,0,1000.0
LTE,216,19.1751,47.5038,1000,0,1000.0
LTE,216,19.1724,47.5038,1000,0,1000.0
GSM,216,19.1725,47.504,1000,0,1000.0
LTE,216,19.1782,47.5015,1000,0,1000.0
LTE,216,19.1891,47.5043,1000,0,1000.0
LTE,216,19.1936,47.5047,500,0,500.0
LTE,216,19.199,47.5055,1000,0,1000.0
LTE,216,19.2038,47.5064,1000,0,1000.0
LTE,216,19.209,47.5086,1000,0,1000.0
LTE,216,19.2137,47.5107,1000,0,1000.0
LTE,216,19.2495,47.5192,1000,0,1000.0
LTE,216,19.2773,47.5094,1000,0,1000.0
LTE,216,19.3041,47.5272,963,0,963.0
LTE,216,19.3036,47.5226,1000,0,1000.0
LTE,216,19.3057,47.536,1000,0,1000.0
LTE,216,19.3373,47.5942,1000,0,1000.0
LTE,216,19.3391,47.5947,1000,0,1000.0
UMTS,216,18.9774,47.5279,1000,0,1000.0
LTE,216,19.0798,47.5243,1000,0,1000.0
LTE,216,19.0989,47.5115,1000,0,1000.0
LTE,216,19.0996,47.5116,1000,0,1000.0
LTE,216,19.1063,47.5082,1000,0,1000.0
LTE,216,19.1235,47.4881,1000,0,1000.0
LTE,216,19.1245,47.4864,1000,0,1000.0
LTE,216,19.153,47.4634,1000,0,1000.0
LTE,216,19.1562,47.4626,1000,0,1000.0
LTE,216,19.2159,47.442,1000,0,1000.0
LTE,216,19.2167,47.442,1000,0,1000.0
LTE,216,19.274,47.4651,1032,0,1000.0
LTE,216,19.2726,47.4589,1903,0,1000.0
LTE,216,19.2718,47.4629,1000,0,1000.0
LTE,216,19.2651,47.4562,1000,0,1000.0
LTE,216,19.2726,47.4496,1472,0,1000.0
LTE,216,19.2651,47.452,1000,0,1000.0
LTE,216,19.2735,47.4464,1047,0,1000.0
LTE,216,19.2822,47.4058,4573,0,300.0
LTE,216,19.2705,47.4379,1000,0,1000.0
LTE,216,19.2762,47.4444,1000,0,1000.0
LTE,216,19.331,47.4463,1289,0,1000.0
LTE,216,19.2878,47.4509,1739,0,1000.0
LTE,216,19.2755,47.4448,1000,0,1000.0
LTE,216,19.2788,47.4487,1000,0,1000.0
LTE,216,19.3125,47.4627,701,0,701.0
LTE,216,19.0351,47.549,1000,0,1000.0
LTE,216,19.019,47.5085,1000,0,1000.0
LTE,216,19.0239,47.5068,1000,0,1000.0
LTE,216,19.0263,47.5064,1000,0,1000.0
LTE,216,19.0337,47.5056,1000,0,1000.0
LTE,216,19.0311,47.5054,1000,0,1000.0
LTE,216,19.0025,47.5069,1000,0,1000.0
LTE,216,19.0029,47.5072,1000,0,1000.0
LTE,216,19.0028,47.5065,1000,0,1000.0
LTE,216,19.0027,47.5064,1000,0,1000.0
LTE,216,19.0027,47.5063,1000,0,1000.0
LTE,216,19.0033,47.5064,1000,0,1000.0
LTE,216,19.0727,47.5288,1000,0,1000.0
LTE,216,19.0742,47.5279,1000,0,1000.0
LTE,216,19.0796,47.5244,1000,0,1000.0
LTE,216,19.1027,47.5083,1000,0,1000.0
LTE,216,19.13,47.5098,1000,0,1000.0
LTE,216,19.1329,47.5115,1000,0,1000.0
LTE,216,19.1342,47.5121,1000,0,1000.0
LTE,216,19.1366,47.5136,1000,0,1000.0
LTE,216,19.1367,47.5138,1000,0,1000.0
LTE,216,19.1312,47.5104,1000,0,1000.0
LTE,216,19.1251,47.5118,1000,0,1000.0
LTE,216,19.1179,47.5161,1000,0,1000.0
LTE,216,19.1029,47.5224,1000,0,1000.0
LTE,216,19.0923,47.5219,1000,0,1000.0
LTE,216,19.0887,47.5362,1000,0,1000.0
LTE,216,19.0884,47.5373,1000,0,1000.0
LTE,216,19.0895,47.5373,1000,0,1000.0
LTE,216,19.0175,47.5089,1000,0,1000.0
LTE,216,19.0236,47.5069,1000,0,1000.0
LTE,216,19.0305,47.4976,1000,0,1000.0
LTE,216,19.0419,47.4927,1000,0,1000.0
LTE,216,19.0415,47.4908,1000,0,1000.0
LTE,216,19.0498,47.4872,1411,0,1000.0
LTE,216,19.0468,47.4896,1000,0,1000.0
LTE,216,19.0489,47.4934,1000,0,1000.0
LTE,216,19.0496,47.4919,1000,0,1000.0
LTE,216,19.0476,47.4911,1000,0,1000.0
LTE,216,19.0514,47.4916,1000,0,1000.0
LTE,216,19.0488,47.4955,1000,0,1000.0
LTE,216,19.0486,47.4955,1000,0,1000.0
LTE,216,19.2613,47.4335,1000,0,1000.0
LTE,216,19.2619,47.4268,1010,0,1000.0
LTE,216,19.2546,47.4183,1000,0,1000.0
LTE,216,19.2111,47.4454,767,0,767.0
GSM,216,19.185,47.4558,1000,0,1000.0
LTE,216,19.1452,47.4573,1000,0,1000.0
LTE,216,19.1362,47.4534,576,0,576.0
LTE,216,19.1345,47.4521,604,0,604.0
LTE,216,19.1309,47.449,1000,0,1000.0
LTE,216,19.1225,47.443,1000,0,1000.0
LTE,216,19.1237,47.4438,1000,0,1000.0
LTE,216,19.1183,47.4403,1000,0,1000.0
LTE,216,19.1226,47.4366,500,0,500.0
LTE,216,19.1252,47.4325,1000,0,1000.0
LTE,216,19.1274,47.4335,1000,0,1000.0
LTE,216,19.127,47.4338,500,0,500.0
LTE,216,19.1273,47.4336,1000,0,1000.0
GSM,216,19.1253,47.4348,1000,0,1000.0
GSM,216,19.1273,47.4336,1000,0,1000.0
LTE,216,19.1271,47.4336,1000,0,1000.0
GSM,216,19.1253,47.4315,1000,0,1000.0
LTE,216,19.1232,47.4362,1000,0,1000.0
LTE,216,19.1182,47.4394,1000,0,1000.0
LTE,216,19.1137,47.4376,1000,0,1000.0
LTE,216,19.1116,47.4365,1000,0,1000.0
LTE,216,19.1058,47.4338,500,0,500.0
LTE,216,19.1012,47.4343,1000,0,1000.0
LTE,216,19.0988,47.4363,1000,0,1000.0
LTE,216,19.0921,47.435,1000,0,1000.0
LTE,216,19.0934,47.4364,1000,0,1000.0
LTE,216,19.0918,47.4309,1000,0,1000.0
LTE,216,19.0979,47.4202,1000,0,1000.0
GSM,216,19.1058,47.4198,1000,0,1000.0
GSM,216,19.1154,47.4258,842,0,842.0
GSM,216,19.1092,47.419,1000,0,1000.0
LTE,216,19.1139,47.4247,1000,0,1000.0
LTE,216,19.1189,47.4276,1000,0,1000.0
LTE,216,19.1149,47.4382,1000,0,1000.0
LTE,216,19.0938,47.4408,1000,0,1000.0
GSM,216,19.0921,47.4455,1000,0,1000.0
LTE,216,19.0764,47.4688,1000,0,1000.0
LTE,216,19.0629,47.475,1000,0,1000.0
LTE,216,19.0342,47.5018,1000,0,1000.0
LTE,216,19.0322,47.5006,1000,0,1000.0
LTE,216,19.0657,47.5067,1000,0,1000.0
LTE,216,19.067,47.5076,1000,0,1000.0
GSM,216,19.076,47.5119,1000,0,1000.0
GSM,216,19.0783,47.5147,1000,0,1000.0
LTE,216,19.0843,47.508,1000,0,1000.0
LTE,216,19.0859,47.5066,1000,0,1000.0
LTE,216,19.0867,47.5059,1000,0,1000.0
LTE,216,19.088,47.5045,1000,0,1000.0
LTE,216,19.0858,47.5025,1000,0,1000.0
GSM,216,19.0847,47.4953,1000,0,1000.0
GSM,216,19.0877,47.4926,1000,0,1000.0
GSM,216,19.0894,47.4911,1000,0,1000.0
GSM,216,19.0914,47.4892,1000,0,1000.0
GSM,216,19.0926,47.4868,1000,0,1000.0
GSM,216,19.0944,47.4853,1000,0,1000.0
GSM,216,19.102,47.4827,1000,0,1000.0
LTE,216,19.1065,47.4831,1000,0,1000.0
GSM,216,19.1214,47.4743,1000,0,1000.0
LTE,216,19.138,47.4559,1000,0,1000.0
LTE,216,19.1387,47.4547,1000,0,1000.0
GSM,216,19.0855,47.6105,1000,0,1000.0
GSM,216,19.1307,47.598,1000,0,1000.0
GSM,216,19.1676,47.6211,1567,0,1000.0
LTE,216,19.1304,47.6467,1000,0,1000.0
LTE,216,19.1316,47.4495,1000,0,1000.0
LTE,216,19.1335,47.4507,1000,0,1000.0
LTE,216,19.1356,47.4575,1000,0,1000.0
LTE,216,19.1368,47.4568,1000,0,1000.0
LTE,216,19.1333,47.4594,1000,0,1000.0
LTE,216,19.131,47.461,1000,0,1000.0
LTE,216,19.1285,47.4628,1000,0,1000.0
LTE,216,19.1277,47.464,1000,0,1000.0
LTE,216,19.1216,47.4673,1000,0,1000.0
LTE,216,19.1173,47.4689,1000,0,1000.0
LTE,216,19.1119,47.4707,1000,0,1000.0
LTE,216,19.1079,47.4723,1000,0,1000.0
LTE,216,19.106,47.4729,1000,0,1000.0
LTE,216,19.0882,47.4795,1000,0,1000.0
LTE,216,19.087,47.4798,1000,0,1000.0
LTE,216,19.0669,47.4872,1000,0,1000.0
LTE,216,19.063,47.4891,1000,0,1000.0
LTE,216,19.0631,47.4922,1000,0,1000.0
LTE,216,19.0674,47.4879,3802,0,300.0
LTE,216,19.062,47.4901,1000,0,1000.0
LTE,216,19.0551,47.4938,1000,0,1000.0
LTE,216,19.052,47.4948,1000,0,1000.0
LTE,216,19.0642,47.4924,1000,0,1000.0
LTE,216,19.066,47.4876,1000,0,1000.0
LTE,216,19.1093,47.4716,1000,0,1000.0
LTE,216,19.134,47.4588,1000,0,1000.0
LTE,216,19.1351,47.458,1000,0,1000.0
LTE,216,19.1242,47.4445,1000,0,1000.0
LTE,216,19.1208,47.4411,1000,0,1000.0
LTE,216,19.129,47.4477,1000,0,1000.0
LTE,216,19.1394,47.4547,1000,0,1000.0
GSM,216,19.146,47.4569,1000,0,1000.0
LTE,216,19.1495,47.4594,1000,0,1000.0
LTE,216,19.1509,47.4604,1000,0,1000.0
GSM,216,19.2164,47.4421,1000,0,1000.0
GSM,216,19.2224,47.4384,1000,0,1000.0
LTE,216,19.2626,47.4323,1000,0,1000.0
LTE,216,19.2606,47.4324,1000,0,1000.0
GSM,216,19.2607,47.4322,1000,0,1000.0
GSM,216,19.2607,47.4324,1000,0,1000.0
LTE,216,19.2606,47.4325,1000,0,1000.0
LTE,216,19.2607,47.4324,1000,0,1000.0
LTE,216,19.114,47.5367,1000,0,1000.0
LTE,216,19.0523,47.5616,1000,0,1000.0
LTE,216,19.0656,47.5723,1000,0,1000.0
LTE,216,19.0657,47.5741,1000,0,1000.0
LTE,216,19.0659,47.5765,1000,0,1000.0
LTE,216,19.0669,47.5842,1000,0,1000.0
LTE,216,19.0666,47.5881,1000,0,1000.0
LTE,216,19.0662,47.5784,1000,0,1000.0
LTE,216,19.0648,47.5694,1000,0,1000.0
LTE,216,19.0647,47.5702,1000,0,1000.0
LTE,216,19.0627,47.5231,1000,0,1000.0
LTE,216,19.0606,47.5183,1000,0,1000.0
LTE,216,19.062,47.5165,1000,0,1000.0
LTE,216,19.057,47.5152,1000,0,1000.0
LTE,216,19.0552,47.5159,1000,0,1000.0
LTE,216,19.0531,47.5166,1000,0,1000.0
LTE,216,19.0515,47.5134,1000,0,1000.0
LTE,216,19.0511,47.5125,1000,0,1000.0
LTE,216,18.9947,47.5188,1000,0,1000.0
LTE,216,18.9897,47.5215,1000,0,1000.0
LTE,216,19.0365,47.5198,1000,0,1000.0
LTE,216,19.0365,47.5173,1000,0,1000.0
LTE,216,19.0301,47.5103,1000,0,1000.0
LTE,216,19.0247,47.4878,500,0,500.0
LTE,216,19.0424,47.4665,1000,0,1000.0
LTE,216,19.0408,47.4652,1000,0,1000.0
LTE,216,19.0472,47.4764,1000,0,1000.0
LTE,216,19.048,47.4778,1000,0,1000.0
LTE,216,19.0505,47.4792,1000,0,1000.0
LTE,216,19.0567,47.4819,1000,0,1000.0
LTE,216,19.0553,47.4927,1000,0,1000.0
LTE,216,19.0407,47.4982,1000,0,1000.0
LTE,216,19.0415,47.4993,1000,0,1000.0
LTE,216,19.0393,47.5077,1000,0,1000.0
LTE,216,19.0395,47.5122,1000,0,1000.0
LTE,216,19.0369,47.5237,1000,0,1000.0
LTE,216,19.0544,47.597,1000,0,1000.0
LTE,216,19.1384,47.5933,1540,0,1000.0
LTE,216,19.1372,47.5949,1000,0,1000.0
LTE,216,19.1736,47.5597,1091,0,1000.0
LTE,216,19.1759,47.5574,665,0,665.0
LTE,216,19.1897,47.5475,1733,0,1000.0
LTE,216,19.2518,47.5277,1428,0,1000.0
LTE,216,19.3495,47.4523,3093,0,300.0
LTE,216,19.3261,47.4614,1000,0,1000.0
LTE,216,19.3213,47.425,1325,0,1000.0
LTE,216,19.3137,47.409,1728,0,1000.0
LTE,216,19.2963,47.3915,1867,0,1000.0
LTE,216,19.2721,47.3825,2303,0,1000.0
LTE,216,19.2324,47.3661,2239,0,1000.0
LTE,216,19.2086,47.3564,1000,0,1000.0
LTE,216,19.198,47.355,953,0,953.0
LTE,216,19.1949,47.3542,1000,0,1000.0
LTE,216,19.1516,47.3652,1134,0,1000.0
LTE,216,19.1316,47.3662,1000,0,1000.0
LTE,216,19.1285,47.3669,1000,0,1000.0
LTE,216,19.1238,47.3683,1000,0,1000.0
LTE,216,19.1086,47.3678,585,0,585.0
LTE,216,19.0826,47.3746,998,0,998.0
LTE,216,18.9595,47.4114,1633,0,1000.0
LTE,216,18.9727,47.4159,793,0,793.0
LTE,216,18.9867,47.42,939,0,939.0
LTE,216,18.9897,47.4213,1000,0,1000.0
LTE,216,19.0019,47.4267,1000,0,1000.0
LTE,216,19.0051,47.4287,1000,0,1000.0
LTE,216,18.993,47.4375,3230,0,300.0
LTE,216,19.0058,47.4341,1000,0,1000.0
LTE,216,19.0064,47.435,1000,0,1000.0
LTE,216,19.002,47.4435,1000,0,1000.0
LTE,216,19.0087,47.4489,687,0,687.0
LTE,216,19.0156,47.4651,1000,0,1000.0
LTE,216,19.073,47.476,1000,0,1000.0
LTE,216,19.0855,47.4776,1000,0,1000.0
LTE,216,19.08,47.4738,1000,0,1000.0
LTE,216,19.0905,47.4782,500,0,500.0
LTE,216,19.0931,47.4845,1000,0,1000.0
LTE,216,19.0969,47.4887,1000,0,1000.0
LTE,216,19.1001,47.4883,1000,0,1000.0
LTE,216,19.1047,47.4887,1000,0,1000.0
LTE,216,19.112,47.4853,1000,0,1000.0
LTE,216,19.1177,47.4839,1000,0,1000.0
LTE,216,19.1232,47.483,1000,0,1000.0
LTE,216,19.1251,47.4828,1000,0,1000.0
LTE,216,19.1287,47.4826,1000,0,1000.0
LTE,216,19.1315,47.4843,1000,0,1000.0
LTE,216,19.1345,47.4877,1000,0,1000.0
LTE,216,19.135,47.4882,1000,0,1000.0
LTE,216,19.1365,47.4895,1000,0,1000.0
LTE,216,19.1512,47.4904,1000,0,1000.0
LTE,216,19.1758,47.4892,797,0,797.0
LTE,216,19.1724,47.4904,737,0,737.0
LTE,216,19.1837,47.4878,500,0,500.0
LTE,216,19.1847,47.488,500,0,500.0
LTE,216,19.1933,47.4867,500,0,500.0
LTE,216,19.1933,47.4869,500,0,500.0
LTE,216,19.208,47.4868,872,0,872.0
LTE,216,19.2264,47.4858,1000,0,1000.0
LTE,216,19.2274,47.4849,1000,0,1000.0
LTE,216,19.2334,47.4842,1000,0,1000.0
LTE,216,19.2297,47.4847,1000,0,1000.0
LTE,216,19.2432,47.4832,500,0,500.0
LTE,216,19.2486,47.4813,500,0,500.0
LTE,216,19.2532,47.4802,1000,0,1000.0
LTE,216,19.2581,47.4787,500,0,500.0
LTE,216,19.2636,47.4772,526,0,526.0
LTE,216,19.2688,47.4752,748,0,748.0
LTE,216,19.276,47.4734,2977,0,1000.0
LTE,216,19.2856,47.4689,1000,0,1000.0
LTE,216,19.2929,47.4695,1000,0,1000.0
LTE,216,19.2978,47.4689,563,0,563.0
LTE,216,19.2119,47.5049,828,0,828.0
LTE,216,19.2081,47.5075,500,0,500.0
LTE,216,19.2148,47.5033,1162,0,1000.0
LTE,216,19.2128,47.5035,996,0,996.0
LTE,216,19.2157,47.5024,777,0,777.0
LTE,216,19.2186,47.4999,557,0,557.0
LTE,216,19.2222,47.498,1000,0,1000.0
LTE,216,19.23,47.4966,641,0,641.0
LTE,216,19.2396,47.4957,665,0,665.0
LTE,216,19.2438,47.4887,631,0,631.0
LTE,216,19.2967,47.4764,1000,0,1000.0
LTE,216,19.2929,47.4786,1000,0,1000.0
LTE,216,19.2865,47.4839,556,0,556.0
LTE,216,19.2807,47.485,1000,0,1000.0
LTE,216,19.2779,47.4817,1000,0,1000.0
LTE,216,19.2741,47.4838,1000,0,1000.0
LTE,216,19.2698,47.4868,1000,0,1000.0
LTE,216,19.273,47.4874,1504,0,1000.0
LTE,216,19.2559,47.4867,1000,0,1000.0
LTE,216,19.2005,47.5035,2273,0,1000.0
LTE,216,19.2125,47.5044,1000,0,1000.0
LTE,216,19.2,47.5058,532,0,532.0
LTE,216,19.204,47.5066,1000,0,1000.0
LTE,216,19.1954,47.5051,1000,0,1000.0
LTE,216,19.2019,47.5041,2025,0,1000.0
LTE,216,19.1942,47.5048,588,0,588.0
LTE,216,19.2023,47.5035,1962,0,1000.0
LTE,216,19.1806,47.5075,657,0,657.0
LTE,216,19.1829,47.5055,1000,0,1000.0
LTE,216,19.1753,47.5128,1000,0,1000.0
LTE,216,19.1715,47.5166,1000,0,1000.0
LTE,216,19.1699,47.5185,1000,0,1000.0
LTE,216,19.1796,47.5508,1197,0,1000.0
LTE,216,19.1651,47.5235,1000,0,1000.0
LTE,216,19.1632,47.5261,1000,0,1000.0
LTE,216,19.1638,47.5247,1000,0,1000.0
LTE,216,19.1562,47.5289,781,0,781.0
LTE,216,19.1575,47.526,1000,0,1000.0
LTE,216,19.1587,47.5312,1000,0,1000.0
LTE,216,19.1629,47.5293,1000,0,1000.0
LTE,216,19.176,47.5471,2237,0,1000.0
LTE,216,19.1612,47.5368,567,0,567.0
LTE,216,19.1606,47.5391,2219,0,1000.0
LTE,216,19.1571,47.5457,1387,0,1000.0
LTE,216,19.144,47.5466,1000,0,1000.0
LTE,216,19.1354,47.5516,1000,0,1000.0
LTE,216,19.1304,47.5525,1000,0,1000.0
LTE,216,19.1286,47.5545,1000,0,1000.0
LTE,216,19.1153,47.5419,1000,0,1000.0
LTE,216,19.1101,47.5405,1000,0,1000.0
LTE,216,19.1089,47.5397,1000,0,1000.0
LTE,216,19.1026,47.5337,539,0,539.0
LTE,216,19.1055,47.5369,1000,0,1000.0
LTE,216,19.1008,47.5324,670,0,670.0
LTE,216,19.0978,47.5271,696,0,696.0
LTE,216,19.0964,47.5273,500,0,500.0
LTE,216,19.0932,47.5236,500,0,500.0
LTE,216,19.0867,47.5214,1143,0,1000.0
LTE,216,19.0812,47.5235,1000,0,1000.0
LTE,216,19.0778,47.5251,1000,0,1000.0
LTE,216,19.0748,47.5278,1000,0,1000.0
LTE,216,19.0756,47.5269,1000,0,1000.0
LTE,216,19.0717,47.5295,1000,0,1000.0
LTE,216,19.0655,47.532,1000,0,1000.0
LTE,216,19.059,47.5362,1000,0,1000.0
LTE,216,19.0434,47.5568,1000,0,1000.0
LTE,216,19.0417,47.5554,1000,0,1000.0
LTE,216,19.0401,47.5513,1000,0,1000.0
LTE,216,19.0397,47.5518,1000,0,1000.0
LTE,216,19.0411,47.5416,1000,0,1000.0
LTE,216,19.0416,47.5403,1000,0,1000.0
LTE,216,19.038,47.5352,1000,0,1000.0
LTE,216,19.0378,47.5322,1000,0,1000.0
LTE,216,19.039,47.5319,1000,0,1000.0
LTE,216,19.0316,47.5294,1000,0,1000.0
LTE,216,19.0303,47.53,1000,0,1000.0
LTE,216,19.0303,47.5301,1000,0,1000.0
LTE,216,19.0746,47.5276,1000,0,1000.0
LTE,216,19.1057,47.5156,1000,0,1000.0
LTE,216,19.1072,47.517,500,0,500.0
LTE,216,19.1128,47.5181,1000,0,1000.0
LTE,216,19.1139,47.5203,1000,0,1000.0
LTE,216,19.1327,47.5072,1000,0,1000.0
LTE,216,19.1321,47.5029,500,0,500.0
LTE,216,19.1482,47.5045,1000,0,1000.0
LTE,216,19.1525,47.5048,1000,0,1000.0
LTE,216,19.1628,47.5038,1000,0,1000.0
LTE,216,19.1719,47.5028,1000,0,1000.0
LTE,216,19.1828,47.5042,628,0,628.0
LTE,216,19.2478,47.4929,597,0,597.0
LTE,216,19.2757,47.4731,3000,0,300.0
LTE,216,19.2776,47.4723,1000,0,1000.0
LTE,216,19.2651,47.4918,1000,0,1000.0
LTE,216,19.2601,47.4921,1000,0,1000.0
LTE,216,19.2567,47.4925,1000,0,1000.0
LTE,216,19.2554,47.4927,1000,0,1000.0
LTE,216,19.2185,47.5,500,0,500.0
LTE,216,19.1902,47.5033,9898,0,300.0
LTE,216,19.1258,47.5026,1000,0,1000.0
LTE,216,19.1214,47.5071,1000,0,1000.0
LTE,216,19.1193,47.5086,1000,0,1000.0
LTE,216,19.1153,47.5115,1000,0,1000.0
LTE,216,19.1156,47.5113,1000,0,1000.0
LTE,216,19.1119,47.514,1000,0,1000.0
LTE,216,19.1098,47.5154,1000,0,1000.0
LTE,216,19.0704,47.5309,1000,0,1000.0
LTE,216,19.0381,47.5349,1000,0,1000.0
LTE,216,19.0397,47.5321,1000,0,1000.0
LTE,216,19.0658,47.5332,1000,0,1000.0
LTE,216,19.067,47.5331,500,0,500.0
LTE,216,19.0759,47.524,1000,0,1000.0
LTE,216,19.1162,47.544,1000,0,1000.0
LTE,216,19.1282,47.5462,1000,0,1000.0
LTE,216,19.1279,47.5445,1000,0,1000.0
LTE,216,19.1223,47.5419,1000,0,1000.0
LTE,216,19.125,47.5402,1000,0,1000.0
LTE,216,19.1258,47.5409,1000,0,1000.0
LTE,216,19.1349,47.5381,500,0,500.0
LTE,216,19.1403,47.535,1000,0,1000.0
LTE,216,19.1362,47.5375,1000,0,1000.0
LTE,216,19.1415,47.5339,656,0,656.0
LTE,216,19.1505,47.5301,500,0,500.0
LTE,216,19.1668,47.5208,1452,0,1000.0
LTE,216,19.1557,47.5267,1000,0,1000.0
LTE,216,19.1588,47.5247,1000,0,1000.0
LTE,216,19.164,47.5241,1000,0,1000.0
LTE,216,19.1728,47.515,1000,0,1000.0
LTE,216,19.1707,47.5167,1000,0,1000.0
LTE,216,19.2038,47.5063,1000,0,1000.0
LTE,216,19.2093,47.5074,1000,0,1000.0
LTE,216,19.26,47.4921,1000,0,1000.0
LTE,216,19.2091,47.5071,1000,0,1000.0
LTE,216,19.205,47.5069,1000,0,1000.0
LTE,216,19.2127,47.5044,909,0,909.0
LTE,216,19.2436,47.488,1000,0,1000.0
NR,216,18.9803,47.5263,1000,0,1000.0
NR,216,18.9775,47.5279,1000,0,1000.0
NR,216,18.9855,47.5235,674,0,674.0
NR,216,18.9951,47.5205,1000,0,1000.0
NR,216,19.003,47.5137,1000,0,1000.0
NR,216,19.0052,47.5124,1000,0,1000.0
NR,216,19.0118,47.5099,668,0,668.0
NR,216,19.0201,47.5063,1000,0,1000.0
NR,216,19.0242,47.5052,1000,0,1000.0
NR,216,19.0292,47.5003,593,0,593.0
NR,216,19.0337,47.4962,1013,0,1000.0
NR,216,19.0498,47.4878,1000,0,1000.0
NR,216,19.0493,47.4882,850,0,850.0
NR,216,19.0516,47.4758,1000,0,1000.0
NR,216,19.0492,47.4746,1000,0,1000.0
NR,216,19.0599,47.4726,1000,0,1000.0
NR,216,19.0715,47.4692,943,0,943.0
NR,216,19.0731,47.4632,1000,0,1000.0
NR,216,19.0719,47.4588,1000,0,1000.0
NR,216,19.0719,47.4483,1000,0,1000.0
NR,216,19.0744,47.4378,1000,0,1000.0
NR,216,19.085,47.4356,1086,0,1000.0
NR,216,19.0923,47.4305,1000,0,1000.0
LTE,216,19.0939,47.4303,1000,0,1000.0
LTE,216,19.0938,47.4304,1000,0,1000.0
NR,216,19.0864,47.4358,823,0,823.0
NR,216,19.0902,47.4325,1000,0,1000.0
NR,216,19.072,47.4458,1000,0,1000.0
NR,216,19.0717,47.461,1086,0,1000.0
NR,216,19.0639,47.4772,1000,0,1000.0
NR,216,19.0592,47.4851,1000,0,1000.0
NR,216,19.0364,47.495,1000,0,1000.0
NR,216,19.0308,47.4996,1000,0,1000.0
NR,216,19.0214,47.5045,1414,0,1000.0
NR,216,19.0002,47.5169,1000,0,1000.0
NR,216,18.9904,47.5211,1000,0,1000.0
NR,216,18.9816,47.5255,1000,0,1000.0
LTE,216,19.0469,47.4685,1000,0,1000.0
LTE,216,19.0482,47.4668,1000,0,1000.0
LTE,216,19.048,47.4666,1000,0,1000.0
LTE,216,19.0437,47.4557,1000,0,1000.0
LTE,216,19.0387,47.4561,1000,0,1000.0
LTE,216,19.0342,47.4566,1000,0,1000.0
LTE,216,19.0291,47.4571,1000,0,1000.0
LTE,216,19.0262,47.4569,1000,0,1000.0
LTE,216,19.0253,47.452,1000,0,1000.0
LTE,216,18.9951,47.4523,981,0,981.0
LTE,216,19.0063,47.4561,1328,0,1000.0
LTE,216,18.8715,47.4697,1000,0,1000.0
LTE,216,18.8519,47.4723,1042,0,1000.0
LTE,216,18.8639,47.4678,1000,0,1000.0
LTE,216,18.8848,47.4474,1000,0,1000.0
LTE,216,18.9033,47.4464,3681,0,300.0
LTE,216,18.9091,47.4465,1000,0,1000.0
LTE,216,18.9098,47.4442,1000,0,1000.0
LTE,216,18.9472,47.4431,1141,0,1000.0
LTE,216,18.9753,47.4397,1000,0,1000.0
LTE,216,18.9816,47.4415,1000,0,1000.0
LTE,216,19.0065,47.4621,1000,0,1000.0
LTE,216,19.0265,47.4647,1000,0,1000.0
LTE,216,19.0294,47.4666,1000,0,1000.0
LTE,216,19.0346,47.4676,500,0,500.0
LTE,216,19.0532,47.4697,1000,0,1000.0
LTE,216,19.0502,47.4702,1000,0,1000.0
LTE,216,19.0503,47.4696,1000,0,1000.0
LTE,216,19.0486,47.4667,1000,0,1000.0
LTE,216,19.0414,47.4558,1000,0,1000.0
LTE,216,19.0376,47.4562,1000,0,1000.0
LTE,216,19.0209,47.4612,1646,0,1000.0
LTE,216,19.0296,47.4665,1000,0,1000.0
LTE,216,19.041,47.4677,1000,0,1000.0
LTE,216,19.0438,47.4672,1000,0,1000.0
LTE,216,19.0466,47.4673,1000,0,1000.0
LTE,216,19.0731,47.5022,1000,0,1000.0
LTE,216,19.0744,47.5053,1000,0,1000.0
LTE,216,19.0752,47.5078,1000,0,1000.0
LTE,216,19.0785,47.5079,1000,0,1000.0
LTE,216,19.0775,47.5074,1000,0,1000.0
NR,216,18.8758,47.4088,4075,0,150.0
NR,216,18.9982,47.4604,1000,0,1000.0
NR,216,19.0063,47.462,1000,0,1000.0
NR,216,19.0114,47.4637,1000,0,1000.0
NR,216,19.0254,47.4856,1000,0,1000.0
NR,216,19.0248,47.4883,1000,0,1000.0
NR,216,19.0244,47.4917,1000,0,1000.0
NR,216,19.0227,47.4954,1000,0,1000.0
NR,216,19.0177,47.5015,1000,0,1000.0
NR,216,19.0115,47.508,1000,0,1000.0
NR,216,19.0017,47.5141,2318,0,1000.0
NR,216,18.9904,47.522,1011,0,1000.0
LTE,216,19.0825,47.5592,1000,0,1000.0
LTE,216,19.0967,47.5591,1000,0,1000.0
LTE,216,19.0966,47.5591,1000,0,1000.0
LTE,216,19.0987,47.5594,1000,0,1000.0
LTE,216,19.0993,47.5594,1000,0,1000.0
LTE,216,19.0994,47.5596,1000,0,1000.0
LTE,216,19.1042,47.5601,1000,0,1000.0
LTE,216,19.109,47.5622,1000,0,1000.0
LTE,216,19.1125,47.5642,500,0,500.0
LTE,216,19.1143,47.5665,1000,0,1000.0
LTE,216,19.1217,47.5653,1000,0,1000.0
LTE,216,19.1084,47.562,1000,0,1000.0
LTE,216,19.1016,47.5573,1000,0,1000.0
LTE,216,19.1002,47.5552,1000,0,1000.0
LTE,216,19.0948,47.5553,1000,0,1000.0
LTE,216,19.0886,47.5556,1000,0,1000.0
LTE,216,18.8982,47.4486,1000,0,1000.0
LTE,216,18.862,47.4732,1000,0,1000.0
LTE,216,18.89,47.4455,1000,0,1000.0
LTE,216,18.9457,47.4204,1000,0,1000.0
LTE,216,19.0149,47.3865,1000,0,1000.0
LTE,216,19.135,47.3654,724,0,724.0
LTE,216,19.1342,47.3657,1000,0,1000.0
LTE,216,19.1493,47.3627,1000,0,1000.0
LTE,216,19.1471,47.3643,887,0,887.0
LTE,216,19.1547,47.3532,1000,0,1000.0
NR,216,18.9818,47.4977,1000,0,1000.0
NR,216,18.9777,47.4963,1000,0,1000.0
NR,216,18.9877,47.5007,1000,0,1000.0
NR,216,18.9792,47.5086,1000,0,1000.0
NR,216,18.9722,47.5113,1000,0,1000.0
NR,216,18.9732,47.5153,1000,0,1000.0
NR,216,18.9828,47.5182,1000,0,1000.0
NR,216,18.9863,47.5197,1000,0,1000.0
NR,216,18.9881,47.522,1000,0,1000.0
LTE,216,19.1909,47.548,950,0,950.0
LTE,216,19.3318,47.4489,1000,0,1000.0
LTE,216,19.2384,47.3683,2208,0,1000.0
LTE,216,19.2097,47.3552,2695,0,1000.0
NR,216,19.0271,47.4953,1000,0,1000.0
NR,216,19.0224,47.4921,1000,0,1000.0
NR,216,19.0224,47.4926,1000,0,1000.0
NR,216,19.023,47.4942,1000,0,1000.0
NR,216,19.0215,47.4941,1000,0,1000.0
NR,216,19.0234,47.4941,1000,0,1000.0
NR,216,19.0236,47.4944,1000,0,1000.0
NR,216,19.0217,47.4949,1000,0,1000.0
NR,216,19.0275,47.4985,1000,0,1000.0
NR,216,19.0293,47.4975,1000,0,1000.0
NR,216,19.0271,47.4972,1000,0,1000.0
LTE,216,19.0287,47.4982,1000,0,1000.0
NR,216,19.029,47.5022,1000,0,1000.0
NR,216,19.0319,47.5013,1000,0,1000.0
NR,216,19.0328,47.5012,1000,0,1000.0
NR,216,19.0333,47.5014,1000,0,1000.0
NR,216,19.0339,47.5016,1000,0,1000.0
NR,216,19.0336,47.5015,1000,0,1000.0
NR,216,19.0343,47.5016,1000,0,1000.0
NR,216,19.0359,47.5044,1000,0,1000.0
NR,216,19.0353,47.5015,1000,0,1000.0
NR,216,19.035,47.5022,1000,0,1000.0
NR,216,19.0356,47.5013,1000,0,1000.0
NR,216,19.035,47.5023,1000,0,1000.0
NR,216,19.0358,47.5008,1000,0,1000.0
NR,216,19.036,47.5003,1000,0,1000.0
NR,216,19.0365,47.4999,1000,0,1000.0
NR,216,19.0333,47.4972,1000,0,1000.0
LTE,216,19.0274,47.499,1000,0,1000.0
LTE,216,19.0262,47.4991,1000,0,1000.0
NR,216,19.0166,47.5063,1000,0,1000.0
NR,216,19.0232,47.5033,1000,0,1000.0
NR,216,19.0242,47.504,1000,0,1000.0
NR,216,19.0114,47.51,1000,0,1000.0
NR,216,19.0051,47.5124,1000,0,1000.0
NR,216,18.9993,47.516,1000,0,1000.0
NR,216,18.9924,47.5201,1000,0,1000.0
NR,216,18.9919,47.5231,1000,0,1000.0
NR,216,18.9848,47.524,1000,0,1000.0
NR,216,18.9785,47.5278,1000,0,1000.0
LTE,216,19.0122,47.3952,1000,0,1000.0
LTE,216,18.951,47.4183,1000,0,1000.0
LTE,216,18.9387,47.4199,1000,0,1000.0
LTE,216,18.9383,47.4198,1000,0,1000.0
LTE,216,18.9248,47.4196,1000,0,1000.0
LTE,216,18.9252,47.4196,1000,0,1000.0
LTE,216,18.8949,47.4332,703,0,703.0
NR,216,19.0279,47.5115,1000,0,1000.0
NR,216,19.0297,47.5119,1000,0,1000.0
NR,216,19.0322,47.5106,1000,0,1000.0
NR,216,19.0334,47.5084,1000,0,1000.0
NR,216,19.0343,47.507,1000,0,1000.0
NR,216,19.0391,47.5013,1000,0,1000.0
NR,216,19.0403,47.4988,1000,0,1000.0
NR,216,19.0427,47.4948,1000,0,1000.0
NR,216,19.0451,47.4914,1000,0,1000.0
NR,216,19.045,47.4912,1000,0,1000.0
NR,216,19.0485,47.4903,1000,0,1000.0
NR,216,19.053,47.4922,1000,0,1000.0
NR,216,19.055,47.493,1000,0,1000.0
NR,216,19.0565,47.4935,1000,0,1000.0
NR,216,19.0579,47.494,1000,0,1000.0
NR,216,19.0597,47.4942,1000,0,1000.0
NR,216,19.0611,47.492,1000,0,1000.0
NR,216,19.0641,47.4893,1000,0,1000.0
NR,216,19.071,47.4895,1000,0,1000.0
NR,216,19.0766,47.4896,1000,0,1000.0
NR,216,19.0795,47.4893,1000,0,1000.0
NR,216,19.08,47.4881,1000,0,1000.0
NR,216,19.0813,47.4866,1000,0,1000.0
NR,216,19.0815,47.4873,1000,0,1000.0
NR,216,19.0798,47.4866,1000,0,1000.0
NR,216,19.0811,47.487,1000,0,1000.0
NR,216,19.08,47.4841,1000,0,1000.0
NR,216,19.0777,47.4836,1000,0,1000.0
NR,216,19.0704,47.4842,1000,0,1000.0
NR,216,19.0677,47.4811,1000,0,1000.0
NR,216,19.0653,47.4798,1000,0,1000.0
NR,216,19.062,47.4782,1000,0,1000.0
NR,216,19.0569,47.4758,1000,0,1000.0
NR,216,19.0514,47.4738,1000,0,1000.0
NR,216,19.0502,47.4748,1000,0,1000.0
NR,216,19.0504,47.4751,1000,0,1000.0
NR,216,18.9837,47.526,1000,0,1000.0
NR,216,18.9855,47.5236,1000,0,1000.0
NR,216,18.997,47.5277,1000,0,1000.0
NR,216,19.0041,47.5294,1000,0,1000.0
NR,216,19.0102,47.5297,1000,0,1000.0
NR,216,19.0161,47.5294,1000,0,1000.0
NR,216,19.0201,47.5298,1000,0,1000.0
NR,216,19.0234,47.5302,1000,0,1000.0
NR,216,19.0266,47.5305,1000,0,1000.0
NR,216,19.0295,47.5307,1000,0,1000.0
NR,216,19.0284,47.5337,1000,0,1000.0
NR,216,19.0276,47.5373,1000,0,1000.0
NR,216,19.0343,47.5389,1000,0,1000.0
NR,216,19.0377,47.5408,1000,0,1000.0
NR,216,19.0385,47.5419,1000,0,1000.0
NR,216,19.0455,47.5394,1000,0,1000.0
NR,216,19.0555,47.537,1000,0,1000.0
NR,216,19.0607,47.5375,1000,0,1000.0
NR,216,19.059,47.5343,1000,0,1000.0
NR,216,19.0602,47.5356,1000,0,1000.0
NR,216,19.0621,47.5398,1000,0,1000.0
NR,216,19.0602,47.5351,1000,0,1000.0
NR,216,19.0522,47.5384,882,0,882.0
NR,216,19.0402,47.5376,1000,0,1000.0
NR,216,19.0396,47.5317,1000,0,1000.0
NR,216,19.0382,47.528,1000,0,1000.0
NR,216,19.0364,47.5277,1000,0,1000.0
NR,216,19.035,47.5278,1000,0,1000.0
NR,216,19.0326,47.5284,1000,0,1000.0
NR,216,19.0311,47.5291,1000,0,1000.0
NR,216,19.0248,47.5301,1124,0,1000.0
NR,216,19.0175,47.5296,1000,0,1000.0
NR,216,19.0099,47.5298,1000,0,1000.0
NR,216,19.0064,47.53,1000,0,1000.0
NR,216,19.004,47.5294,1000,0,1000.0
NR,216,18.9967,47.5276,1000,0,1000.0
NR,216,18.9939,47.525,1000,0,1000.0
LTE,216,19.1141,47.537,1000,0,1000.0
LTE,216,19.157,47.3547,1000,0,1000.0
LTE,216,19.0371,47.5101,1000,0,1000.0
LTE,216,19.0232,47.491,1000,0,1000.0
LTE,216,19.024,47.4989,1000,0,1000.0
LTE,216,19.0341,47.5403,1000,0,1000.0
LTE,216,19.0319,47.5404,1000,0,1000.0
LTE,216,19.0351,47.5524,1000,0,1000.0
LTE,216,19.0447,47.5585,1000,0,1000.0
NR,216,18.9988,47.5163,1000,0,1000.0
NR,216,19.0043,47.5129,1000,0,1000.0
NR,216,19.0158,47.5064,1000,0,1000.0
NR,216,19.0247,47.5008,1000,0,1000.0
NR,216,19.0282,47.4986,1000,0,1000.0
NR,216,19.0363,47.4946,1000,0,1000.0
NR,216,19.0389,47.4933,1000,0,1000.0
NR,216,19.0412,47.4923,1000,0,1000.0
NR,216,19.0454,47.4902,1000,0,1000.0
NR,216,19.0515,47.486,1000,0,1000.0
NR,216,19.0584,47.4828,913,0,913.0
NR,216,19.0612,47.4684,1000,0,1000.0
NR,216,19.0615,47.4688,1000,0,1000.0
NR,216,19.0828,47.4692,1000,0,1000.0
NR,216,19.0853,47.4697,1000,0,1000.0
NR,216,19.0907,47.4707,1000,0,1000.0
NR,216,19.096,47.4729,1000,0,1000.0
NR,216,19.1044,47.4734,1000,0,1000.0
NR,216,19.0995,47.4751,1000,0,1000.0
NR,216,19.1135,47.4702,1000,0,1000.0
NR,216,19.1185,47.4683,1000,0,1000.0
NR,216,19.1291,47.4662,752,0,752.0
NR,216,19.126,47.4658,1000,0,1000.0
NR,216,19.1406,47.4644,1000,0,1000.0
NR,216,19.1432,47.464,1000,0,1000.0
NR,216,19.1485,47.4633,1000,0,1000.0
NR,216,19.1508,47.4629,1021,0,1000.0
NR,216,19.1684,47.4615,1000,0,1000.0
NR,216,19.1857,47.4556,1000,0,1000.0
NR,216,19.1819,47.4565,1000,0,1000.0
NR,216,19.2005,47.4513,1000,0,1000.0
NR,216,19.2085,47.4469,1000,0,1000.0
NR,216,19.2174,47.4416,1000,0,1000.0
NR,216,19.2192,47.4405,1000,0,1000.0
NR,216,19.2319,47.4304,1390,0,1000.0
NR,216,19.2533,47.4196,1000,0,1000.0
NR,216,19.2499,47.4184,1000,0,1000.0
NR,216,19.2637,47.4216,1000,0,1000.0
NR,216,19.2637,47.4267,606,0,606.0
NR,216,19.2615,47.4257,931,0,931.0
NR,216,19.1934,47.4527,5778,0,150.0
NR,216,19.1651,47.4612,1190,0,1000.0
NR,216,19.1335,47.4658,1000,0,1000.0
NR,216,19.1188,47.4684,779,0,779.0
NR,216,19.0971,47.4762,1071,0,1000.0
NR,216,19.0842,47.4814,1000,0,1000.0
NR,216,19.0797,47.4854,1000,0,1000.0
NR,216,19.0799,47.4865,1000,0,1000.0
NR,216,19.0772,47.4892,1000,0,1000.0
NR,216,19.0723,47.4908,1000,0,1000.0
NR,216,19.0717,47.4907,1000,0,1000.0
NR,216,19.0709,47.4938,1000,0,1000.0
NR,216,19.0682,47.5009,1000,0,1000.0
NR,216,19.061,47.507,1000,0,1000.0
NR,216,19.05,47.5126,1000,0,1000.0
NR,216,19.0373,47.5146,1000,0,1000.0
NR,216,19.042,47.5148,1000,0,1000.0
NR,216,19.0392,47.5147,1000,0,1000.0
NR,216,19.0308,47.5159,1000,0,1000.0
NR,216,19.0228,47.5198,1000,0,1000.0
NR,216,19.017,47.523,1000,0,1000.0
NR,216,19.0135,47.5227,1000,0,1000.0
NR,216,19.0129,47.5229,1000,0,1000.0
NR,216,19.009,47.5202,1000,0,1000.0
NR,216,19.0056,47.5216,1000,0,1000.0
NR,216,19.0139,47.5194,1000,0,1000.0
NR,216,19.0202,47.5135,1000,0,1000.0
NR,216,19.0234,47.5106,1000,0,1000.0
NR,216,19.0232,47.5089,1000,0,1000.0
NR,216,19.0468,47.4894,1000,0,1000.0
NR,216,19.0575,47.4806,1000,0,1000.0
NR,216,19.0637,47.4793,1000,0,1000.0
NR,216,19.0607,47.4844,1000,0,1000.0
NR,216,19.054,47.4901,1000,0,1000.0
NR,216,19.0523,47.4908,1000,0,1000.0
NR,216,19.0521,47.4909,1000,0,1000.0
NR,216,19.0483,47.4912,1000,0,1000.0
NR,216,18.9962,47.5178,1000,0,1000.0
GSM,216,19.0146,47.3863,1000,0,1000.0
LTE,216,19.0956,47.5592,1000,0,1000.0
LTE,216,19.1268,47.5671,1000,0,1000.0
LTE,216,19.1253,47.5693,1000,0,1000.0
LTE,216,19.1241,47.5701,1000,0,1000.0
LTE,216,19.1215,47.5653,1000,0,1000.0
LTE,216,19.1227,47.5657,1000,0,1000.0
LTE,216,19.1158,47.5639,1000,0,1000.0
LTE,216,19.1122,47.5633,1000,0,1000.0
LTE,216,19.092,47.5593,1000,0,1000.0
LTE,216,19.1723,47.3649,1000,0,1000.0
LTE,216,19.1154,47.3681,1000,0,1000.0
LTE,216,19.0225,47.3814,1315,0,1000.0
LTE,216,19.0153,47.3854,1000,0,1000.0
LTE,216,18.9045,47.441,1000,0,1000.0
LTE,216,18.9735,47.4547,1000,0,1000.0
LTE,216,19.0386,47.5208,1000,0,1000.0
LTE,216,19.0389,47.5211,1000,0,1000.0
LTE,216,19.2569,47.5849,1000,0,1000.0
LTE,216,18.9605,47.411,1000,0,1000.0
LTE,216,18.9729,47.4018,1000,0,1000.0
LTE,216,18.9788,47.3998,1000,0,1000.0
LTE,216,19.0137,47.3895,1000,0,1000.0
LTE,216,19.1696,47.5611,3025,0,300.0
LTE,216,19.1302,47.5556,1000,0,1000.0
LTE,216,19.0133,47.4519,1000,0,1000.0
LTE,216,18.8701,47.4012,1000,0,1000.0
LTE,216,19.0781,47.483,1000,0,1000.0
LTE,216,19.0772,47.4833,1000,0,1000.0
LTE,216,19.0766,47.4835,1000,0,1000.0
LTE,216,19.0643,47.4884,1000,0,1000.0
LTE,216,19.0556,47.5071,1000,0,1000.0
LTE,216,19.0568,47.5081,1000,0,1000.0
LTE,216,19.0604,47.5102,1000,0,1000.0
LTE,216,19.0492,47.5015,1000,0,1000.0
LTE,216,19.0587,47.5092,1000,0,1000.0
LTE,216,19.0581,47.5088,1000,0,1000.0
LTE,216,18.8701,47.621,1000,0,1000.0
LTE,216,18.8879,47.6166,1000,0,1000.0
LTE,216,18.8905,47.6164,1000,0,1000.0
LTE,216,18.8939,47.6156,1000,0,1000.0
LTE,216,18.8987,47.6155,1000,0,1000.0
LTE,216,18.904,47.6179,1000,0,1000.0
LTE,216,18.9167,47.6247,1000,0,1000.0
LTE,216,18.9341,47.6288,936,0,936.0
LTE,216,18.9468,47.6274,1000,0,1000.0
LTE,216,18.9528,47.6273,1000,0,1000.0
LTE,216,19.0148,47.6491,1000,0,1000.0
LTE,216,19.015,47.6491,1000,0,1000.0
LTE,216,19.0687,47.6475,1000,0,1000.0
LTE,216,19.0681,47.645,1000,0,1000.0
LTE,216,19.0502,47.5888,1000,0,1000.0
LTE,216,19.0608,47.5726,1000,0,1000.0
LTE,216,19.0617,47.5718,1000,0,1000.0
LTE,216,19.0631,47.5705,1000,0,1000.0
LTE,216,19.0656,47.5703,813,0,813.0
LTE,216,19.0654,47.5709,1000,0,1000.0
LTE,216,19.0654,47.5719,1000,0,1000.0
GSM,216,19.1383,47.5942,1000,0,1000.0
LTE,216,19.1407,47.5912,1000,0,1000.0
LTE,216,19.1477,47.5822,1000,0,1000.0
LTE,216,19.1453,47.5662,1000,0,1000.0
LTE,216,19.138,47.5616,1000,0,1000.0
LTE,216,19.1326,47.5519,1000,0,1000.0
LTE,216,19.13,47.5491,1000,0,1000.0
LTE,216,19.1295,47.5452,1000,0,1000.0
LTE,216,19.1313,47.5438,1000,0,1000.0
LTE,216,19.1313,47.5439,1000,0,1000.0
LTE,216,19.1312,47.544,1000,0,1000.0
LTE,216,19.131,47.5441,1000,0,1000.0
LTE,216,19.1314,47.5439,1000,0,1000.0
LTE,216,19.046,47.6219,1000,0,1000.0
LTE,216,19.0208,47.4646,1000,0,1000.0
LTE,216,19.0376,47.4741,1645,0,1000.0
LTE,216,19.0412,47.4979,1000,0,1000.0
LTE,216,19.041,47.4987,1000,0,1000.0
LTE,216,19.0397,47.5145,1000,0,1000.0
LTE,216,19.0384,47.5207,1000,0,1000.0
LTE,216,19.0521,47.5953,1000,0,1000.0
LTE,216,19.0559,47.6151,1000,0,1000.0
LTE,216,19.0555,47.6157,1000,0,1000.0
LTE,216,19.0389,47.6374,1000,0,1000.0
LTE,216,19.0255,47.6403,1000,0,1000.0
LTE,216,19.2254,47.444,1000,0,1000.0
LTE,216,19.2061,47.3555,1000,0,1000.0
LTE,216,19.2229,47.4411,1000,0,1000.0
LTE,216,19.162,47.3673,1000,0,1000.0
LTE,216,19.0134,47.3915,1000,0,1000.0
LTE,216,19.0127,47.3938,1000,0,1000.0
LTE,216,19.0092,47.3998,1000,0,1000.0
LTE,216,18.9384,47.42,1000,0,1000.0
LTE,216,18.8576,47.4724,1000,0,1000.0
LTE,216,19.0231,47.4722,1000,0,1000.0
LTE,216,19.0235,47.4909,1000,0,1000.0
LTE,216,19.0228,47.4905,1000,0,1000.0
LTE,216,19.2318,47.4461,1000,0,1000.0
LTE,216,19.2223,47.4417,1000,0,1000.0
LTE,216,19.1593,47.4963,1000,0,1000.0
LTE,216,19.1217,47.5017,1000,0,1000.0
LTE,216,19.1183,47.5013,1000,0,1000.0
LTE,216,19.119,47.5014,1000,0,1000.0
LTE,216,19.1022,47.5003,1000,0,1000.0
LTE,216,19.0926,47.5018,1000,0,1000.0
LTE,216,19.0917,47.5019,1000,0,1000.0
LTE,216,19.0879,47.5048,1000,0,1000.0
LTE,216,19.0751,47.5161,1534,0,1000.0
LTE,216,19.0843,47.5081,1000,0,1000.0
LTE,216,19.083,47.509,1000,0,1000.0
LTE,216,19.0788,47.5079,1000,0,1000.0
LTE,216,19.0741,47.5103,1000,0,1000.0
LTE,216,19.0746,47.5106,1000,0,1000.0
LTE,216,19.0752,47.511,1000,0,1000.0
LTE,216,19.0755,47.5107,1000,0,1000.0
LTE,216,19.086,47.5065,1000,0,1000.0
LTE,216,19.0875,47.5051,1000,0,1000.0
LTE,216,19.0892,47.5037,1000,0,1000.0
LTE,216,19.1036,47.4999,1000,0,1000.0
LTE,216,19.1055,47.4998,1000,0,1000.0
LTE,216,19.1719,47.4903,1000,0,1000.0
LTE,216,19.2226,47.4884,1000,0,1000.0
LTE,216,19.0965,47.5,1000,0,1000.0
LTE,216,19.1927,47.5114,1000,0,1000.0
LTE,216,19.1932,47.5114,1000,0,1000.0
LTE,216,19.1974,47.5127,1000,0,1000.0
LTE,216,19.2442,47.5184,1000,0,1000.0
LTE,216,19.2615,47.5144,1000,0,1000.0
LTE,216,19.2546,47.5182,1000,0,1000.0
LTE,216,19.2998,47.503,2133,0,1000.0
LTE,216,19.0766,47.5154,1000,0,1000.0
LTE,216,19.0667,47.5145,1000,0,1000.0
LTE,216,19.0686,47.5152,1000,0,1000.0
LTE,216,19.0672,47.5144,1000,0,1000.0
LTE,216,19.0635,47.5131,1000,0,1000.0
LTE,216,19.0607,47.515,1000,0,1000.0
LTE,216,19.0617,47.517,1000,0,1000.0
LTE,216,19.0601,47.5155,1000,0,1000.0
LTE,216,19.0631,47.5176,1000,0,1000.0
LTE,216,19.0623,47.5174,1000,0,1000.0
LTE,216,19.0577,47.5167,1000,0,1000.0
LTE,216,19.0577,47.5178,1000,0,1000.0
LTE,216,19.0557,47.5181,1000,0,1000.0
LTE,216,19.0548,47.5163,1000,0,1000.0
LTE,216,19.0535,47.516,1000,0,1000.0
LTE,216,19.0527,47.515,1000,0,1000.0
LTE,216,19.0513,47.5144,1000,0,1000.0
LTE,216,19.0517,47.5149,1000,0,1000.0
LTE,216,19.0526,47.5163,1000,0,1000.0
LTE,216,19.0542,47.5159,1000,0,1000.0
LTE,216,19.0538,47.5161,1000,0,1000.0
LTE,216,19.0523,47.5147,1000,0,1000.0
LTE,216,19.0545,47.5157,1000,0,1000.0
LTE,216,19.0554,47.5164,1000,0,1000.0
LTE,216,19.0574,47.5164,1000,0,1000.0
LTE,216,19.0682,47.5203,1000,0,1000.0
LTE,216,19.0959,47.5136,1000,0,1000.0
LTE,216,19.1201,47.5184,1000,0,1000.0
LTE,216,19.1214,47.514,1000,0,1000.0
LTE,216,19.126,47.5112,1000,0,1000.0
LTE,216,19.1479,47.5129,1000,0,1000.0
LTE,216,19.1442,47.5155,1000,0,1000.0
LTE,216,19.1408,47.5176,1000,0,1000.0
LTE,216,19.1356,47.5192,1000,0,1000.0
LTE,216,19.0961,47.5145,1000,0,1000.0
LTE,216,18.9531,47.3802,1000,0,1000.0
LTE,216,18.934,47.3942,2411,0,1000.0
LTE,216,18.9409,47.3727,1000,0,1000.0
LTE,216,19.3026,47.5064,1000,0,1000.0
LTE,216,19.3253,47.6134,1000,0,1000.0
LTE,216,19.3412,47.6152,1000,0,1000.0
LTE,216,19.3141,47.5889,1000,0,1000.0
LTE,216,19.3269,47.5716,1000,0,1000.0
LTE,216,19.2701,47.4766,1000,0,1000.0
LTE,216,19.2321,47.4964,1000,0,1000.0
LTE,216,19.24,47.4957,652,0,652.0
LTE,216,19.2525,47.487,4974,0,300.0
LTE,216,19.1346,47.5296,915,0,915.0
LTE,216,19.136,47.526,1036,0,1000.0
LTE,216,19.1422,47.5191,1000,0,1000.0
LTE,216,19.1462,47.5135,1000,0,1000.0
LTE,216,19.1454,47.5107,1000,0,1000.0
LTE,216,19.1532,47.5147,1000,0,1000.0
LTE,216,19.1547,47.5168,1000,0,1000.0
LTE,216,19.1539,47.518,1000,0,1000.0
LTE,216,19.1526,47.5194,1000,0,1000.0
LTE,216,19.1535,47.5246,1000,0,1000.0
LTE,216,19.1517,47.521,1000,0,1000.0
LTE,216,19.1539,47.5267,1000,0,1000.0
LTE,216,19.1496,47.5282,1000,0,1000.0
LTE,216,19.1421,47.534,1000,0,1000.0
LTE,216,19.1372,47.5352,1000,0,1000.0
LTE,216,19.1407,47.5469,500,0,500.0
LTE,216,19.1391,47.5505,1000,0,1000.0
LTE,216,19.1396,47.542,1000,0,1000.0
LTE,216,19.1365,47.5356,1000,0,1000.0
LTE,216,19.1363,47.5352,1000,0,1000.0
LTE,216,19.1369,47.5354,1000,0,1000.0
LTE,216,19.1359,47.5354,1000,0,1000.0
LTE,216,19.1727,47.544,978,0,978.0
LTE,216,19.184,47.5526,1000,0,1000.0
LTE,216,19.194,47.5501,1000,0,1000.0
LTE,216,19.1981,47.5355,1000,0,1000.0
LTE,216,19.1993,47.5359,1000,0,1000.0
LTE,216,19.192,47.5332,1000,0,1000.0
LTE,216,19.19,47.5326,1000,0,1000.0
LTE,216,19.1913,47.533,1000,0,1000.0
LTE,216,19.1897,47.5313,1000,0,1000.0
LTE,216,19.1828,47.534,1000,0,1000.0
LTE,216,19.1815,47.5347,1000,0,1000.0
LTE,216,19.1789,47.5336,1000,0,1000.0
LTE,216,19.174,47.5316,1000,0,1000.0
LTE,216,19.1732,47.5312,1000,0,1000.0
LTE,216,19.1672,47.5285,1000,0,1000.0
LTE,216,19.1603,47.5305,1000,0,1000.0
LTE,216,19.1356,47.5353,1000,0,1000.0
LTE,216,19.1563,47.5323,1000,0,1000.0
LTE,216,19.1676,47.5411,629,0,629.0
LTE,216,19.0283,47.5386,1000,0,1000.0
LTE,216,19.0289,47.5382,1000,0,1000.0
LTE,216,19.0295,47.538,1000,0,1000.0
LTE,216,19.0345,47.5388,1000,0,1000.0
LTE,216,19.0344,47.5388,1000,0,1000.0
LTE,216,19.0627,47.5344,1000,0,1000.0
LTE,216,19.0646,47.534,1000,0,1000.0
LTE,216,19.066,47.533,1000,0,1000.0
LTE,216,19.0656,47.532,1000,0,1000.0
LTE,216,19.0644,47.5319,1000,0,1000.0
LTE,216,19.0684,47.5364,1000,0,1000.0
LTE,216,19.0693,47.5385,1000,0,1000.0
LTE,216,19.0723,47.5461,1000,0,1000.0
LTE,216,19.0732,47.5486,1000,0,1000.0
LTE,216,19.0747,47.5523,1000,0,1000.0
LTE,216,19.079,47.5636,1000,0,1000.0
LTE,216,19.0787,47.5636,1000,0,1000.0
LTE,216,19.0799,47.5657,1000,0,1000.0
LTE,216,19.0816,47.5659,1000,0,1000.0
LTE,216,19.0832,47.5676,1000,0,1000.0
LTE,216,19.0836,47.5681,1000,0,1000.0
LTE,216,19.0861,47.5704,1000,0,1000.0
LTE,216,19.0896,47.5732,1000,0,1000.0
LTE,216,19.0901,47.5736,1000,0,1000.0
LTE,216,19.0912,47.5767,1000,0,1000.0
LTE,216,19.0917,47.5741,1000,0,1000.0
LTE,216,19.0908,47.5801,1000,0,1000.0
LTE,216,19.0917,47.5829,1313,0,1000.0
LTE,216,19.0865,47.5783,1000,0,1000.0
LTE,216,19.0926,47.5841,1000,0,1000.0
LTE,216,19.0919,47.5834,1000,0,1000.0
LTE,216,19.0968,47.5888,765,0,765.0
LTE,216,19.0971,47.5883,512,0,512.0
LTE,216,19.1002,47.5898,1000,0,1000.0
LTE,216,19.1005,47.5899,1000,0,1000.0
LTE,216,19.1007,47.5912,1000,0,1000.0
LTE,216,19.1009,47.5901,1000,0,1000.0
LTE,216,19.1004,47.5908,1000,0,1000.0
LTE,216,19.0978,47.5977,1000,0,1000.0
LTE,216,19.1007,47.6053,1153,0,1000.0
LTE,216,19.1159,47.6041,551,0,551.0
LTE,216,19.1212,47.6015,1000,0,1000.0
LTE,216,19.1686,47.5639,1577,0,1000.0
LTE,216,19.336,47.4609,1000,0,1000.0
LTE,216,19.1519,47.5057,1000,0,1000.0
LTE,216,19.1489,47.5091,1000,0,1000.0
LTE,216,19.0898,47.5742,1000,0,1000.0
LTE,216,19.0915,47.5759,1000,0,1000.0
LTE,216,19.0945,47.5787,1000,0,1000.0
LTE,216,19.106,47.5801,1000,0,1000.0
LTE,216,19.1101,47.5816,1000,0,1000.0
LTE,216,19.1097,47.5818,1000,0,1000.0
LTE,216,19.1124,47.5817,1000,0,1000.0
LTE,216,19.1129,47.5814,1000,0,1000.0
LTE,216,19.1131,47.5806,1000,0,1000.0
LTE,216,19.1136,47.5797,1000,0,1000.0
LTE,216,19.1148,47.5775,1000,0,1000.0
LTE,216,19.1138,47.5734,1000,0,1000.0
LTE,216,19.1096,47.5711,1000,0,1000.0
LTE,216,19.1054,47.5722,1000,0,1000.0
LTE,216,19.1023,47.5719,1000,0,1000.0
LTE,216,19.0909,47.5639,1000,0,1000.0
LTE,216,19.0287,47.5356,1000,0,1000.0
LTE,216,19.1321,47.483,1000,0,1000.0
LTE,216,19.096,47.5072,1000,0,1000.0
LTE,216,19.0928,47.5098,1000,0,1000.0
LTE,216,19.093,47.5098,1000,0,1000.0
LTE,216,19.0876,47.5118,1000,0,1000.0
LTE,216,19.0822,47.513,1000,0,1000.0
LTE,216,19.0743,47.5212,1000,0,1000.0
LTE,216,19.0707,47.5229,1000,0,1000.0
LTE,216,19.0606,47.5311,909,0,909.0
LTE,216,19.0589,47.5317,1000,0,1000.0
LTE,216,19.0586,47.5303,1000,0,1000.0
LTE,216,19.0587,47.5308,1000,0,1000.0
LTE,216,19.0596,47.5274,1000,0,1000.0
LTE,216,19.0595,47.5269,1000,0,1000.0
LTE,216,19.0577,47.5224,1000,0,1000.0
LTE,216,19.069,47.5295,1000,0,1000.0
LTE,216,19.0765,47.5352,500,0,500.0
LTE,216,19.0769,47.5395,1000,0,1000.0
LTE,216,19.0751,47.5472,1000,0,1000.0
LTE,216,19.0956,47.565,1000,0,1000.0
LTE,216,19.1123,47.5701,1000,0,1000.0
LTE,216,19.0881,47.5607,1000,0,1000.0
LTE,216,19.027,47.484,1000,0,1000.0
LTE,216,19.0239,47.4939,1000,0,1000.0
LTE,216,19.0345,47.5125,1000,0,1000.0
LTE,216,19.0354,47.5138,1000,0,1000.0
LTE,216,19.0373,47.5155,1000,0,1000.0
LTE,216,19.2177,47.3969,1000,0,1000.0
LTE,216,19.2307,47.4095,1000,0,1000.0
LTE,216,18.9441,47.4514,558,0,558.0
LTE,216,19.1009,47.5096,1000,0,1000.0
LTE,216,19.1086,47.4982,1000,0,1000.0
LTE,216,19.1089,47.4932,1000,0,1000.0
LTE,216,19.1592,47.4074,1000,0,1000.0
LTE,216,19.165,47.3983,1000,0,1000.0
LTE,216,19.1483,47.3883,1000,0,1000.0
LTE,216,19.1355,47.3785,1177,0,1000.0
LTE,216,19.1211,47.3531,1000,0,1000.0
LTE,216,18.9927,47.5078,1000,0,1000.0
LTE,216,18.9924,47.5062,1000,0,1000.0
LTE,216,18.9906,47.5051,1000,0,1000.0
LTE,216,18.9885,47.5059,1000,0,1000.0
LTE,216,18.9832,47.5076,1000,0,1000.0
LTE,216,18.9805,47.5042,1000,0,1000.0
LTE,216,18.9732,47.5039,1000,0,1000.0
LTE,216,18.9687,47.5021,1000,0,1000.0
LTE,216,18.9632,47.5053,1000,0,1000.0
LTE,216,18.9632,47.5056,1000,0,1000.0
LTE,216,18.9636,47.5057,1000,0,1000.0
LTE,216,18.9633,47.5058,1000,0,1000.0
LTE,216,18.9638,47.5053,1000,0,1000.0
LTE,216,18.9628,47.5058,1000,0,1000.0
LTE,216,18.9848,47.5002,1805,0,1000.0
LTE,216,18.9637,47.5058,1000,0,1000.0
LTE,216,18.9635,47.5056,1000,0,1000.0
LTE,216,18.9899,47.4977,1000,0,1000.0
LTE,216,18.9896,47.5006,1000,0,1000.0
LTE,216,19.0027,47.5031,530,0,530.0
LTE,216,19.0132,47.4975,1000,0,1000.0
LTE,216,19.0207,47.4951,1000,0,1000.0
LTE,216,19.2709,47.4297,1000,0,1000.0
LTE,216,19.1203,47.356,1000,0,1000.0
LTE,216,19.0138,47.3572,2073,0,1000.0
LTE,216,19.027,47.3667,758,0,758.0
LTE,216,19.0897,47.5494,1000,0,1000.0
LTE,216,19.0926,47.5372,1000,0,1000.0
LTE,216,19.0919,47.5359,1000,0,1000.0
LTE,216,19.1159,47.5253,526,0,526.0
LTE,216,19.1232,47.5228,1000,0,1000.0
LTE,216,19.1279,47.5225,1000,0,1000.0
LTE,216,19.1315,47.5217,1000,0,1000.0
LTE,216,19.1347,47.5203,1000,0,1000.0
LTE,216,19.1398,47.5181,1000,0,1000.0
LTE,216,19.1452,47.5148,1000,0,1000.0
LTE,216,19.1482,47.5123,1000,0,1000.0
LTE,216,19.1495,47.5109,1000,0,1000.0
LTE,216,19.1484,47.5119,1000,0,1000.0
LTE,216,19.1483,47.512,1000,0,1000.0
LTE,216,19.1431,47.5164,1000,0,1000.0
LTE,216,19.1312,47.5217,1000,0,1000.0
LTE,216,19.1192,47.5238,1000,0,1000.0
LTE,216,19.045,47.5598,1000,0,1000.0
LTE,216,19.2316,47.4099,1000,0,1000.0
NR,216,18.9781,47.5278,500,0,500.0
LTE,216,19.0195,47.4644,1000,0,1000.0
LTE,216,19.1328,47.3759,786,0,786.0
LTE,216,19.1598,47.3941,1000,0,1000.0
LTE,216,19.072,47.4727,1000,0,1000.0
LTE,216,19.0684,47.4786,1000,0,1000.0
LTE,216,19.0631,47.4836,1000,0,1000.0
LTE,216,19.0784,47.4651,1000,0,1000.0
LTE,216,19.0798,47.4633,1000,0,1000.0
LTE,216,19.0816,47.4613,1000,0,1000.0
LTE,216,19.0858,47.4561,1000,0,1000.0
LTE,216,19.0885,47.452,1000,0,1000.0
LTE,216,19.0909,47.4475,1000,0,1000.0
LTE,216,19.0931,47.443,1000,0,1000.0
LTE,216,19.094,47.4394,1000,0,1000.0
LTE,216,19.0953,47.4363,1000,0,1000.0
LTE,216,19.1052,47.4229,1000,0,1000.0
LTE,216,19.1305,47.3739,1000,0,1000.0
LTE,216,19.0993,47.4325,1000,0,1000.0
LTE,216,19.0625,47.485,1000,0,1000.0
LTE,216,19.0621,47.4866,1000,0,1000.0
LTE,216,19.0656,47.4867,1000,0,1000.0
LTE,216,19.0675,47.4884,1000,0,1000.0
LTE,216,19.0674,47.4892,1000,0,1000.0
LTE,216,19.0708,47.4895,1000,0,1000.0
LTE,216,19.0729,47.4896,1000,0,1000.0
LTE,216,19.076,47.4914,1000,0,1000.0
LTE,216,19.0773,47.4919,1000,0,1000.0
LTE,216,19.0778,47.4936,1000,0,1000.0
LTE,216,19.0799,47.4939,1000,0,1000.0
LTE,216,19.0783,47.501,1000,0,1000.0
LTE,216,19.0766,47.504,1000,0,1000.0
LTE,216,19.0747,47.5048,1000,0,1000.0
LTE,216,19.0746,47.5053,1000,0,1000.0
LTE,216,19.0789,47.508,1000,0,1000.0
LTE,216,19.0799,47.5084,1000,0,1000.0
LTE,216,19.0768,47.5311,1000,0,1000.0
LTE,216,19.08,47.5291,1000,0,1000.0
LTE,216,19.0809,47.5234,1000,0,1000.0
LTE,216,19.0742,47.5193,1000,0,1000.0
LTE,216,19.0739,47.5172,1000,0,1000.0
LTE,216,19.0818,47.507,1000,0,1000.0
LTE,216,19.0794,47.506,1000,0,1000.0
LTE,216,19.0782,47.5054,1000,0,1000.0
LTE,216,19.0733,47.5031,1000,0,1000.0
LTE,216,19.0723,47.5025,1000,0,1000.0
LTE,216,19.0709,47.5018,1000,0,1000.0
LTE,216,19.0686,47.5013,1000,0,1000.0
LTE,216,19.0688,47.4829,1000,0,1000.0
LTE,216,19.0646,47.4825,1000,0,1000.0
LTE,216,19.0645,47.4856,1000,0,1000.0
LTE,216,19.0618,47.4842,1000,0,1000.0
LTE,216,19.0559,47.4838,1000,0,1000.0
LTE,216,19.0634,47.4895,500,0,500.0
LTE,216,19.0793,47.5038,1000,0,1000.0
LTE,216,19.0834,47.5055,1000,0,1000.0
LTE,216,19.0899,47.5098,1000,0,1000.0
LTE,216,19.095,47.5121,1000,0,1000.0
LTE,216,19.0717,47.5328,1000,0,1000.0
LTE,216,19.0752,47.5267,1000,0,1000.0
LTE,216,19.1638,47.3998,1000,0,1000.0
LTE,216,19.1521,47.4239,1000,0,1000.0
LTE,216,19.1494,47.4309,1000,0,1000.0
LTE,216,19.1471,47.4383,1000,0,1000.0
LTE,216,19.1327,47.4426,1000,0,1000.0
LTE,216,19.1174,47.446,1000,0,1000.0
LTE,216,19.0963,47.4797,1000,0,1000.0
LTE,216,19.0826,47.4924,1000,0,1000.0
LTE,216,19.073,47.4957,1000,0,1000.0
LTE,216,19.0612,47.5069,1000,0,1000.0
LTE,216,19.0592,47.5098,1000,0,1000.0
LTE,216,19.0584,47.5098,1000,0,1000.0
LTE,216,19.0581,47.5099,1000,0,1000.0
LTE,216,19.0578,47.5094,1000,0,1000.0
LTE,216,19.0655,47.4879,1000,0,1000.0
LTE,216,19.0682,47.4883,1000,0,1000.0
LTE,216,19.0836,47.481,1000,0,1000.0
LTE,216,19.09,47.4775,1000,0,1000.0
LTE,216,19.1368,47.3796,1149,0,1000.0
LTE,216,19.1444,47.3856,1000,0,1000.0
LTE,216,19.1267,47.3714,1000,0,1000.0
LTE,216,19.0809,47.3508,1000,0,1000.0
LTE,216,19.0866,47.3529,1000,0,1000.0
LTE,216,19.089,47.3547,1000,0,1000.0
LTE,216,19.0869,47.3593,1000,0,1000.0
LTE,216,19.1027,47.3775,1000,0,1000.0
LTE,216,19.1129,47.3893,1000,0,1000.0
LTE,216,19.1154,47.397,1000,0,1000.0
LTE,216,19.1124,47.4069,1000,0,1000.0
LTE,216,19.0999,47.4373,1000,0,1000.0
LTE,216,19.1075,47.4407,1000,0,1000.0
LTE,216,19.1071,47.4407,1000,0,1000.0
LTE,216,19.1171,47.4427,1000,0,1000.0
LTE,216,19.157,47.3938,1000,0,1000.0
LTE,216,19.0238,47.4644,1000,0,1000.0
LTE,216,19.0293,47.4634,1000,0,1000.0
LTE,216,19.0301,47.4632,1000,0,1000.0
LTE,216,19.0661,47.496,1000,0,1000.0
LTE,216,19.0586,47.4939,1064,0,1000.0
LTE,216,19.0342,47.4887,1264,0,1000.0
LTE,216,19.2164,47.3595,782,0,782.0
LTE,216,19.3041,47.3956,1000,0,1000.0
LTE,216,19.3163,47.4073,1000,0,1000.0
LTE,216,19.0399,47.5365,1000,0,1000.0
LTE,216,19.0399,47.535,1000,0,1000.0
LTE,216,19.0399,47.536,1000,0,1000.0
LTE,216,19.0731,47.5342,1000,0,1000.0
LTE,216,19.0329,47.4676,1000,0,1000.0
LTE,216,18.9842,47.4422,1000,0,1000.0
LTE,216,18.9005,47.4472,1000,0,1000.0
LTE,216,18.8937,47.4465,1000,0,1000.0
LTE,216,18.8815,47.4559,1022,0,1000.0
LTE,216,19.2613,47.4341,1000,0,1000.0
LTE,216,19.2621,47.4336,1000,0,1000.0
LTE,216,19.2655,47.4236,1000,0,1000.0
LTE,216,19.2656,47.4219,1000,0,1000.0
LTE,216,18.901,47.4468,1000,0,1000.0
LTE,216,18.9413,47.4445,1000,0,1000.0
LTE,216,18.9495,47.4424,1000,0,1000.0
LTE,216,18.9853,47.4469,1000,0,1000.0
LTE,216,19.0091,47.4624,1000,0,1000.0
LTE,216,19.0306,47.4672,1000,0,1000.0
LTE,216,19.0409,47.4677,1000,0,1000.0
LTE,216,19.2861,47.4448,1000,0,1000.0
LTE,216,19.29,47.4484,1000,0,1000.0
LTE,216,19.2987,47.4561,1000,0,1000.0
LTE,216,19.2579,47.3753,1000,0,1000.0
LTE,216,19.3202,47.4598,2482,0,1000.0
LTE,216,19.3231,47.4275,1344,0,1000.0
LTE,216,19.2614,47.4333,1000,0,1000.0
LTE,216,19.0482,47.4615,1000,0,1000.0
LTE,216,19.0476,47.4594,1000,0,1000.0
LTE,216,19.0427,47.4276,1000,0,1000.0
LTE,216,19.0475,47.4554,1000,0,1000.0
LTE,216,19.0511,47.4497,1000,0,1000.0
LTE,216,19.1254,47.4655,1000,0,1000.0
LTE,216,19.2576,47.544,1000,0,1000.0
LTE,216,19.0205,47.4884,1000,0,1000.0
LTE,216,19.0173,47.4901,1000,0,1000.0
LTE,216,19.0211,47.492,1000,0,1000.0
LTE,216,19.0335,47.4795,1000,0,1000.0
LTE,216,19.0341,47.4798,1000,0,1000.0
LTE,216,19.0222,47.5073,1000,0,1000.0
LTE,216,19.0099,47.4907,1000,0,1000.0
LTE,216,19.0129,47.477,1181,0,1000.0
LTE,216,19.2705,47.3796,1000,0,1000.0
LTE,216,19.0844,47.5334,1000,0,1000.0
LTE,216,19.0351,47.5523,1000,0,1000.0
NR,216,18.9751,47.5304,1000,0,1000.0
NR,216,18.9776,47.5344,1000,0,1000.0
NR,216,18.9817,47.5251,1000,0,1000.0
LTE,216,19.1312,47.4434,1000,0,1000.0
LTE,216,19.1204,47.4421,1000,0,1000.0
LTE,216,18.9944,47.5221,1000,0,1000.0
LTE,216,18.9937,47.5216,1000,0,1000.0
LTE,216,18.9955,47.5227,1000,0,1000.0
LTE,216,18.9962,47.5226,1000,0,1000.0
LTE,216,18.9965,47.5224,1000,0,1000.0
LTE,216,18.9971,47.522,1000,0,1000.0
LTE,216,18.995,47.5224,1000,0,1000.0
LTE,216,18.9942,47.5199,1000,0,1000.0
GSM,216,18.9974,47.5185,1000,0,1000.0
LTE,216,18.9906,47.5231,1000,0,1000.0
LTE,216,18.9912,47.5248,1000,0,1000.0
NR,216,18.9879,47.5265,1000,0,1000.0
LTE,216,19.0775,47.5257,1000,0,1000.0
LTE,216,19.1074,47.4627,1000,0,1000.0
LTE,216,19.1146,47.4545,1000,0,1000.0
LTE,216,19.1197,47.451,1000,0,1000.0
LTE,216,19.128,47.4454,1000,0,1000.0
LTE,216,19.1358,47.4405,1000,0,1000.0
LTE,216,19.1426,47.4368,1000,0,1000.0
LTE,216,19.2243,47.5337,925,0,925.0
LTE,216,19.2159,47.5382,1000,0,1000.0
LTE,216,19.0745,47.613,912,0,912.0
LTE,216,19.0697,47.612,929,0,929.0
LTE,216,19.0628,47.6101,1000,0,1000.0
LTE,216,19.048,47.562,1000,0,1000.0
LTE,216,19.0493,47.5668,1000,0,1000.0
LTE,216,19.0486,47.5736,1000,0,1000.0
LTE,216,19.0536,47.5955,1000,0,1000.0
LTE,216,19.0557,47.5987,1000,0,1000.0
LTE,216,19.074,47.6123,1186,0,1000.0
LTE,216,19.1469,47.5834,666,0,666.0
LTE,216,19.1528,47.578,1000,0,1000.0
LTE,216,19.2576,47.5201,1000,0,1000.0
LTE,216,19.1992,47.5446,1121,0,1000.0
LTE,216,19.1518,47.5702,1000,0,1000.0
LTE,216,19.105,47.5367,1000,0,1000.0
LTE,216,19.0724,47.5292,1000,0,1000.0
LTE,216,19.0898,47.5325,1000,0,1000.0
LTE,216,19.1256,47.4471,1000,0,1000.0
LTE,216,19.0751,47.4686,1000,0,1000.0
LTE,216,19.0655,47.4689,500,0,500.0
LTE,216,19.0683,47.4701,1000,0,1000.0
LTE,216,19.021,47.4871,1231,0,1000.0
LTE,216,19.0165,47.4866,1256,0,1000.0
LTE,216,19.0163,47.4864,1278,0,1000.0
LTE,216,19.0277,47.4843,1000,0,1000.0
LTE,216,19.0074,47.4695,1000,0,1000.0
LTE,216,18.961,47.4548,3855,0,300.0
LTE,216,18.9589,47.461,1000,0,1000.0
LTE,216,18.9923,47.4621,1000,0,1000.0
LTE,216,18.9932,47.4735,1000,0,1000.0
LTE,216,19.0205,47.4712,1000,0,1000.0
LTE,216,19.0653,47.4924,1000,0,1000.0
LTE,216,19.0583,47.4875,1000,0,1000.0
LTE,216,19.0564,47.4865,1000,0,1000.0
LTE,216,19.0542,47.485,1000,0,1000.0
LTE,216,19.0527,47.4844,1000,0,1000.0
LTE,216,19.052,47.4809,1000,0,1000.0
LTE,216,19.0535,47.484,1000,0,1000.0
LTE,216,19.065,47.4925,1000,0,1000.0
GSM,216,19.0696,47.4894,1000,0,1000.0
LTE,216,19.0673,47.492,1000,0,1000.0
LTE,216,19.0683,47.493,1000,0,1000.0
LTE,216,19.0704,47.4927,1000,0,1000.0
LTE,216,19.0707,47.4922,1000,0,1000.0
LTE,216,19.0651,47.4925,1000,0,1000.0
LTE,216,19.0639,47.4931,1000,0,1000.0
LTE,216,19.0878,47.4796,1000,0,1000.0
LTE,216,19.0909,47.4774,1000,0,1000.0
LTE,216,19.0969,47.4752,1000,0,1000.0
LTE,216,19.0933,47.4751,1000,0,1000.0
LTE,216,19.0693,47.4778,1000,0,1000.0
LTE,216,19.0744,47.4783,1000,0,1000.0
LTE,216,19.0742,47.4811,1000,0,1000.0
LTE,216,19.074,47.483,1000,0,1000.0
LTE,216,19.0714,47.484,1000,0,1000.0
LTE,216,19.0702,47.4894,1000,0,1000.0
LTE,216,19.0065,47.4644,1000,0,1000.0
LTE,216,18.9976,47.4616,1000,0,1000.0
LTE,216,18.9949,47.4619,1000,0,1000.0
LTE,216,18.9867,47.463,1000,0,1000.0
LTE,216,18.9753,47.4625,1000,0,1000.0
LTE,216,18.9717,47.4621,1000,0,1000.0
LTE,216,18.9654,47.4615,1000,0,1000.0
LTE,216,18.9578,47.4608,1000,0,1000.0
LTE,216,18.9469,47.4613,1000,0,1000.0
LTE,216,18.9458,47.461,1000,0,1000.0
LTE,216,18.9469,47.4588,1000,0,1000.0
LTE,216,18.9362,47.4405,1048,0,1000.0
LTE,216,18.9243,47.4339,500,0,500.0
LTE,216,18.9305,47.4273,1000,0,1000.0
LTE,216,18.9324,47.4056,1000,0,1000.0
LTE,216,18.9391,47.4021,1000,0,1000.0
LTE,216,18.9466,47.4021,1778,0,1000.0
LTE,216,19.0133,47.4288,1000,0,1000.0
LTE,216,19.0199,47.4268,1000,0,1000.0
LTE,216,19.0209,47.427,1000,0,1000.0
LTE,216,19.0214,47.4282,1000,0,1000.0
LTE,216,19.024,47.427,1000,0,1000.0
LTE,216,19.0274,47.4268,1000,0,1000.0
LTE,216,19.0301,47.4277,1000,0,1000.0
LTE,216,19.0323,47.4272,1000,0,1000.0
LTE,216,19.0329,47.4264,1000,0,1000.0
LTE,216,19.0323,47.4258,1000,0,1000.0
LTE,216,19.0294,47.426,1000,0,1000.0
LTE,216,19.0178,47.4301,1000,0,1000.0
LTE,216,19.0129,47.4363,1000,0,1000.0
LTE,216,19.0125,47.4409,1000,0,1000.0
LTE,216,19.0257,47.4586,1000,0,1000.0
LTE,216,19.0475,47.4571,1000,0,1000.0
LTE,216,19.0522,47.4584,1000,0,1000.0
LTE,216,19.0525,47.4606,1000,0,1000.0
LTE,216,19.0655,47.492,1000,0,1000.0
LTE,216,18.9925,47.4596,1000,0,1000.0
LTE,216,18.8961,47.4337,1000,0,1000.0
LTE,216,18.8792,47.4662,1000,0,1000.0
LTE,216,18.8931,47.4601,1000,0,1000.0
LTE,216,18.8937,47.4603,1000,0,1000.0
LTE,216,18.9175,47.4368,1000,0,1000.0
LTE,216,18.9888,47.421,1273,0,1000.0
LTE,216,18.9927,47.4203,1340,0,1000.0
LTE,216,19.0434,47.4903,1000,0,1000.0
LTE,216,19.047,47.4901,1000,0,1000.0
LTE,216,19.0687,47.49,1000,0,1000.0
LTE,216,19.0684,47.488,1000,0,1000.0
LTE,216,19.0688,47.4869,1000,0,1000.0
LTE,216,18.8867,47.4111,1000,0,1000.0
LTE,216,18.9108,47.396,1000,0,1000.0
LTE,216,18.9178,47.3989,1000,0,1000.0
LTE,216,18.9215,47.3969,1000,0,1000.0
LTE,216,18.9261,47.4002,1000,0,1000.0
LTE,216,19.0032,47.4286,891,0,891.0
LTE,216,19.0854,47.4821,1000,0,1000.0
LTE,216,19.0882,47.4831,1000,0,1000.0
LTE,216,19.0966,47.4752,1000,0,1000.0
LTE,216,19.0809,47.4723,1000,0,1000.0
LTE,216,19.0758,47.4728,1000,0,1000.0
LTE,216,19.073,47.4731,1000,0,1000.0
LTE,216,19.0664,47.4753,1000,0,1000.0
LTE,216,19.0539,47.4742,1000,0,1000.0
LTE,216,18.8559,47.3932,1000,0,1000.0
LTE,216,18.9924,47.4567,1000,0,1000.0
LTE,216,19.0327,47.4567,1000,0,1000.0
LTE,216,19.0377,47.4562,1000,0,1000.0
LTE,216,19.0429,47.4556,1000,0,1000.0
LTE,216,19.0448,47.4554,1000,0,1000.0
LTE,216,19.0475,47.4591,1000,0,1000.0
LTE,216,19.0476,47.4592,1000,0,1000.0
LTE,216,19.0482,47.461,1000,0,1000.0
LTE,216,19.0483,47.4613,1000,0,1000.0
LTE,216,19.0557,47.4725,1000,0,1000.0
LTE,216,19.0965,47.4761,1000,0,1000.0
LTE,216,19.0934,47.475,1000,0,1000.0
LTE,216,19.0876,47.4887,1000,0,1000.0
LTE,216,19.0861,47.4891,1000,0,1000.0
LTE,216,19.0814,47.4891,1000,0,1000.0
LTE,216,19.074,47.4866,1000,0,1000.0
LTE,216,19.0746,47.4857,1000,0,1000.0
LTE,216,19.0648,47.4925,1000,0,1000.0
LTE,216,19.0636,47.4918,1000,0,1000.0
LTE,216,19.0639,47.4909,1000,0,1000.0
LTE,216,19.0639,47.4901,1000,0,1000.0
LTE,216,19.0643,47.4908,1000,0,1000.0
LTE,216,19.0635,47.4921,1000,0,1000.0
LTE,216,19.0633,47.4887,1000,0,1000.0
LTE,216,19.0639,47.4888,1000,0,1000.0
LTE,216,19.0647,47.4895,1000,0,1000.0
LTE,216,19.0653,47.4897,1000,0,1000.0
LTE,216,18.982,47.4475,1154,0,1000.0
LTE,216,18.9723,47.4467,1000,0,1000.0
LTE,216,18.9687,47.4468,1000,0,1000.0
LTE,216,18.9607,47.4471,1000,0,1000.0
LTE,216,18.9277,47.3901,1000,0,1000.0
LTE,216,18.9119,47.404,1000,0,1000.0
LTE,216,18.9087,47.4067,1000,0,1000.0
LTE,216,18.9057,47.4075,1000,0,1000.0
LTE,216,18.9046,47.4082,1000,0,1000.0
LTE,216,18.9001,47.4113,1000,0,1000.0
LTE,216,18.9359,47.4403,1000,0,1000.0
LTE,216,18.9309,47.4381,1000,0,1000.0
LTE,216,18.9255,47.4336,1000,0,1000.0
LTE,216,18.9396,47.403,1000,0,1000.0
LTE,216,19.0646,47.483,1000,0,1000.0
LTE,216,19.0609,47.4881,1000,0,1000.0
LTE,216,19.0623,47.4948,1000,0,1000.0
LTE,216,19.0648,47.4939,1000,0,1000.0
LTE,216,19.068,47.4908,1000,0,1000.0
LTE,216,19.0676,47.4922,1000,0,1000.0
LTE,216,19.0691,47.4947,1000,0,1000.0
LTE,216,19.0678,47.4951,1000,0,1000.0
LTE,216,19.0665,47.4943,1000,0,1000.0
LTE,216,19.0668,47.4934,1000,0,1000.0
LTE,216,19.0632,47.489,1000,0,1000.0
LTE,216,19.0556,47.4916,1000,0,1000.0
LTE,216,19.0534,47.4921,1000,0,1000.0
LTE,216,19.0546,47.491,1000,0,1000.0
LTE,216,19.055,47.4905,1000,0,1000.0
LTE,216,19.057,47.4909,1000,0,1000.0
LTE,216,19.0636,47.4924,1000,0,1000.0
LTE,216,19.0696,47.486,1000,0,1000.0
LTE,216,19.0714,47.4853,1000,0,1000.0
LTE,216,19.0742,47.4843,1000,0,1000.0
LTE,216,19.0789,47.4825,1000,0,1000.0
LTE,216,19.079,47.4826,1000,0,1000.0
LTE,216,19.0847,47.4807,1000,0,1000.0
LTE,216,19.07,47.4753,1000,0,1000.0
LTE,216,19.069,47.4776,1000,0,1000.0
LTE,216,19.0693,47.4777,1000,0,1000.0
LTE,216,19.0713,47.4786,1000,0,1000.0
LTE,216,19.0741,47.4809,1000,0,1000.0
LTE,216,19.0739,47.4831,1000,0,1000.0
LTE,216,19.0727,47.4836,1000,0,1000.0
LTE,216,19.0711,47.4893,1000,0,1000.0
LTE,216,19.0494,47.491,1000,0,1000.0
LTE,216,19.0329,47.49,1000,0,1000.0
LTE,216,19.0321,47.4846,1000,0,1000.0
LTE,216,19.0495,47.4832,1000,0,1000.0
LTE,216,19.0595,47.4881,1000,0,1000.0
LTE,216,18.9268,47.4056,1000,0,1000.0
LTE,216,18.9355,47.3845,1000,0,1000.0
LTE,216,18.9324,47.4574,1000,0,1000.0
LTE,216,19.016,47.4856,1000,0,1000.0
LTE,216,19.0157,47.4896,1000,0,1000.0
LTE,216,19.0162,47.4881,1087,0,1000.0
LTE,216,19.0214,47.4818,1000,0,1000.0
LTE,216,19.018,47.4848,1000,0,1000.0
LTE,216,19.0085,47.4855,1000,0,1000.0
LTE,216,19.0107,47.4921,1000,0,1000.0
LTE,216,19.0146,47.4966,1000,0,1000.0
LTE,216,19.0152,47.4954,1000,0,1000.0
LTE,216,19.0141,47.4978,1000,0,1000.0
LTE,216,19.0183,47.4847,1000,0,1000.0
LTE,216,19.047,47.476,1000,0,1000.0
LTE,216,19.0331,47.465,1000,0,1000.0
LTE,216,19.0327,47.4686,1142,0,1000.0
LTE,216,19.1063,47.4997,1000,0,1000.0
LTE,216,19.088,47.5049,1000,0,1000.0
LTE,216,19.0869,47.5058,1000,0,1000.0
LTE,216,19.0693,47.5208,1000,0,1000.0
LTE,216,19.0665,47.5233,1000,0,1000.0
LTE,216,19.0638,47.5249,1000,0,1000.0
LTE,216,19.0651,47.5251,1000,0,1000.0
LTE,216,19.0645,47.5243,1000,0,1000.0
LTE,216,19.0638,47.525,1000,0,1000.0
LTE,216,19.0645,47.524,1000,0,1000.0
LTE,216,19.0663,47.5227,1000,0,1000.0
LTE,216,19.0668,47.5223,1000,0,1000.0
LTE,216,19.0699,47.5204,1000,0,1000.0
LTE,216,19.2026,47.5061,1000,0,1000.0
LTE,216,19.2258,47.4965,1000,0,1000.0
LTE,216,18.9192,47.3792,1000,0,1000.0
LTE,216,18.9253,47.3802,1000,0,1000.0
LTE,216,18.9652,47.3865,1000,0,1000.0
LTE,216,18.9763,47.3882,1000,0,1000.0
LTE,216,18.9867,47.3899,1000,0,1000.0
LTE,216,19.0269,47.4078,1000,0,1000.0
LTE,216,19.0325,47.4104,1000,0,1000.0
LTE,216,19.0383,47.4132,1000,0,1000.0
LTE,216,19.0419,47.4172,1000,0,1000.0
LTE,216,19.0418,47.4232,1000,0,1000.0
LTE,216,19.0412,47.4284,1000,0,1000.0
LTE,216,19.0386,47.4339,1000,0,1000.0
LTE,216,19.0342,47.4405,1000,0,1000.0
LTE,216,19.0311,47.4453,1000,0,1000.0
LTE,216,19.0242,47.4734,1000,0,1000.0
LTE,216,19.0297,47.4745,1000,0,1000.0
LTE,216,19.0481,47.4752,1000,0,1000.0
LTE,216,19.0506,47.4764,1000,0,1000.0
LTE,216,19.0483,47.4743,1000,0,1000.0
LTE,216,19.043,47.4751,1000,0,1000.0
LTE,216,19.0429,47.4751,1000,0,1000.0
LTE,216,19.0374,47.4741,1000,0,1000.0
LTE,216,19.034,47.4736,1000,0,1000.0
LTE,216,19.0368,47.4731,1000,0,1000.0
LTE,216,19.0389,47.4726,1000,0,1000.0
LTE,216,19.0379,47.4728,1000,0,1000.0
LTE,216,19.0409,47.4723,1000,0,1000.0
LTE,216,19.0416,47.4722,1000,0,1000.0
LTE,216,19.0429,47.4734,1000,0,1000.0
LTE,216,19.0508,47.4771,1000,0,1000.0
LTE,216,19.0511,47.4776,1000,0,1000.0
LTE,216,19.0512,47.4776,1000,0,1000.0
LTE,216,19.0482,47.4725,1000,0,1000.0
LTE,216,19.047,47.4728,1000,0,1000.0
LTE,216,19.0418,47.474,1000,0,1000.0
LTE,216,19.0398,47.4744,1000,0,1000.0
LTE,216,19.0378,47.4742,1000,0,1000.0
LTE,216,18.9752,47.5338,1000,0,1000.0
LTE,216,18.9729,47.5378,1000,0,1000.0
LTE,216,18.9767,47.5298,1000,0,1000.0
LTE,216,19.0332,47.3569,1000,0,1000.0
LTE,216,19.1518,47.4451,1000,0,1000.0
LTE,216,19.1599,47.4117,1000,0,1000.0
GSM,216,19.2137,47.3641,1000,0,1000.0
LTE,216,19.0768,47.511,1000,0,1000.0
LTE,216,18.9785,47.5341,1000,0,1000.0
LTE,216,19.0008,47.5149,1000,0,1000.0
LTE,216,19.0027,47.5137,1000,0,1000.0
LTE,216,19.0058,47.5118,1000,0,1000.0
LTE,216,19.0114,47.5097,1000,0,1000.0
LTE,216,19.0201,47.5085,1000,0,1000.0
LTE,216,19.0247,47.5068,1000,0,1000.0
LTE,216,19.0236,47.5029,1205,0,1000.0
LTE,216,19.0242,47.4908,1000,0,1000.0
LTE,216,19.0306,47.5104,1000,0,1000.0
LTE,216,19.0325,47.5111,1000,0,1000.0
LTE,216,19.0786,47.4955,1249,0,1000.0
LTE,216,19.0816,47.4945,1323,0,1000.0
LTE,216,19.0851,47.4933,1602,0,1000.0
LTE,216,19.0988,47.4755,1000,0,1000.0
GSM,216,19.0714,47.5105,1000,0,1000.0
GSM,216,19.066,47.507,1000,0,1000.0
GSM,216,19.054,47.4973,1000,0,1000.0
GSM,216,19.0611,47.5038,1000,0,1000.0
GSM,216,19.0331,47.5011,1000,0,1000.0
GSM,216,19.0503,47.4967,1000,0,1000.0
GSM,216,19.0601,47.4973,1000,0,1000.0
LTE,216,19.0763,47.5116,1000,0,1000.0
LTE,216,19.0785,47.5125,1000,0,1000.0
LTE,216,19.0787,47.5153,1000,0,1000.0
LTE,216,19.0779,47.5151,1000,0,1000.0
LTE,216,19.0693,47.5092,1000,0,1000.0
LTE,216,19.0661,47.507,1000,0,1000.0
LTE,216,19.059,47.5024,1000,0,1000.0
LTE,216,19.0544,47.4975,1000,0,1000.0
LTE,216,19.0418,47.4988,1000,0,1000.0
LTE,216,19.0354,47.5022,1000,0,1000.0
LTE,216,19.0333,47.5013,1000,0,1000.0
LTE,216,19.0487,47.4961,1000,0,1000.0
LTE,216,19.0517,47.4965,1000,0,1000.0
LTE,216,19.0527,47.496,1000,0,1000.0
LTE,216,19.0603,47.4991,1000,0,1000.0
GSM,216,19.0137,47.465,1000,0,1000.0
LTE,216,19.0739,47.5107,1000,0,1000.0
LTE,216,19.0787,47.5126,1000,0,1000.0
LTE,216,19.0799,47.5118,1000,0,1000.0
LTE,216,19.0841,47.5077,1000,0,1000.0
LTE,216,19.0886,47.5042,1000,0,1000.0
LTE,216,19.0782,47.4992,1000,0,1000.0
LTE,216,19.054,47.4926,1000,0,1000.0
LTE,216,19.0514,47.4917,1000,0,1000.0
LTE,216,18.8577,47.4699,1000,0,1000.0
LTE,216,18.8639,47.468,1000,0,1000.0
LTE,216,19.0966,47.5098,1000,0,1000.0
LTE,216,19.0742,47.5171,1000,0,1000.0
LTE,216,19.1261,47.4647,1000,0,1000.0
LTE,216,19.1275,47.4642,1000,0,1000.0
LTE,216,19.021,47.5217,1000,0,1000.0
LTE,216,19.2601,47.4322,1000,0,1000.0
LTE,216,19.2122,47.445,3971,0,300.0
LTE,216,19.1432,47.464,1000,0,1000.0
LTE,216,19.1112,47.4708,1000,0,1000.0
LTE,216,19.0349,47.5134,1000,0,1000.0
LTE,216,19.0942,47.4745,1000,0,1000.0
LTE,216,19.0609,47.4978,1000,0,1000.0
LTE,216,19.0243,47.5071,1000,0,1000.0
LTE,216,19.0161,47.4839,1000,0,1000.0
LTE,216,19.2591,47.4325,1000,0,1000.0
LTE,216,19.114,47.5434,1000,0,1000.0
LTE,216,19.1795,47.5869,1000,0,1000.0
LTE,216,19.1816,47.5882,1000,0,1000.0
LTE,216,19.1874,47.5909,1000,0,1000.0
LTE,216,19.2184,47.5929,1000,0,1000.0
LTE,216,19.27,47.6003,1000,0,1000.0
LTE,216,19.3439,47.6154,1000,0,1000.0
LTE,216,19.3421,47.4386,835,0,835.0
LTE,216,19.3134,47.4419,1000,0,1000.0
LTE,216,19.2967,47.4558,976,0,976.0
LTE,216,19.2943,47.4573,1000,0,1000.0
LTE,216,19.2939,47.4575,1000,0,1000.0
LTE,216,19.285,47.4624,1000,0,1000.0
LTE,216,19.2598,47.4215,4966,0,300.0
LTE,216,19.282,47.4638,1000,0,1000.0
LTE,216,19.2604,47.4665,1000,0,1000.0
LTE,216,19.2223,47.4756,1000,0,1000.0
LTE,216,19.2128,47.4791,1000,0,1000.0
LTE,216,19.2096,47.4803,1000,0,1000.0
LTE,216,19.2031,47.4827,1000,0,1000.0
LTE,216,19.2019,47.4831,1000,0,1000.0
LTE,216,19.2004,47.4837,1000,0,1000.0
LTE,216,19.1287,47.491,1000,0,1000.0
LTE,216,19.1276,47.4908,1000,0,1000.0
LTE,216,19.117,47.4886,1000,0,1000.0
LTE,216,19.1083,47.4884,1000,0,1000.0
LTE,216,19.101,47.4946,1000,0,1000.0
LTE,216,19.0961,47.4995,1000,0,1000.0
LTE,216,19.0921,47.5006,1000,0,1000.0
LTE,216,19.0514,47.47,1000,0,1000.0
LTE,216,18.9689,47.4475,1000,0,1000.0
LTE,216,18.9506,47.4507,1000,0,1000.0
LTE,216,18.8646,47.4615,2350,0,1000.0
LTE,216,18.852,47.4686,3582,0,300.0
LTE,216,19.2284,47.5255,1000,0,1000.0
LTE,216,19.2355,47.533,1000,0,1000.0
LTE,216,19.1038,47.5068,1000,0,1000.0
LTE,216,19.066,47.5037,3108,0,300.0
LTE,216,19.1351,47.6439,1000,0,1000.0
LTE,216,19.1344,47.6402,1000,0,1000.0
LTE,216,19.136,47.6255,1000,0,1000.0
LTE,216,19.1289,47.608,1000,0,1000.0
LTE,216,19.1216,47.5914,1000,0,1000.0
LTE,216,19.1181,47.5806,1000,0,1000.0
LTE,216,19.1175,47.5787,1000,0,1000.0
LTE,216,19.1169,47.5771,1000,0,1000.0
LTE,216,19.1068,47.549,1830,0,1000.0
LTE,216,19.0883,47.5245,1000,0,1000.0
LTE,216,19.0759,47.5193,1000,0,1000.0
GSM,216,19.0587,47.3796,1000,0,1000.0
LTE,216,19.0707,47.4976,1000,0,1000.0
LTE,216,19.1897,47.5083,1000,0,1000.0
LTE,216,19.1525,47.5047,1000,0,1000.0
LTE,216,19.1567,47.5055,1000,0,1000.0
LTE,216,19.1637,47.5062,1000,0,1000.0
LTE,216,19.1698,47.5072,1000,0,1000.0
LTE,216,19.1765,47.5084,1000,0,1000.0
LTE,216,19.1847,47.5097,1000,0,1000.0
LTE,216,19.1895,47.5081,1000,0,1000.0
LTE,216,19.348,47.3911,1000,0,1000.0
LTE,216,19.248,47.4159,1000,0,1000.0
LTE,216,19.244,47.4194,1000,0,1000.0
LTE,216,19.1579,47.4622,1000,0,1000.0
LTE,216,19.1532,47.4634,1000,0,1000.0
LTE,216,19.1451,47.4655,1000,0,1000.0
LTE,216,19.1393,47.4685,593,0,593.0
LTE,216,19.137,47.47,1000,0,1000.0
LTE,216,19.1291,47.4806,1000,0,1000.0
LTE,216,19.1309,47.566,1000,0,1000.0
LTE,216,19.1434,47.5763,1000,0,1000.0
LTE,216,19.0808,47.489,1000,0,1000.0
LTE,216,19.0899,47.4884,1000,0,1000.0
LTE,216,19.092,47.4884,1000,0,1000.0
LTE,216,19.0926,47.486,1000,0,1000.0
LTE,216,19.0903,47.4816,1000,0,1000.0
LTE,216,19.0892,47.4796,1000,0,1000.0
LTE,216,19.0871,47.4811,1000,0,1000.0
LTE,216,19.0855,47.4838,1000,0,1000.0
LTE,216,19.0873,47.4833,1000,0,1000.0
NR,216,19.0868,47.4812,1000,0,1000.0
NR,216,19.0911,47.4812,1000,0,1000.0
NR,216,19.087,47.4827,1000,0,1000.0
NR,216,19.0889,47.4829,500,0,500.0
NR,216,19.0882,47.4838,1000,0,1000.0
NR,216,19.087,47.4852,1000,0,1000.0
NR,216,19.0855,47.4852,1000,0,1000.0
NR,216,19.0841,47.4858,1000,0,1000.0
LTE,216,19.079,47.4879,1000,0,1000.0
LTE,216,19.0494,47.4789,1000,0,1000.0
LTE,216,19.0507,47.4794,1000,0,1000.0
LTE,216,19.0514,47.4801,1000,0,1000.0
LTE,216,18.9045,47.477,2921,0,1000.0
LTE,216,18.9305,47.4958,1000,0,1000.0
LTE,216,18.9141,47.4953,1000,0,1000.0
LTE,216,18.9235,47.4957,1000,0,1000.0
LTE,216,18.9167,47.4986,1000,0,1000.0
LTE,216,18.9236,47.5019,1000,0,1000.0
LTE,216,19.0092,47.5298,1000,0,1000.0
LTE,216,19.0127,47.5295,1000,0,1000.0
LTE,216,19.0363,47.5287,723,0,723.0
LTE,216,19.0388,47.5321,1000,0,1000.0
LTE,216,19.0411,47.5341,1000,0,1000.0
LTE,216,19.0506,47.5372,500,0,500.0
LTE,216,19.039,47.5357,1000,0,1000.0
LTE,216,19.0409,47.5398,1000,0,1000.0
LTE,216,19.0346,47.5449,1000,0,1000.0
LTE,216,19.0283,47.5486,1000,0,1000.0
LTE,216,19.0253,47.5505,1000,0,1000.0
LTE,216,19.0488,47.4787,1000,0,1000.0
LTE,216,18.981,47.457,1000,0,1000.0
LTE,216,18.9251,47.4603,1000,0,1000.0
LTE,216,18.9229,47.4601,1000,0,1000.0
LTE,216,18.9322,47.4942,1000,0,1000.0
LTE,216,18.9947,47.4599,1000,0,1000.0
LTE,216,19.0054,47.4618,1000,0,1000.0
LTE,216,19.0141,47.4654,1000,0,1000.0
LTE,216,19.0154,47.4657,1000,0,1000.0
LTE,216,19.0195,47.4701,1000,0,1000.0
LTE,216,19.0249,47.474,1000,0,1000.0
LTE,216,19.0321,47.476,1000,0,1000.0
LTE,216,19.0335,47.4763,1000,0,1000.0
LTE,216,19.0357,47.4765,1000,0,1000.0
LTE,216,19.0382,47.4771,1000,0,1000.0
LTE,216,19.0441,47.4784,1000,0,1000.0
LTE,216,18.9281,47.4999,1000,0,1000.0
LTE,216,18.92,47.4919,1000,0,1000.0
LTE,216,18.9008,47.4654,1000,0,1000.0
LTE,216,18.9226,47.4203,1000,0,1000.0
LTE,216,18.9783,47.4006,1000,0,1000.0
GSM,216,18.9309,47.4947,1000,0,1000.0
LTE,216,19.031,47.5407,1000,0,1000.0
LTE,216,19.0318,47.5391,1000,0,1000.0
LTE,216,19.0375,47.5245,1000,0,1000.0
LTE,216,19.0395,47.52,1000,0,1000.0
LTE,216,19.0396,47.5213,1000,0,1000.0
LTE,216,19.0413,47.5173,1000,0,1000.0
LTE,216,19.0394,47.5133,1000,0,1000.0
LTE,216,19.0385,47.5109,1000,0,1000.0
LTE,216,19.0384,47.5087,1000,0,1000.0
LTE,216,19.0376,47.5078,1000,0,1000.0
LTE,216,19.034,47.5077,1000,0,1000.0
LTE,216,19.0335,47.5077,1000,0,1000.0
LTE,216,19.0311,47.5072,1000,0,1000.0
LTE,216,19.0292,47.5071,1000,0,1000.0
LTE,216,19.0278,47.5067,1000,0,1000.0
LTE,216,19.0251,47.5026,1000,0,1000.0
LTE,216,19.0164,47.5061,2923,0,1000.0
LTE,216,19.0144,47.5237,1000,0,1000.0
LTE,216,19.0152,47.5066,1000,0,1000.0
LTE,216,19.026,47.5001,1000,0,1000.0
LTE,216,19.0293,47.4981,1000,0,1000.0
LTE,216,19.0315,47.4971,1000,0,1000.0
LTE,216,19.0433,47.4914,1000,0,1000.0
LTE,216,19.0486,47.4907,1000,0,1000.0
LTE,216,19.055,47.4929,1000,0,1000.0
LTE,216,19.0583,47.4936,1000,0,1000.0
LTE,216,19.061,47.4923,1000,0,1000.0
LTE,216,19.0615,47.4911,1000,0,1000.0
LTE,216,19.0622,47.4896,1000,0,1000.0
LTE,216,19.0662,47.4891,1000,0,1000.0
LTE,216,19.0698,47.4894,1000,0,1000.0
LTE,216,19.0729,47.4897,1000,0,1000.0
LTE,216,19.0759,47.4896,1000,0,1000.0
LTE,216,19.0581,47.5759,1000,0,1000.0
LTE,216,19.0574,47.5781,1000,0,1000.0
LTE,216,19.0597,47.5799,1000,0,1000.0
LTE,216,19.0611,47.5807,1000,0,1000.0
LTE,216,19.0624,47.5873,1000,0,1000.0
LTE,216,19.0642,47.5913,1000,0,1000.0
LTE,216,19.0651,47.594,1000,0,1000.0
LTE,216,19.0687,47.5939,1000,0,1000.0
LTE,216,19.0678,47.5907,1000,0,1000.0
LTE,216,19.067,47.5908,1000,0,1000.0
LTE,216,19.0637,47.5784,1000,0,1000.0
LTE,216,19.0622,47.5729,1000,0,1000.0
LTE,216,19.0618,47.5693,1000,0,1000.0
LTE,216,19.0679,47.5226,1000,0,1000.0
LTE,216,18.9605,47.5282,556,0,556.0
LTE,216,18.9693,47.5296,1000,0,1000.0
LTE,216,18.9455,47.5323,1295,0,1000.0
LTE,216,18.9421,47.5422,1070,0,1000.0
LTE,216,18.9499,47.5341,1512,0,1000.0
LTE,216,18.9655,47.5319,1000,0,1000.0
LTE,216,18.9717,47.5287,1000,0,1000.0
LTE,216,18.9788,47.525,1000,0,1000.0
LTE,216,18.8638,47.4683,1000,0,1000.0
LTE,216,18.9029,47.4496,1000,0,1000.0
LTE,216,18.9875,47.4472,1000,0,1000.0
LTE,216,19.1091,47.4737,1000,0,1000.0
LTE,216,19.1101,47.4741,1000,0,1000.0
LTE,216,19.1135,47.4755,1000,0,1000.0
LTE,216,19.1189,47.4861,1000,0,1000.0
LTE,216,19.098,47.4993,1000,0,1000.0
LTE,216,19.2883,47.4604,1000,0,1000.0
LTE,216,19.2909,47.459,1000,0,1000.0
LTE,216,19.302,47.4526,1000,0,1000.0
NR,216,19.0934,47.4855,1000,0,1000.0
NR,216,19.0983,47.4839,1000,0,1000.0
NR,216,19.088,47.4804,1000,0,1000.0
NR,216,19.0844,47.4844,1000,0,1000.0
NR,216,19.0854,47.484,1000,0,1000.0
NR,216,19.0814,47.488,1000,0,1000.0
NR,216,18.9745,47.5296,1000,0,1000.0
LTE,216,19.0392,47.532,2331,0,1000.0
LTE,216,19.0254,47.531,1000,0,1000.0
LTE,216,19.0451,47.5282,1193,0,1000.0
LTE,216,19.0423,47.522,1000,0,1000.0
LTE,216,19.0423,47.5194,1000,0,1000.0
LTE,216,19.0449,47.5171,1000,0,1000.0
LTE,216,19.0475,47.5208,1000,0,1000.0
LTE,216,19.0468,47.5199,1000,0,1000.0
LTE,216,19.0506,47.5261,1000,0,1000.0
LTE,216,19.0503,47.5252,1000,0,1000.0
LTE,216,19.0493,47.5233,1000,0,1000.0
LTE,216,19.053,47.5315,1000,0,1000.0
LTE,216,19.0482,47.5387,1000,0,1000.0
NR,216,19.0467,47.5366,1000,0,1000.0
NR,216,19.0453,47.535,1000,0,1000.0
NR,216,19.0446,47.5342,1000,0,1000.0
NR,216,19.0426,47.5321,1000,0,1000.0
NR,216,19.0294,47.5297,1000,0,1000.0
NR,216,19.0357,47.5278,1000,0,1000.0
NR,216,18.9987,47.5285,1000,0,1000.0
LTE,216,18.9413,47.5232,1000,0,1000.0
LTE,216,18.9367,47.5279,509,0,509.0
LTE,216,18.9358,47.5431,1000,0,1000.0
LTE,216,18.9478,47.5422,550,0,550.0
LTE,216,18.9772,47.5281,1000,0,1000.0
GSM,216,19.0683,47.5223,1000,0,1000.0
LTE,216,19.0618,47.5285,1000,0,1000.0
LTE,216,19.0609,47.529,500,0,500.0
LTE,216,19.0638,47.5296,1000,0,1000.0
LTE,216,19.0601,47.5316,500,0,500.0
LTE,216,19.0621,47.5306,1000,0,1000.0
LTE,216,19.0602,47.5329,1000,0,1000.0
LTE,216,19.058,47.5304,1000,0,1000.0
LTE,216,19.058,47.5312,1000,0,1000.0
LTE,216,19.0578,47.5274,500,0,500.0
LTE,216,19.058,47.5265,1000,0,1000.0
LTE,216,19.0607,47.5259,1000,0,1000.0
LTE,216,19.061,47.5253,1000,0,1000.0
LTE,216,19.0623,47.5276,534,0,534.0
LTE,216,19.0656,47.5323,1000,0,1000.0
LTE,216,19.0604,47.5278,1000,0,1000.0
LTE,216,19.0634,47.5295,1000,0,1000.0
LTE,216,19.0829,47.5007,1000,0,1000.0
LTE,216,19.0828,47.5004,1000,0,1000.0
NR,216,19.0879,47.4807,1000,0,1000.0
NR,216,19.0824,47.4822,1000,0,1000.0
NR,216,19.0802,47.4838,1000,0,1000.0
LTE,216,18.8709,47.4204,1000,0,1000.0
LTE,216,18.8706,47.4201,1000,0,1000.0
LTE,216,18.8732,47.4185,1000,0,1000.0
LTE,216,19.0329,47.5113,1000,0,1000.0
LTE,216,19.0317,47.5109,1000,0,1000.0
LTE,216,19.0256,47.4849,1000,0,1000.0
LTE,216,19.0381,47.4903,1000,0,1000.0
LTE,216,19.0494,47.4909,1000,0,1000.0
LTE,216,19.058,47.4938,1000,0,1000.0
LTE,216,19.0608,47.4945,1000,0,1000.0
LTE,216,19.0643,47.4954,1000,0,1000.0
LTE,216,19.0668,47.4961,1000,0,1000.0
LTE,216,19.0872,47.5031,1000,0,1000.0
LTE,216,19.1255,47.5298,1000,0,1000.0
LTE,216,19.1293,47.534,578,0,578.0
LTE,216,19.1332,47.5382,1000,0,1000.0
LTE,216,19.1645,47.3735,1665,0,1000.0
LTE,216,19.0714,47.3778,1000,0,1000.0
LTE,216,19.0534,47.3798,853,0,853.0
LTE,216,19.0429,47.3799,1000,0,1000.0
LTE,216,19.0329,47.3794,601,0,601.0
LTE,216,19.022,47.38,1000,0,1000.0
LTE,216,19.0164,47.3837,1000,0,1000.0
LTE,216,19.0095,47.395,1017,0,1000.0
LTE,216,18.9892,47.3995,789,0,789.0
LTE,216,18.9736,47.4019,1000,0,1000.0
LTE,216,18.9781,47.4012,1617,0,1000.0
LTE,216,18.9614,47.4106,1015,0,1000.0
LTE,216,18.9477,47.4198,1000,0,1000.0
LTE,216,18.9489,47.4183,944,0,944.0
LTE,216,18.9258,47.4199,1000,0,1000.0
LTE,216,18.8878,47.4487,3525,0,300.0
LTE,216,18.9028,47.4248,1000,0,1000.0
LTE,216,18.8762,47.4185,1000,0,1000.0
LTE,216,18.8753,47.4183,1000,0,1000.0
LTE,216,18.8753,47.4184,1000,0,1000.0
GSM,216,19.0667,47.4979,1000,0,1000.0
GSM,216,19.0606,47.4965,1000,0,1000.0
LTE,216,19.0118,47.4772,1000,0,1000.0
LTE,216,19.0168,47.4768,1306,0,1000.0
LTE,216,19.0298,47.481,1000,0,1000.0
LTE,216,19.032,47.4804,1000,0,1000.0
LTE,216,19.0297,47.4802,1000,0,1000.0
LTE,216,19.0297,47.4804,1000,0,1000.0
LTE,216,19.0309,47.4804,1000,0,1000.0
LTE,216,19.0347,47.4803,1000,0,1000.0
LTE,216,19.0343,47.4788,1000,0,1000.0
LTE,216,19.0343,47.4794,1000,0,1000.0
LTE,216,19.0362,47.4802,1000,0,1000.0
LTE,216,19.0378,47.4776,1000,0,1000.0
LTE,216,19.1416,47.4374,1000,0,1000.0
LTE,216,19.1357,47.4406,1000,0,1000.0
LTE,216,19.1319,47.443,1000,0,1000.0
LTE,216,19.1189,47.4518,1181,0,1000.0
LTE,216,19.1253,47.4473,1000,0,1000.0
LTE,216,19.1242,47.448,1000,0,1000.0
LTE,216,19.1204,47.4506,1000,0,1000.0
LTE,216,19.112,47.4577,1000,0,1000.0
LTE,216,19.1097,47.4604,1000,0,1000.0
LTE,216,19.1057,47.4649,1000,0,1000.0
LTE,216,19.1038,47.4676,1000,0,1000.0
LTE,216,19.0976,47.4704,536,0,536.0
LTE,216,19.0939,47.4719,1000,0,1000.0
LTE,216,19.0896,47.4702,1000,0,1000.0
LTE,216,19.0612,47.4875,1000,0,1000.0
LTE,216,19.0596,47.488,1000,0,1000.0
LTE,216,19.0574,47.4871,1000,0,1000.0
LTE,216,19.0524,47.4819,1000,0,1000.0
LTE,216,19.051,47.4798,1000,0,1000.0
LTE,216,19.0492,47.4786,1000,0,1000.0
LTE,216,19.0468,47.4777,1000,0,1000.0
LTE,216,19.0448,47.477,1000,0,1000.0
LTE,216,19.043,47.4763,1000,0,1000.0
LTE,216,19.0408,47.4757,1000,0,1000.0
LTE,216,19.038,47.4761,1000,0,1000.0
LTE,216,19.0355,47.4767,1000,0,1000.0
LTE,216,19.0343,47.4766,1000,0,1000.0
LTE,216,19.0302,47.4756,1000,0,1000.0
LTE,216,19.0293,47.4754,1000,0,1000.0
LTE,216,19.0231,47.4735,1000,0,1000.0
LTE,216,19.0185,47.4689,1000,0,1000.0
LTE,216,19.0141,47.4651,1000,0,1000.0
LTE,216,19.0025,47.4615,1198,0,1000.0
LTE,216,18.9905,47.4605,1000,0,1000.0
LTE,216,18.9793,47.4566,635,0,635.0
LTE,216,18.9664,47.4534,1000,0,1000.0
LTE,216,18.9573,47.4516,1000,0,1000.0
LTE,216,18.9621,47.4526,1000,0,1000.0
LTE,216,18.956,47.4523,1000,0,1000.0
LTE,216,18.945,47.4518,717,0,717.0
LTE,216,18.9461,47.4522,1000,0,1000.0
LTE,216,18.9332,47.4521,1000,0,1000.0
LTE,216,18.9315,47.4521,1000,0,1000.0
LTE,216,18.9251,47.4519,1000,0,1000.0
LTE,216,18.9178,47.4518,1000,0,1000.0
LTE,216,18.9038,47.4406,1310,0,1000.0
LTE,216,18.8995,47.4286,1000,0,1000.0
LTE,216,18.8917,47.4293,724,0,724.0
LTE,216,19.0119,47.4774,1000,0,1000.0
LTE,216,19.2264,47.3639,1000,0,1000.0
LTE,216,19.2428,47.37,1000,0,1000.0
LTE,216,19.3075,47.4073,890,0,890.0
LTE,216,19.3035,47.4008,1000,0,1000.0
LTE,216,19.3115,47.4006,1000,0,1000.0
LTE,216,19.3042,47.4077,1409,0,1000.0
LTE,216,19.3297,47.4592,1000,0,1000.0
LTE,216,19.3157,47.4944,1001,0,1000.0
LTE,216,19.3099,47.4962,1000,0,1000.0
LTE,216,19.2881,47.5091,1000,0,1000.0
LTE,216,19.1854,47.551,1035,0,1000.0
LTE,216,19.1739,47.5596,1000,0,1000.0
LTE,216,19.1459,47.599,1000,0,1000.0
LTE,216,19.1639,47.6124,1216,0,1000.0
LTE,216,19.1697,47.6351,1000,0,1000.0
LTE,216,19.1678,47.6392,1000,0,1000.0
LTE,216,18.8573,47.3938,767,0,767.0
LTE,216,18.8651,47.3979,1000,0,1000.0
LTE,216,18.8733,47.4042,1000,0,1000.0
LTE,216,18.8753,47.4074,1000,0,1000.0
LTE,216,18.8798,47.416,500,0,500.0
LTE,216,18.8799,47.4177,1000,0,1000.0
LTE,216,18.876,47.4184,1000,0,1000.0
LTE,216,18.8766,47.4173,1000,0,1000.0
LTE,216,19.0524,47.4795,1000,0,1000.0
LTE,216,19.0931,47.4295,1000,0,1000.0
LTE,216,19.2607,47.4325,1000,0,1000.0
LTE,216,19.2608,47.4321,1000,0,1000.0
LTE,216,18.8896,47.4251,1000,0,1000.0
LTE,216,18.9068,47.4222,1000,0,1000.0
LTE,216,18.9294,47.4193,1132,0,1000.0
LTE,216,18.979,47.3996,1000,0,1000.0
LTE,216,19.0002,47.3998,805,0,805.0
LTE,216,19.0122,47.3938,1000,0,1000.0
LTE,216,19.0169,47.3832,1000,0,1000.0
LTE,216,19.0242,47.3794,1000,0,1000.0
LTE,216,19.0191,47.5557,1000,0,1000.0
LTE,216,18.8532,47.4746,898,0,898.0
LTE,216,18.8684,47.4666,711,0,711.0
LTE,216,18.8794,47.4619,1000,0,1000.0
LTE,216,18.8895,47.4458,1000,0,1000.0
LTE,216,18.8904,47.4439,1000,0,1000.0
LTE,216,18.8873,47.4468,500,0,500.0
LTE,216,19.0504,47.496,1000,0,1000.0
LTE,216,19.0493,47.4969,1000,0,1000.0
UMTS,216,19.0504,47.4967,1000,0,1000.0
UMTS,216,19.052,47.4968,1000,0,1000.0
LTE,216,19.0491,47.4968,1000,0,1000.0
LTE,216,19.0485,47.4971,1000,0,1000.0
UMTS,216,19.2622,47.4307,1000,0,1000.0
LTE,216,19.2607,47.4322,1000,0,1000.0
UMTS,216,19.2648,47.4347,1000,0,1000.0
LTE,216,19.2134,47.4405,1000,0,1000.0
LTE,216,19.1728,47.4873,1000,0,1000.0
LTE,216,19.0938,47.5167,1000,0,1000.0
LTE,216,19.0913,47.5185,1000,0,1000.0
LTE,216,19.0867,47.521,1000,0,1000.0
LTE,216,19.0709,47.5171,1000,0,1000.0
LTE,216,19.0678,47.5158,1000,0,1000.0
LTE,216,19.0669,47.5155,1000,0,1000.0
LTE,216,18.9849,47.3993,1000,0,1000.0
LTE,216,18.9865,47.399,1000,0,1000.0
LTE,216,18.9957,47.3995,1000,0,1000.0
LTE,216,19.0049,47.4,1000,0,1000.0
LTE,216,19.0124,47.3933,1000,0,1000.0
LTE,216,19.0146,47.3861,1000,0,1000.0
LTE,216,19.0305,47.3803,1319,0,1000.0
LTE,216,19.051,47.38,1000,0,1000.0
LTE,216,19.3484,47.4029,1000,0,1000.0
LTE,216,18.8834,47.4546,1000,0,1000.0
LTE,216,18.8818,47.4545,1000,0,1000.0
LTE,216,18.8713,47.4662,1397,0,1000.0
LTE,216,18.8761,47.465,608,0,608.0
LTE,216,18.8511,47.4757,1000,0,1000.0
LTE,216,19.034,47.4785,1000,0,1000.0
LTE,216,19.0238,47.4678,1422,0,1000.0
LTE,216,19.0259,47.4735,1000,0,1000.0
LTE,216,19.0266,47.4753,1000,0,1000.0
LTE,216,18.8921,47.4388,1000,0,1000.0
LTE,216,18.8855,47.4217,1000,0,1000.0
LTE,216,18.8812,47.4179,1000,0,1000.0
LTE,216,18.8804,47.4154,1000,0,1000.0
LTE,216,19.3376,47.3917,1000,0,1000.0
LTE,216,19.3242,47.3926,1000,0,1000.0
LTE,216,19.2564,47.4086,1081,0,1000.0
LTE,216,19.2371,47.4256,835,0,835.0
LTE,216,19.1812,47.4555,1000,0,1000.0
LTE,216,19.164,47.4606,1000,0,1000.0
LTE,216,19.1584,47.4621,1000,0,1000.0
LTE,216,19.1538,47.4632,1000,0,1000.0
LTE,216,19.1503,47.4639,1000,0,1000.0
LTE,216,19.15,47.464,1000,0,1000.0
LTE,216,19.146,47.4649,1000,0,1000.0
LTE,216,19.1394,47.4674,1000,0,1000.0
LTE,216,19.1352,47.4694,1000,0,1000.0
LTE,216,19.1302,47.4721,1000,0,1000.0
LTE,216,19.1253,47.4754,1000,0,1000.0
LTE,216,19.1168,47.4764,1000,0,1000.0
LTE,216,19.1158,47.4768,1000,0,1000.0
LTE,216,19.1068,47.4727,1000,0,1000.0
LTE,216,19.1018,47.4714,1000,0,1000.0
LTE,216,19.097,47.4701,1000,0,1000.0
LTE,216,19.0922,47.4691,1000,0,1000.0
LTE,216,19.0876,47.4685,1000,0,1000.0
LTE,216,19.075,47.4684,1000,0,1000.0
LTE,216,19.0816,47.4682,1000,0,1000.0
LTE,216,19.08,47.4683,1000,0,1000.0
LTE,216,19.0748,47.4683,1000,0,1000.0
LTE,216,19.0663,47.4686,1000,0,1000.0
LTE,216,19.0601,47.4688,1000,0,1000.0
LTE,216,19.0542,47.4694,1000,0,1000.0
LTE,216,19.0485,47.4705,1000,0,1000.0
LTE,216,19.0431,47.4715,1000,0,1000.0
LTE,216,19.0387,47.4724,1000,0,1000.0
LTE,216,19.0363,47.4728,1000,0,1000.0
LTE,216,19.0312,47.4731,1000,0,1000.0
LTE,216,19.0266,47.4726,1000,0,1000.0
LTE,216,19.0218,47.47,500,0,500.0
LTE,216,19.0208,47.4657,1000,0,1000.0
LTE,216,19.0213,47.464,1000,0,1000.0
LTE,216,19.0218,47.4639,1000,0,1000.0
LTE,216,19.1171,47.4887,1000,0,1000.0
LTE,216,19.1316,47.4918,1000,0,1000.0
LTE,216,19.1371,47.4924,1000,0,1000.0
LTE,216,19.3356,47.4938,1000,0,1000.0
LTE,216,19.3474,47.494,1000,0,1000.0
LTE,216,19.0395,47.475,1000,0,1000.0
LTE,216,19.0599,47.4853,1000,0,1000.0
LTE,216,19.0622,47.4836,1000,0,1000.0
LTE,216,19.0688,47.4784,1000,0,1000.0
LTE,216,19.0701,47.4782,1000,0,1000.0
LTE,216,19.0691,47.4812,1000,0,1000.0
LTE,216,19.0597,47.4782,1000,0,1000.0
LTE,216,19.056,47.4821,1000,0,1000.0
LTE,216,19.011,47.4711,1000,0,1000.0
LTE,216,19.0021,47.4709,1000,0,1000.0
LTE,216,19.008,47.4734,1000,0,1000.0
LTE,216,19.01,47.4749,1000,0,1000.0
LTE,216,19.3398,47.6152,692,0,692.0
LTE,216,19.3124,47.6127,1000,0,1000.0
LTE,216,19.3031,47.6106,1000,0,1000.0
LTE,216,19.3005,47.6095,1000,0,1000.0
LTE,216,19.2913,47.6054,1000,0,1000.0
LTE,216,19.2729,47.6008,1093,0,1000.0
LTE,216,19.2697,47.6003,1000,0,1000.0
LTE,216,19.2491,47.5983,1017,0,1000.0
LTE,216,19.2291,47.5928,1002,0,1000.0
LTE,216,19.2212,47.5928,1000,0,1000.0
LTE,216,19.2141,47.5934,1000,0,1000.0
LTE,216,19.1935,47.5924,1264,0,1000.0
LTE,216,19.1827,47.5889,1000,0,1000.0
LTE,216,19.1798,47.5873,1000,0,1000.0
LTE,216,19.1461,47.5679,1180,0,1000.0
LTE,216,19.1373,47.5609,1298,0,1000.0
LTE,216,19.1394,47.5624,1000,0,1000.0
LTE,216,19.1271,47.5535,1000,0,1000.0
LTE,216,19.1203,47.5482,1000,0,1000.0
LTE,216,19.1079,47.539,1000,0,1000.0
LTE,216,19.1009,47.5315,1000,0,1000.0
LTE,216,19.3493,47.4428,1000,0,1000.0
LTE,216,19.35,47.443,1000,0,1000.0
LTE,216,19.1496,47.4629,1000,0,1000.0
LTE,216,19.1514,47.4626,1000,0,1000.0
LTE,216,19.1671,47.462,1000,0,1000.0
LTE,216,19.1764,47.458,1000,0,1000.0
LTE,216,19.182,47.4565,1000,0,1000.0
LTE,216,19.1902,47.4545,500,0,500.0
LTE,216,19.1964,47.4529,1000,0,1000.0
LTE,216,19.2175,47.4415,1000,0,1000.0
LTE,216,19.253,47.4177,1000,0,1000.0
LTE,216,19.2826,47.4153,1000,0,1000.0
LTE,216,19.2966,47.4037,1000,0,1000.0
LTE,216,19.317,47.4397,1779,0,1000.0
LTE,216,19.3115,47.4327,1000,0,1000.0
LTE,216,19.3209,47.441,2196,0,1000.0
LTE,216,18.8695,47.4697,1000,0,1000.0
LTE,216,18.8884,47.445,1680,0,1000.0
LTE,216,18.9036,47.4456,1616,0,1000.0
LTE,216,18.8843,47.4464,1000,0,1000.0
LTE,216,18.8866,47.4442,500,0,500.0
LTE,216,18.8868,47.4459,1000,0,1000.0
LTE,216,18.891,47.4416,1000,0,1000.0
LTE,216,18.8921,47.4352,1000,0,1000.0
LTE,216,18.8892,47.4261,551,0,551.0
LTE,216,19.0776,47.5017,1000,0,1000.0
LTE,216,19.285,47.3936,4513,0,300.0
LTE,216,19.3185,47.4327,1159,0,1000.0
LTE,216,19.1687,47.6322,1000,0,1000.0
LTE,216,19.1684,47.6217,1000,0,1000.0
LTE,216,19.1512,47.6007,1000,0,1000.0
LTE,216,19.0838,47.4885,1000,0,1000.0
LTE,216,19.0847,47.4878,1000,0,1000.0
LTE,216,19.0872,47.5079,1000,0,1000.0
LTE,216,18.867,47.399,1000,0,1000.0
LTE,216,18.8646,47.3972,1000,0,1000.0
LTE,216,18.8703,47.4014,1000,0,1000.0
LTE,216,18.8773,47.4094,1000,0,1000.0
LTE,216,18.8806,47.4159,1000,0,1000.0
LTE,216,18.8847,47.4645,1000,0,1000.0
LTE,216,18.8928,47.4621,1000,0,1000.0
LTE,216,18.9021,47.4585,664,0,664.0
LTE,216,18.9075,47.453,1000,0,1000.0
LTE,216,18.9082,47.4471,907,0,907.0
LTE,216,18.8958,47.4319,1000,0,1000.0
LTE,216,18.8843,47.4203,1000,0,1000.0
LTE,216,18.8803,47.4156,1000,0,1000.0
LTE,216,18.8754,47.4184,1000,0,1000.0
LTE,216,18.8577,47.4701,1000,0,1000.0
LTE,216,18.8568,47.4703,1000,0,1000.0
LTE,216,18.8773,47.458,1000,0,1000.0
LTE,216,18.9077,47.4501,1000,0,1000.0
LTE,216,18.9278,47.452,1000,0,1000.0
LTE,216,18.9344,47.4516,1000,0,1000.0
LTE,216,18.9379,47.4513,1000,0,1000.0
LTE,216,18.9458,47.4507,1000,0,1000.0
LTE,216,18.9523,47.4499,1000,0,1000.0
LTE,216,18.9606,47.448,1000,0,1000.0
LTE,216,18.9699,47.4475,1000,0,1000.0
LTE,216,18.9723,47.4472,1000,0,1000.0
LTE,216,18.9748,47.447,1000,0,1000.0
LTE,216,18.9794,47.4471,1000,0,1000.0
LTE,216,18.977,47.4471,1000,0,1000.0
LTE,216,18.9799,47.4473,1000,0,1000.0
LTE,216,18.9864,47.4469,1000,0,1000.0
LTE,216,18.9934,47.4475,1000,0,1000.0
LTE,216,19.0177,47.4634,1000,0,1000.0
LTE,216,19.0234,47.4634,1000,0,1000.0
LTE,216,19.0219,47.4649,1000,0,1000.0
LTE,216,19.2817,47.4158,1000,0,1000.0
LTE,216,19.2617,47.4214,1000,0,1000.0
LTE,216,19.2545,47.4183,1000,0,1000.0
LTE,216,19.1623,47.4616,1000,0,1000.0
LTE,216,19.1319,47.4649,1000,0,1000.0
LTE,216,19.0697,47.4688,1000,0,1000.0
LTE,216,19.0623,47.4702,1000,0,1000.0
LTE,216,19.0625,47.4701,1000,0,1000.0
LTE,216,19.0337,47.4782,1000,0,1000.0
LTE,216,19.1352,47.5957,1000,0,1000.0
LTE,216,19.0675,47.6232,577,0,577.0
LTE,216,19.0693,47.6342,1261,0,1000.0
LTE,216,19.0682,47.6364,1178,0,1000.0
LTE,216,19.0716,47.6125,1000,0,1000.0
LTE,216,19.1768,47.5464,1000,0,1000.0
LTE,216,19.2008,47.5364,1000,0,1000.0
GSM,216,19.1624,47.5263,1000,0,1000.0
GSM,216,19.1526,47.5289,1000,0,1000.0
LTE,216,19.0639,47.526,1000,0,1000.0
LTE,216,19.0635,47.5247,1000,0,1000.0
LTE,216,19.0645,47.5237,1000,0,1000.0
LTE,216,19.0674,47.5224,1000,0,1000.0
LTE,216,19.0704,47.5245,1000,0,1000.0
LTE,216,19.0732,47.5257,1000,0,1000.0
LTE,216,19.0753,47.5266,1000,0,1000.0
LTE,216,19.3134,47.4648,1000,0,1000.0
LTE,216,19.1684,47.529,1000,0,1000.0
LTE,216,19.1751,47.532,1000,0,1000.0
LTE,216,19.174,47.5315,1000,0,1000.0
LTE,216,19.1841,47.5337,1000,0,1000.0
LTE,216,19.1863,47.5328,1000,0,1000.0
LTE,216,19.1936,47.5296,1000,0,1000.0
LTE,216,19.1973,47.528,1000,0,1000.0
LTE,216,19.2027,47.5257,1000,0,1000.0
LTE,216,19.212,47.5227,1000,0,1000.0
LTE,216,19.2078,47.5237,1000,0,1000.0
LTE,216,19.213,47.5224,1000,0,1000.0
LTE,216,19.2236,47.519,1000,0,1000.0
LTE,216,19.2321,47.5176,1000,0,1000.0
LTE,216,19.2845,47.4861,1000,0,1000.0
LTE,216,19.2963,47.4668,1000,0,1000.0
LTE,216,19.2971,47.4646,1000,0,1000.0
LTE,216,19.2982,47.4622,1000,0,1000.0
LTE,216,19.2993,47.4601,1000,0,1000.0
LTE,216,19.1083,47.5496,1000,0,1000.0
LTE,216,19.1111,47.5462,1000,0,1000.0
LTE,216,19.1084,47.5529,1000,0,1000.0
LTE,216,19.1076,47.5537,1000,0,1000.0
LTE,216,19.1085,47.5533,1000,0,1000.0
LTE,216,19.1011,47.5551,1000,0,1000.0
LTE,216,19.0971,47.5553,1000,0,1000.0
LTE,216,19.0833,47.5458,1000,0,1000.0
LTE,216,19.0783,47.5422,1000,0,1000.0
LTE,216,19.0764,47.5384,1000,0,1000.0
LTE,216,19.0754,47.5369,1000,0,1000.0
LTE,216,19.0743,47.5371,1000,0,1000.0
GSM,216,19.038,47.5323,1000,0,1000.0
LTE,216,19.0838,47.5217,1000,0,1000.0
GSM,216,19.0892,47.609,1000,0,1000.0
GSM,216,19.0151,47.6492,1000,0,1000.0
LTE,216,19.1293,47.5984,1000,0,1000.0
LTE,216,19.0853,47.534,1000,0,1000.0
LTE,216,19.0755,47.5311,1000,0,1000.0
LTE,216,19.2968,47.3949,1000,0,1000.0
LTE,216,19.2094,47.4459,1000,0,1000.0
LTE,216,19.1809,47.4555,1000,0,1000.0
LTE,216,19.1482,47.4642,1000,0,1000.0
LTE,216,19.1439,47.4656,1000,0,1000.0
LTE,216,19.1377,47.4681,1000,0,1000.0
LTE,216,19.1341,47.47,1000,0,1000.0
LTE,216,19.1312,47.4714,1000,0,1000.0
LTE,216,19.127,47.4741,1000,0,1000.0
LTE,216,19.1191,47.4767,1000,0,1000.0
LTE,216,19.1166,47.4773,1000,0,1000.0
LTE,216,19.1102,47.4738,1000,0,1000.0
LTE,216,19.1063,47.4725,1000,0,1000.0
LTE,216,19.1036,47.4718,1000,0,1000.0
LTE,216,19.0904,47.4687,1000,0,1000.0
LTE,216,19.0773,47.4682,1000,0,1000.0
LTE,216,19.0651,47.4686,1000,0,1000.0
LTE,216,19.0592,47.4687,1000,0,1000.0
LTE,216,19.0484,47.4705,1000,0,1000.0
LTE,216,19.0409,47.4719,1000,0,1000.0
LTE,216,19.025,47.4609,1000,0,1000.0
LTE,216,19.0233,47.4582,1000,0,1000.0
LTE,216,19.0234,47.4557,1000,0,1000.0
LTE,216,19.0215,47.4542,1000,0,1000.0
LTE,216,19.0194,47.4542,1000,0,1000.0
LTE,216,19.018,47.4537,1000,0,1000.0
LTE,216,19.0157,47.4524,1000,0,1000.0
LTE,216,18.9942,47.456,1000,0,1000.0
LTE,216,18.9931,47.4622,1000,0,1000.0
LTE,216,18.9891,47.4586,1000,0,1000.0
LTE,216,18.9891,47.4602,1000,0,1000.0
LTE,216,18.96,47.4524,1000,0,1000.0
LTE,216,18.9574,47.453,1000,0,1000.0
LTE,216,18.9559,47.4527,1000,0,1000.0
GSM,216,18.9207,47.4482,2695,0,1000.0
GSM,216,18.9045,47.4414,1000,0,1000.0
GSM,216,18.9076,47.4445,1000,0,1000.0
GSM,216,18.9022,47.439,1000,0,1000.0
GSM,216,18.8986,47.4352,1000,0,1000.0
LTE,216,18.8964,47.4332,1000,0,1000.0
LTE,216,18.8755,47.4182,1000,0,1000.0
GSM,216,19.0615,47.5667,1000,0,1000.0
GSM,216,19.0389,47.5911,1000,0,1000.0
LTE,216,19.0137,47.4645,1000,0,1000.0
LTE,216,19.0019,47.466,1000,0,1000.0
LTE,216,18.9999,47.4672,1000,0,1000.0
LTE,216,18.9962,47.4692,1000,0,1000.0
LTE,216,18.9933,47.4719,1000,0,1000.0
LTE,216,18.9921,47.4734,1000,0,1000.0
LTE,216,18.9933,47.4742,1000,0,1000.0
LTE,216,18.9956,47.4739,1000,0,1000.0
LTE,216,18.9983,47.4725,1000,0,1000.0
LTE,216,19.0049,47.4667,1000,0,1000.0
LTE,216,19.0036,47.4625,1000,0,1000.0
LTE,216,18.947,47.4523,970,0,970.0
LTE,216,18.8974,47.4343,1000,0,1000.0
LTE,216,19.132,47.4651,1000,0,1000.0
LTE,216,19.0597,47.4697,1000,0,1000.0
LTE,216,19.131,47.5392,1000,0,1000.0
LTE,216,19.1302,47.5378,1000,0,1000.0
LTE,216,19.1219,47.5421,1000,0,1000.0
LTE,216,19.1016,47.5547,1000,0,1000.0
LTE,216,19.0999,47.5517,1000,0,1000.0
LTE,216,19.1001,47.552,1000,0,1000.0
LTE,216,19.0991,47.5502,1000,0,1000.0
LTE,216,19.0961,47.5465,1000,0,1000.0
LTE,216,19.0879,47.5467,1000,0,1000.0
LTE,216,19.0842,47.5474,1000,0,1000.0
LTE,216,19.0901,47.5462,1000,0,1000.0
LTE,216,19.0797,47.5484,1000,0,1000.0
LTE,216,19.0771,47.5488,1000,0,1000.0
LTE,216,19.0762,47.5505,1000,0,1000.0
LTE,216,19.0754,47.5485,1000,0,1000.0
LTE,216,19.0749,47.5483,1000,0,1000.0
LTE,216,19.0734,47.5481,1000,0,1000.0
LTE,216,19.0722,47.5462,1000,0,1000.0
LTE,216,19.0705,47.5415,1000,0,1000.0
LTE,216,19.0693,47.5388,1000,0,1000.0
LTE,216,19.0673,47.5348,1000,0,1000.0
LTE,216,19.0627,47.5352,1000,0,1000.0
LTE,216,19.0456,47.5397,1000,0,1000.0
LTE,216,19.042,47.54,1000,0,1000.0
LTE,216,19.0411,47.5396,1000,0,1000.0
LTE,216,19.0398,47.5342,1000,0,1000.0
LTE,216,19.0398,47.533,1000,0,1000.0
LTE,216,19.0691,47.5309,1000,0,1000.0
LTE,216,19.1079,47.5167,1000,0,1000.0
LTE,216,19.1153,47.5217,1000,0,1000.0
LTE,216,19.1263,47.5304,1000,0,1000.0
LTE,216,19.1361,47.5339,1000,0,1000.0
LTE,216,19.1363,47.5355,1000,0,1000.0
LTE,216,19.1356,47.5354,1000,0,1000.0
LTE,216,19.1404,47.5346,1000,0,1000.0
LTE,216,19.1469,47.531,500,0,500.0
LTE,216,19.1514,47.5294,1000,0,1000.0
LTE,216,19.1557,47.5319,500,0,500.0
LTE,216,19.1589,47.5342,1000,0,1000.0
LTE,216,19.1609,47.5358,1000,0,1000.0
LTE,216,19.1633,47.5382,1000,0,1000.0
LTE,216,19.2068,47.5432,1000,0,1000.0
LTE,216,19.2178,47.537,702,0,702.0
LTE,216,19.2284,47.5321,1000,0,1000.0
LTE,216,19.2439,47.533,912,0,912.0
LTE,216,19.2506,47.5316,1271,0,1000.0
LTE,216,19.2475,47.5393,1000,0,1000.0
LTE,216,19.2609,47.5161,627,0,627.0
LTE,216,19.2961,47.4955,2908,0,1000.0
LTE,216,19.2819,47.5093,1000,0,1000.0
LTE,216,19.2853,47.5092,1000,0,1000.0
LTE,216,19.3022,47.5058,863,0,863.0
LTE,216,19.3286,47.4729,3003,0,300.0
LTE,216,19.3128,47.4877,952,0,952.0
LTE,216,19.3183,47.4817,1000,0,1000.0
LTE,216,19.326,47.464,1000,0,1000.0
LTE,216,19.3233,47.4642,500,0,500.0
LTE,216,19.3142,47.4645,500,0,500.0
LTE,216,19.3136,47.4643,1000,0,1000.0
LTE,216,19.3129,47.4652,1000,0,1000.0
LTE,216,19.3129,47.4657,1000,0,1000.0
LTE,216,19.3132,47.4648,1000,0,1000.0
LTE,216,19.3134,47.4651,1000,0,1000.0
LTE,216,19.3136,47.4647,1000,0,1000.0
LTE,216,19.3136,47.4649,1000,0,1000.0
LTE,216,19.3136,47.465,1000,0,1000.0
GSM,216,19.3136,47.4649,1000,0,1000.0
LTE,216,19.3137,47.4648,1000,0,1000.0
LTE,216,19.3136,47.4648,1000,0,1000.0
LTE,216,18.8692,47.4667,1000,0,1000.0
LTE,216,18.8654,47.4685,1000,0,1000.0
GSM,216,19.0192,47.5558,1000,0,1000.0
LTE,216,18.8615,47.4703,1000,0,1000.0
LTE,216,18.8792,47.4585,1388,0,1000.0
LTE,216,18.884,47.4531,1045,0,1000.0
LTE,216,18.8909,47.4422,1000,0,1000.0
LTE,216,18.8922,47.4349,1000,0,1000.0
LTE,216,18.884,47.42,1000,0,1000.0
LTE,216,18.8819,47.417,1000,0,1000.0
LTE,216,19.3363,47.4574,1000,0,1000.0
LTE,216,19.3374,47.4572,1000,0,1000.0
LTE,216,19.0596,47.4692,1000,0,1000.0
LTE,216,19.1149,47.5247,1000,0,1000.0
LTE,216,19.1135,47.5235,1000,0,1000.0
LTE,216,19.1103,47.5206,1000,0,1000.0
LTE,216,19.11,47.5203,1000,0,1000.0
LTE,216,19.0517,47.5381,1000,0,1000.0
LTE,216,19.0673,47.5336,1000,0,1000.0
LTE,216,19.0688,47.537,1000,0,1000.0
LTE,216,19.071,47.5426,1000,0,1000.0
LTE,216,19.0717,47.5444,1000,0,1000.0
LTE,216,19.072,47.5451,1000,0,1000.0
LTE,216,19.0724,47.5461,1000,0,1000.0
LTE,216,19.0729,47.5475,1000,0,1000.0
LTE,216,19.0739,47.5503,1000,0,1000.0
LTE,216,19.0795,47.566,1000,0,1000.0
LTE,216,19.0805,47.5696,1000,0,1000.0
LTE,216,19.0802,47.5682,1000,0,1000.0
LTE,216,19.082,47.5734,1000,0,1000.0
LTE,216,19.0873,47.579,1000,0,1000.0
LTE,216,19.0949,47.5857,1000,0,1000.0
LTE,216,19.1037,47.5912,1000,0,1000.0
LTE,216,19.108,47.5957,675,0,675.0
LTE,216,19.1064,47.5938,1000,0,1000.0
LTE,216,19.1081,47.597,1000,0,1000.0
LTE,216,19.1124,47.5993,1000,0,1000.0
LTE,216,19.1135,47.6059,1000,0,1000.0
LTE,216,19.1161,47.6065,1000,0,1000.0
LTE,216,19.1209,47.6044,1000,0,1000.0
LTE,216,19.1625,47.5381,1000,0,1000.0
LTE,216,19.1555,47.5318,1000,0,1000.0
LTE,216,19.1446,47.5322,1000,0,1000.0
LTE,216,19.1462,47.5312,1000,0,1000.0
LTE,216,19.1397,47.535,1000,0,1000.0
LTE,216,19.1363,47.5353,1000,0,1000.0
LTE,216,19.1523,47.5295,1000,0,1000.0
LTE,216,19.1612,47.536,1000,0,1000.0
LTE,216,19.2499,47.5301,1000,0,1000.0
LTE,216,19.2545,47.5241,1000,0,1000.0
LTE,216,19.2941,47.5087,1000,0,1000.0
LTE,216,19.3083,47.5003,1000,0,1000.0
LTE,216,19.3103,47.4932,1000,0,1000.0
LTE,216,19.3317,47.4646,1000,0,1000.0
LTE,216,19.3306,47.4629,1000,0,1000.0
LTE,216,19.3297,47.4632,1000,0,1000.0
LTE,216,19.3296,47.4638,1000,0,1000.0
LTE,216,19.2859,47.4053,1000,0,1000.0
LTE,216,19.3079,47.428,1000,0,1000.0
NR,216,19.0192,47.5558,1000,0,1000.0
NR,216,19.0192,47.5557,1000,0,1000.0
NR,216,19.0191,47.5557,1000,0,1000.0
